state_code,state_name,mother_tongue_code,mother_tongue_name,population_2011,rural_population_2011,urban_population_2011
01,JAMMU & KASHMIR,001000,1 ASSAMESE,8340,2554,5786
01,JAMMU & KASHMIR,001002,Assamese,7842,2113,5729
01,JAMMU & KASHMIR,001999,1 Others,498,441,57
01,JAMMU & KASHMIR,002000,2 BENGALI,19830,6984,12846
01,JAMMU & KASHMIR,002007,Bengali,19811,6972,12839
01,JAMMU & KASHMIR,002011,Chakma,12,6,6
01,JAMMU & KASHMIR,002015,Haijong/Hajong,4,3,1
01,JAMMU & KASHMIR,002044,Rajbangsi,1,1,0
01,JAMMU & KASHMIR,002999,2 Others,2,2,0
01,JAMMU & KASHMIR,003000,3 BODO,508,121,387
01,JAMMU & KASHMIR,003001,Bodo/Boro,485,120,365
01,JAMMU & KASHMIR,003003,Kachari,23,1,22
01,JAMMU & KASHMIR,004000,4 DOGRI,2513712,1860897,652815
01,JAMMU & KASHMIR,004001,Dogri,2513712,1860897,652815
01,JAMMU & KASHMIR,005000,5 GUJARATI,19261,9426,9835
01,JAMMU & KASHMIR,005018,Gujarati,5428,1916,3512
01,JAMMU & KASHMIR,005052,Pattani,47,37,10
01,JAMMU & KASHMIR,005054,Ponchi,13689,7442,6247
01,JAMMU & KASHMIR,005057,Saurashtra/Saurashtri,1,0,1
01,JAMMU & KASHMIR,005999,5 Others,96,31,65
01,JAMMU & KASHMIR,006000,6 HINDI,2612631,2260826,351805
01,JAMMU & KASHMIR,006030,Awadhi,214,130,84
01,JAMMU & KASHMIR,006040,Baghati/Baghati Pahari,6,6,0
01,JAMMU & KASHMIR,006042,Bagheli/Baghel Khandi,14,2,12
01,JAMMU & KASHMIR,006066,Banjari,3,2,1
01,JAMMU & KASHMIR,006086,Bhadrawahi,98196,90100,8096
01,JAMMU & KASHMIR,006096,Bharmauri/Gaddi,24161,23796,365
01,JAMMU & KASHMIR,006102,Bhojpuri,8824,1847,6977
01,JAMMU & KASHMIR,006123,Brajbhasha,99,36,63
01,JAMMU & KASHMIR,006125,Bundeli/Bundel khandi,1354,327,1027
01,JAMMU & KASHMIR,006133,Chambeali/Chamrali,71,62,9
01,JAMMU & KASHMIR,006142,Chhattisgarhi,9326,3544,5782
01,JAMMU & KASHMIR,006149,Churahi,1,1,0
01,JAMMU & KASHMIR,006173,Dhundhari,2098,2084,14
01,JAMMU & KASHMIR,006195,Garhwali,1544,471,1073
01,JAMMU & KASHMIR,006207,Gojri/Gujjari/Gujar,1135196,1089888,45308
01,JAMMU & KASHMIR,006232,Hara/Harauti,4,0,4
01,JAMMU & KASHMIR,006235,Haryanvi,11176,9454,1722
01,JAMMU & KASHMIR,006240,Hindi,304195,117071,187124
01,JAMMU & KASHMIR,006265,Jaunpuri/Jaunsari,3,1,2
01,JAMMU & KASHMIR,006291,Kangri,49,25,24
01,JAMMU & KASHMIR,006311,Khari Boli,98,46,52
01,JAMMU & KASHMIR,006320,Khortha/Khotta,55,16,39
01,JAMMU & KASHMIR,006336,Kulvi,7,2,5
01,JAMMU & KASHMIR,006340,Kumauni,2096,1504,592
01,JAMMU & KASHMIR,006353,Lamani/Lambadi,69,68,1
01,JAMMU & KASHMIR,006376,Magadhi/Magahi,1215,1145,70
01,JAMMU & KASHMIR,006391,Malvi,17,2,15
01,JAMMU & KASHMIR,006394,Mandeali,17,7,10
01,JAMMU & KASHMIR,006400,Marwari,359,159,200
01,JAMMU & KASHMIR,006409,Mewati,43,6,37
01,JAMMU & KASHMIR,006420,Nagpuria,55,41,14
01,JAMMU & KASHMIR,006432,Nimadi,5,0,5
01,JAMMU & KASHMIR,006438,Padari,17265,17240,25
01,JAMMU & KASHMIR,006439,Pahari,977860,893635,84225
01,JAMMU & KASHMIR,006451,Panch Pargania,1,0,1
01,JAMMU & KASHMIR,006466,Pawari/Powari,1,0,1
01,JAMMU & KASHMIR,006476,Puran/Puran Bhasha,2,2,0
01,JAMMU & KASHMIR,006489,Rajasthani,3961,864,3097
01,JAMMU & KASHMIR,006503,Sadan/Sadri,298,215,83
01,JAMMU & KASHMIR,006530,Sirmauri,19,15,4
01,JAMMU & KASHMIR,006547,Surgujia,2,0,2
01,JAMMU & KASHMIR,006548,Surjapuri,41,11,30
01,JAMMU & KASHMIR,006999,6 Others,12611,7001,5610
01,JAMMU & KASHMIR,007000,7 KANNADA,6953,2375,4578
01,JAMMU & KASHMIR,007002,Badaga,3,3,0
01,JAMMU & KASHMIR,007016,Kannada,6911,2364,4547
01,JAMMU & KASHMIR,007999,7 Others,39,8,31
01,JAMMU & KASHMIR,008000,8 KASHMIRI,6680837,4541073,2139764
01,JAMMU & KASHMIR,008005,Kashmiri,6486219,4356167,2130052
01,JAMMU & KASHMIR,008010,Kishtwari,39636,36523,3113
01,JAMMU & KASHMIR,008018,Siraji,77362,72700,4662
01,JAMMU & KASHMIR,008019,Dardi,24956,23723,1233
01,JAMMU & KASHMIR,008999,8 Others,52664,51960,704
01,JAMMU & KASHMIR,009000,9 KONKANI,79,28,51
01,JAMMU & KASHMIR,009011,Konkani,62,24,38
01,JAMMU & KASHMIR,009016,Malwani,12,0,12
01,JAMMU & KASHMIR,009999,9 Others,5,4,1
01,JAMMU & KASHMIR,010000,10 MAITHILI,897,315,582
01,JAMMU & KASHMIR,010008,Maithili,734,235,499
01,JAMMU & KASHMIR,010011,Purbi Maithili,65,57,8
01,JAMMU & KASHMIR,010013,Thati,98,23,75
01,JAMMU & KASHMIR,011000,11 MALAYALAM,11248,3732,7516
01,JAMMU & KASHMIR,011016,Malayalam,11012,3496,7516
01,JAMMU & KASHMIR,011999,11 Others,236,236,0
01,JAMMU & KASHMIR,012000,12 MANIPURI,2370,1154,1216
01,JAMMU & KASHMIR,012003,Manipuri,2367,1151,1216
01,JAMMU & KASHMIR,012999,12 Others,3,3,0
01,JAMMU & KASHMIR,013000,13 MARATHI,23006,8183,14823
01,JAMMU & KASHMIR,013060,Koli,55,55,0
01,JAMMU & KASHMIR,013071,Marathi,22940,8118,14822
01,JAMMU & KASHMIR,013999,13 Others,11,10,1
01,JAMMU & KASHMIR,014000,14 NEPALI,22138,16319,5819
01,JAMMU & KASHMIR,014011,Nepali,22014,16199,5815
01,JAMMU & KASHMIR,014999,14 Others,124,120,4
01,JAMMU & KASHMIR,015000,15 ODIA,9553,2641,6912
01,JAMMU & KASHMIR,015007,Bhuiya/Bhuyan[Ori],1,0,1
01,JAMMU & KASHMIR,015014,Desia,5,1,4
01,JAMMU & KASHMIR,015043,Odia,9529,2634,6895
01,JAMMU & KASHMIR,015058,Sambalpuri,2,1,1
01,JAMMU & KASHMIR,015999,15 Others,16,5,11
01,JAMMU & KASHMIR,016000,16 PUNJABI,219193,92595,126598
01,JAMMU & KASHMIR,016002,Bagri,41,6,35
01,JAMMU & KASHMIR,016005,Bhateali,19,16,3
01,JAMMU & KASHMIR,016006,Bilaspuri Kahluri,21,21,0
01,JAMMU & KASHMIR,016038,Punjabi,218958,92419,126539
01,JAMMU & KASHMIR,016999,16 Others,154,133,21
01,JAMMU & KASHMIR,017000,17 SANSKRIT,30,4,26
01,JAMMU & KASHMIR,017002,Sanskrit,30,4,26
01,JAMMU & KASHMIR,018000,18 SANTALI,225,119,106
01,JAMMU & KASHMIR,018040,Santali,221,118,103
01,JAMMU & KASHMIR,018999,18 Others,4,1,3
01,JAMMU & KASHMIR,019000,19 SINDHI,19,2,17
01,JAMMU & KASHMIR,019008,Kachchhi,4,0,4
01,JAMMU & KASHMIR,019014,Sindhi,13,0,13
01,JAMMU & KASHMIR,019999,19 Others,2,2,0
01,JAMMU & KASHMIR,020000,20 TAMIL,14728,4532,10196
01,JAMMU & KASHMIR,020027,Tamil,14694,4500,10194
01,JAMMU & KASHMIR,020999,20 Others,34,32,2
01,JAMMU & KASHMIR,021000,21 TELUGU,13970,4197,9773
01,JAMMU & KASHMIR,021046,Telugu,13948,4192,9756
01,JAMMU & KASHMIR,021999,21 Others,22,5,17
01,JAMMU & KASHMIR,022000,22 URDU,19956,8609,11347
01,JAMMU & KASHMIR,022015,Urdu,19338,8046,11292
01,JAMMU & KASHMIR,022999,22 Others,618,563,55
01,JAMMU & KASHMIR,023000,23 ADI,16,4,12
01,JAMMU & KASHMIR,023003,Adi,10,2,8
01,JAMMU & KASHMIR,023006,Adi Gallong/Gallong,3,0,3
01,JAMMU & KASHMIR,023040,Talgalo,1,0,1
01,JAMMU & KASHMIR,023999,23 Others,2,2,0
01,JAMMU & KASHMIR,024000,24 AFGHANI/KABULI/PASHTO,17942,12684,5258
01,JAMMU & KASHMIR,024001,Afghani/Kabuli/Pashto,17927,12683,5244
01,JAMMU & KASHMIR,024999,24 Others,15,1,14
01,JAMMU & KASHMIR,025000,25 ANAL,17,6,11
01,JAMMU & KASHMIR,025001,Anal,17,6,11
01,JAMMU & KASHMIR,027000,27 AO,23,11,12
01,JAMMU & KASHMIR,027001,Ao,22,10,12
01,JAMMU & KASHMIR,027003,Chungli,1,1,0
01,JAMMU & KASHMIR,028000,28 ARABIC/ARBI,181,174,7
01,JAMMU & KASHMIR,028001,Arabic/Arbi,181,174,7
01,JAMMU & KASHMIR,029000,29 BALTI,12399,10944,1455
01,JAMMU & KASHMIR,029002,Balti,12398,10944,1454
01,JAMMU & KASHMIR,029999,29 Others,1,0,1
01,JAMMU & KASHMIR,030000,30 BHILI/BHILODI,988,923,65
01,JAMMU & KASHMIR,030007,Bhili/Bhilodi,2,0,2
01,JAMMU & KASHMIR,030011,Chodhari,35,35,0
01,JAMMU & KASHMIR,030015,Dhodia,5,0,5
01,JAMMU & KASHMIR,030035,Kokna/Kokni/Kukna,8,4,4
01,JAMMU & KASHMIR,030066,Paradhi,4,0,4
01,JAMMU & KASHMIR,030073,Tadavi,2,2,0
01,JAMMU & KASHMIR,030078,Wagdi,1,0,1
01,JAMMU & KASHMIR,030999,30 Others,931,882,49
01,JAMMU & KASHMIR,031000,31 BHOTIA,107451,83559,23892
01,JAMMU & KASHMIR,031001,Bhotia,324,320,4
01,JAMMU & KASHMIR,031011,Bauti,99974,76933,23041
01,JAMMU & KASHMIR,031999,31 Others,7153,6306,847
01,JAMMU & KASHMIR,032000,32 BHUMIJ,1,1,0
01,JAMMU & KASHMIR,032999,32 Others,1,1,0
01,JAMMU & KASHMIR,033000,33 BISHNUPURIYA,17,13,4
01,JAMMU & KASHMIR,033003,Bishnupriya Manipuri/Manipuri Bishnupriya,6,2,4
01,JAMMU & KASHMIR,033999,33 Others,11,11,0
01,JAMMU & KASHMIR,034000,34 CHAKHESANG,1,0,1
01,JAMMU & KASHMIR,034001,Chakhesang,1,0,1
01,JAMMU & KASHMIR,036000,36 CHANG,1,1,0
01,JAMMU & KASHMIR,036001,Chang,1,1,0
01,JAMMU & KASHMIR,037000,37 COORGI/KODAGU,10,4,6
01,JAMMU & KASHMIR,037001,Coorgi/Kodagu,10,4,6
01,JAMMU & KASHMIR,038000,38 DEORI,1,0,1
01,JAMMU & KASHMIR,038001,Deori,1,0,1
01,JAMMU & KASHMIR,039000,39 DIMASA,4,2,2
01,JAMMU & KASHMIR,039002,Dimasa,4,2,2
01,JAMMU & KASHMIR,040000,40 ENGLISH,967,483,484
01,JAMMU & KASHMIR,040001,English,967,483,484
01,JAMMU & KASHMIR,042000,42 GANGTE,24,4,20
01,JAMMU & KASHMIR,042001,Gangte,24,4,20
01,JAMMU & KASHMIR,043000,43 GARO,46,17,29
01,JAMMU & KASHMIR,043005,Garo,44,15,29
01,JAMMU & KASHMIR,043999,43 Others,2,2,0
01,JAMMU & KASHMIR,044000,44 GONDI,167,153,14
01,JAMMU & KASHMIR,044007,Gondi,2,0,2
01,JAMMU & KASHMIR,044013,Kalari,142,142,0
01,JAMMU & KASHMIR,044999,44 Others,23,11,12
01,JAMMU & KASHMIR,046000,46 HALAM,8,2,6
01,JAMMU & KASHMIR,046003,Halam,6,1,5
01,JAMMU & KASHMIR,046999,46 Others,2,1,1
01,JAMMU & KASHMIR,047000,47 HMAR,24,14,10
01,JAMMU & KASHMIR,047001,Hmar,24,14,10
01,JAMMU & KASHMIR,048000,48 HO,28,12,16
01,JAMMU & KASHMIR,048004,Ho,26,11,15
01,JAMMU & KASHMIR,048007,Lohara,2,1,1
01,JAMMU & KASHMIR,051000,51 KABUI,12,7,5
01,JAMMU & KASHMIR,051003,Kabui,4,0,4
01,JAMMU & KASHMIR,051005,Rongmei,8,7,1
01,JAMMU & KASHMIR,052000,52 KARBI/MIKIR,6,1,5
01,JAMMU & KASHMIR,052002,Karbi/Mikir,6,1,5
01,JAMMU & KASHMIR,053000,53 KHANDESHI,34862,32948,1914
01,JAMMU & KASHMIR,053002,Ahirani,1,0,1
01,JAMMU & KASHMIR,053004,Dangi,1,1,0
01,JAMMU & KASHMIR,053005,Gujari,34858,32946,1912
01,JAMMU & KASHMIR,053999,53 Others,2,1,1
01,JAMMU & KASHMIR,054000,54 KHARIA,14,1,13
01,JAMMU & KASHMIR,054005,Kharia,12,1,11
01,JAMMU & KASHMIR,054999,54 Others,2,0,2
01,JAMMU & KASHMIR,055000,55 KHASI,1350,1216,134
01,JAMMU & KASHMIR,055007,Khasi,1350,1216,134
01,JAMMU & KASHMIR,056000,56 KHEZHA,18,6,12
01,JAMMU & KASHMIR,056999,56 Others,18,6,12
01,JAMMU & KASHMIR,057000,57 KHIEMNUNGAN,6,1,5
01,JAMMU & KASHMIR,057001,Khiemnungan,6,1,5
01,JAMMU & KASHMIR,059000,59 KINNAURI,237,165,72
01,JAMMU & KASHMIR,059003,Kinnauri,234,164,70
01,JAMMU & KASHMIR,059999,59 Others,3,1,2
01,JAMMU & KASHMIR,060000,60 KISAN,1,0,1
01,JAMMU & KASHMIR,060002,Kisan,1,0,1
01,JAMMU & KASHMIR,062000,62 KODA/KORA,1,0,1
01,JAMMU & KASHMIR,062003,Koda/Kora,1,0,1
01,JAMMU & KASHMIR,064000,64 KOM,11,4,7
01,JAMMU & KASHMIR,064001,Kom,11,4,7
01,JAMMU & KASHMIR,065000,65 KONDA,7,6,1
01,JAMMU & KASHMIR,065003,Konda,7,6,1
01,JAMMU & KASHMIR,066000,66 KONYAK,4,3,1
01,JAMMU & KASHMIR,066001,Konyak,4,3,1
01,JAMMU & KASHMIR,067000,67 KORKU,3,0,3
01,JAMMU & KASHMIR,067001,Korku,3,0,3
01,JAMMU & KASHMIR,071000,71 KUKI,242,164,78
01,JAMMU & KASHMIR,071008,Kuki,235,157,78
01,JAMMU & KASHMIR,071999,71 Others,7,7,0
01,JAMMU & KASHMIR,072000,72 KURUKH/ORAON,321,163,158
01,JAMMU & KASHMIR,072024,Kurukh/Oraon,215,57,158
01,JAMMU & KASHMIR,072999,72 Others,106,106,0
01,JAMMU & KASHMIR,073000,73 LADAKHI,7638,4739,2899
01,JAMMU & KASHMIR,073003,Ladakhi,7638,4739,2899
01,JAMMU & KASHMIR,074000,74 LAHAULI,7,4,3
01,JAMMU & KASHMIR,074002,Lahauli,7,4,3
01,JAMMU & KASHMIR,075000,75 LAHNDA,6102,2112,3990
01,JAMMU & KASHMIR,075006,Hindi Multani,2,0,2
01,JAMMU & KASHMIR,075999,75 Others,6100,2112,3988
01,JAMMU & KASHMIR,076000,76 LAKHER,6,0,6
01,JAMMU & KASHMIR,076002,Mara,6,0,6
01,JAMMU & KASHMIR,078000,78 LEPCHA,2,0,2
01,JAMMU & KASHMIR,078001,Lepcha,2,0,2
01,JAMMU & KASHMIR,079000,79 LIANGMEI,1,1,0
01,JAMMU & KASHMIR,079002,Liangmei,1,1,0
01,JAMMU & KASHMIR,081000,81 LOTHA,29,13,16
01,JAMMU & KASHMIR,081001,Lotha,29,13,16
01,JAMMU & KASHMIR,082000,82 LUSHAI/MIZO,521,295,226
01,JAMMU & KASHMIR,082005,Lushai/Mizo,521,295,226
01,JAMMU & KASHMIR,083000,83 MALTO,49,46,3
01,JAMMU & KASHMIR,083002,Pahariya,4,4,0
01,JAMMU & KASHMIR,083999,83 Others,45,42,3
01,JAMMU & KASHMIR,084000,84 MAO,20,16,4
01,JAMMU & KASHMIR,084001,Mao,20,16,4
01,JAMMU & KASHMIR,085000,85 MARAM,2,2,0
01,JAMMU & KASHMIR,085001,Maram,2,2,0
01,JAMMU & KASHMIR,086000,86 MARING,1,1,0
01,JAMMU & KASHMIR,086001,Maring,1,1,0
01,JAMMU & KASHMIR,087000,87 MIRI/MISHING,10,0,10
01,JAMMU & KASHMIR,087003,Miri/Mishing,10,0,10
01,JAMMU & KASHMIR,088000,88 MISHMI,4,1,3
01,JAMMU & KASHMIR,088999,88 Others,4,1,3
01,JAMMU & KASHMIR,089000,89 MOGH,1,1,0
01,JAMMU & KASHMIR,089004,Mogh,1,1,0
01,JAMMU & KASHMIR,090000,90 MONPA,21,13,8
01,JAMMU & KASHMIR,090003,Monpa,21,13,8
01,JAMMU & KASHMIR,091000,91 MUNDA,136,64,72
01,JAMMU & KASHMIR,091009,Munda,48,22,26
01,JAMMU & KASHMIR,091999,91 Others,88,42,46
01,JAMMU & KASHMIR,092000,92 MUNDARI,61,25,36
01,JAMMU & KASHMIR,092005,Mundari,61,25,36
01,JAMMU & KASHMIR,093000,93 NICOBARESE,1,0,1
01,JAMMU & KASHMIR,093001,Nicobarese,1,0,1
01,JAMMU & KASHMIR,094000,94 NISSI/DAFLA,17,3,14
01,JAMMU & KASHMIR,094001,Apatani,2,2,0
01,JAMMU & KASHMIR,094007,Nissi/Dafla,6,1,5
01,JAMMU & KASHMIR,094008,Tagin,5,0,5
01,JAMMU & KASHMIR,094999,94 Others,4,0,4
01,JAMMU & KASHMIR,095000,95 NOCTE,7,5,2
01,JAMMU & KASHMIR,095003,Nocte,7,5,2
01,JAMMU & KASHMIR,096000,96 PAITE,26,4,22
01,JAMMU & KASHMIR,096002,Paite,26,4,22
01,JAMMU & KASHMIR,100000,100 PHOM,12,12,0
01,JAMMU & KASHMIR,100001,Phom,12,12,0
01,JAMMU & KASHMIR,101000,101 POCHURY,2,2,0
01,JAMMU & KASHMIR,101006,Pochury,2,2,0
01,JAMMU & KASHMIR,102000,102 RABHA,6,3,3
01,JAMMU & KASHMIR,102002,Rabha,6,3,3
01,JAMMU & KASHMIR,103000,103 RAI,1,0,1
01,JAMMU & KASHMIR,103999,103 Others,1,0,1
01,JAMMU & KASHMIR,104000,104 RENGMA,1,0,1
01,JAMMU & KASHMIR,104001,Rengma,1,0,1
01,JAMMU & KASHMIR,105000,105 SANGTAM,1,0,1
01,JAMMU & KASHMIR,105004,Sangtam,1,0,1
01,JAMMU & KASHMIR,106000,106 SAVARA,2,2,0
01,JAMMU & KASHMIR,106004,Savara,2,2,0
01,JAMMU & KASHMIR,107000,107 SEMA,15,4,11
01,JAMMU & KASHMIR,107002,Sema,15,4,11
01,JAMMU & KASHMIR,108000,108 SHERPA,21,0,21
01,JAMMU & KASHMIR,108001,Sherpa,21,0,21
01,JAMMU & KASHMIR,109000,109 SHINA,32027,30552,1475
01,JAMMU & KASHMIR,109005,Shina,31971,30505,1466
01,JAMMU & KASHMIR,109999,109 Others,56,47,9
01,JAMMU & KASHMIR,111000,111 TAMANG,23,12,11
01,JAMMU & KASHMIR,111001,Tamang,23,12,11
01,JAMMU & KASHMIR,112000,112 TANGKHUL,18,15,3
01,JAMMU & KASHMIR,112008,Tangkhul,18,15,3
01,JAMMU & KASHMIR,114000,114 THADO,40,8,32
01,JAMMU & KASHMIR,114015,Thado,35,4,31
01,JAMMU & KASHMIR,114999,114 Others,5,4,1
01,JAMMU & KASHMIR,115000,115 TIBETAN,100499,84334,16165
01,JAMMU & KASHMIR,115008,Tibetan,8148,3093,5055
01,JAMMU & KASHMIR,115011,Purkhi,92345,81240,11105
01,JAMMU & KASHMIR,115999,115 Others,6,1,5
01,JAMMU & KASHMIR,116000,116 TRIPURI,190,77,113
01,JAMMU & KASHMIR,116007,Kokbarak,68,31,37
01,JAMMU & KASHMIR,116011,Reang,1,0,1
01,JAMMU & KASHMIR,116014,Tripuri,121,46,75
01,JAMMU & KASHMIR,117000,117 TULU,218,203,15
01,JAMMU & KASHMIR,117009,Tulu,208,202,6
01,JAMMU & KASHMIR,117999,117 Others,10,1,9
01,JAMMU & KASHMIR,118000,118 VAIPHEI,12,7,5
01,JAMMU & KASHMIR,118002,Vaiphei,12,7,5
01,JAMMU & KASHMIR,119000,119 WANCHO,3,1,2
01,JAMMU & KASHMIR,119001,Wancho,3,1,2
01,JAMMU & KASHMIR,120000,120 YIMCHUNGRE,1,1,0
01,JAMMU & KASHMIR,120001,Chirr,1,1,0
01,JAMMU & KASHMIR,122000,122 ZEMI,2,0,2
01,JAMMU & KASHMIR,122003,Zemi,2,0,2
01,JAMMU & KASHMIR,123000,123 ZOU,9,6,3
01,JAMMU & KASHMIR,123001,Zou,9,6,3
01,JAMMU & KASHMIR,124000,124 OTHERS,16642,15094,1548
02,HIMACHAL PRADESH,001000,1 ASSAMESE,1049,708,341
02,HIMACHAL PRADESH,001002,Assamese,1040,705,335
02,HIMACHAL PRADESH,001999,1 Others,9,3,6
02,HIMACHAL PRADESH,002000,2 BENGALI,6214,4083,2131
02,HIMACHAL PRADESH,002007,Bengali,6142,4011,2131
02,HIMACHAL PRADESH,002011,Chakma,2,2,0
02,HIMACHAL PRADESH,002015,Haijong/Hajong,4,4,0
02,HIMACHAL PRADESH,002044,Rajbangsi,8,8,0
02,HIMACHAL PRADESH,002999,2 Others,58,58,0
02,HIMACHAL PRADESH,003000,3 BODO,150,37,113
02,HIMACHAL PRADESH,003001,Bodo/Boro,103,37,66
02,HIMACHAL PRADESH,003003,Kachari,47,0,47
02,HIMACHAL PRADESH,004000,4 DOGRI,23609,21853,1756
02,HIMACHAL PRADESH,004001,Dogri,23609,21853,1756
02,HIMACHAL PRADESH,005000,5 GUJARATI,10012,9208,804
02,HIMACHAL PRADESH,005018,Gujarati,1176,410,766
02,HIMACHAL PRADESH,005019,Gujrao/Gujrau,355,355,0
02,HIMACHAL PRADESH,005052,Pattani,8439,8414,25
02,HIMACHAL PRADESH,005999,5 Others,42,29,13
02,HIMACHAL PRADESH,006000,6 HINDI,5895529,5326104,569425
02,HIMACHAL PRADESH,006030,Awadhi,522,290,232
02,HIMACHAL PRADESH,006040,Baghati/Baghati Pahari,15066,14829,237
02,HIMACHAL PRADESH,006042,Bagheli/Baghel Khandi,1731,1614,117
02,HIMACHAL PRADESH,006045,Bagri Rajasthani,1,1,0
02,HIMACHAL PRADESH,006066,Banjari,1,1,0
02,HIMACHAL PRADESH,006086,Bhadrawahi,115,89,26
02,HIMACHAL PRADESH,006096,Bharmauri/Gaddi,153171,149945,3226
02,HIMACHAL PRADESH,006102,Bhojpuri,21973,13590,8383
02,HIMACHAL PRADESH,006123,Brajbhasha,123,78,45
02,HIMACHAL PRADESH,006125,Bundeli/Bundel khandi,121,67,54
02,HIMACHAL PRADESH,006133,Chambeali/Chamrali,124385,107181,17204
02,HIMACHAL PRADESH,006142,Chhattisgarhi,2233,1557,676
02,HIMACHAL PRADESH,006149,Churahi,75502,75397,105
02,HIMACHAL PRADESH,006173,Dhundhari,39,1,38
02,HIMACHAL PRADESH,006195,Garhwali,4229,2073,2156
02,HIMACHAL PRADESH,006207,Gojri/Gujjari/Gujar,14127,13969,158
02,HIMACHAL PRADESH,006231,Handuri,33115,31532,1583
02,HIMACHAL PRADESH,006232,Hara/Harauti,4,4,0
02,HIMACHAL PRADESH,006235,Haryanvi,22606,21128,1478
02,HIMACHAL PRADESH,006240,Hindi,1076700,786358,290342
02,HIMACHAL PRADESH,006265,Jaunpuri/Jaunsari,180,161,19
02,HIMACHAL PRADESH,006291,Kangri,1115383,1068626,46757
02,HIMACHAL PRADESH,006311,Khari Boli,770,205,565
02,HIMACHAL PRADESH,006320,Khortha/Khotta,873,830,43
02,HIMACHAL PRADESH,006336,Kulvi,196000,185557,10443
02,HIMACHAL PRADESH,006340,Kumauni,1746,570,1176
02,HIMACHAL PRADESH,006345,Kurmali Thar,5,1,4
02,HIMACHAL PRADESH,006353,Lamani/Lambadi,4699,4667,32
02,HIMACHAL PRADESH,006376,Magadhi/Magahi,182,129,53
02,HIMACHAL PRADESH,006391,Malvi,6,5,1
02,HIMACHAL PRADESH,006394,Mandeali,621400,569021,52379
02,HIMACHAL PRADESH,006400,Marwari,1334,859,475
02,HIMACHAL PRADESH,006408,Mewari,16,16,0
02,HIMACHAL PRADESH,006420,Nagpuria,666,579,87
02,HIMACHAL PRADESH,006432,Nimadi,18,12,6
02,HIMACHAL PRADESH,006438,Padari,3,3,0
02,HIMACHAL PRADESH,006439,Pahari,2190065,2069898,120167
02,HIMACHAL PRADESH,006451,Panch Pargania,3,0,3
02,HIMACHAL PRADESH,006454,Pangwali,18640,18152,488
02,HIMACHAL PRADESH,006489,Rajasthani,6193,4018,2175
02,HIMACHAL PRADESH,006503,Sadan/Sadri,2973,2118,855
02,HIMACHAL PRADESH,006530,Sirmauri,107322,105694,1628
02,HIMACHAL PRADESH,006541,Sugali,1,1,0
02,HIMACHAL PRADESH,006547,Surgujia,1,1,0
02,HIMACHAL PRADESH,006548,Surjapuri,138,41,97
02,HIMACHAL PRADESH,006999,6 Others,81148,75236,5912
02,HIMACHAL PRADESH,007000,7 KANNADA,462,277,185
02,HIMACHAL PRADESH,007016,Kannada,457,273,184
02,HIMACHAL PRADESH,007999,7 Others,5,4,1
02,HIMACHAL PRADESH,008000,8 KASHMIRI,57050,54378,2672
02,HIMACHAL PRADESH,008005,Kashmiri,9827,7884,1943
02,HIMACHAL PRADESH,008010,Kishtwari,13,11,2
02,HIMACHAL PRADESH,008018,Siraji,47192,46465,727
02,HIMACHAL PRADESH,008019,Dardi,3,3,0
02,HIMACHAL PRADESH,008999,8 Others,15,15,0
02,HIMACHAL PRADESH,009000,9 KONKANI,80,46,34
02,HIMACHAL PRADESH,009011,Konkani,37,12,25
02,HIMACHAL PRADESH,009013,Kudubi/Kudumbi,32,32,0
02,HIMACHAL PRADESH,009016,Malwani,9,0,9
02,HIMACHAL PRADESH,009999,9 Others,2,2,0
02,HIMACHAL PRADESH,010000,10 MAITHILI,4723,3113,1610
02,HIMACHAL PRADESH,010008,Maithili,4080,2671,1409
02,HIMACHAL PRADESH,010011,Purbi Maithili,115,33,82
02,HIMACHAL PRADESH,010013,Thati,442,333,109
02,HIMACHAL PRADESH,010014,Tharu,85,75,10
02,HIMACHAL PRADESH,010999,10 Others,1,1,0
02,HIMACHAL PRADESH,011000,11 MALAYALAM,1211,586,625
02,HIMACHAL PRADESH,011016,Malayalam,1204,580,624
02,HIMACHAL PRADESH,011999,11 Others,7,6,1
02,HIMACHAL PRADESH,012000,12 MANIPURI,188,96,92
02,HIMACHAL PRADESH,012003,Manipuri,187,95,92
02,HIMACHAL PRADESH,012999,12 Others,1,1,0
02,HIMACHAL PRADESH,013000,13 MARATHI,3438,2210,1228
02,HIMACHAL PRADESH,013004,Are,2,0,2
02,HIMACHAL PRADESH,013060,Koli,20,20,0
02,HIMACHAL PRADESH,013071,Marathi,3353,2130,1223
02,HIMACHAL PRADESH,013999,13 Others,63,60,3
02,HIMACHAL PRADESH,014000,14 NEPALI,89508,76371,13137
02,HIMACHAL PRADESH,014011,Nepali,89502,76365,13137
02,HIMACHAL PRADESH,014999,14 Others,6,6,0
02,HIMACHAL PRADESH,015000,15 ODIA,3219,1693,1526
02,HIMACHAL PRADESH,015007,Bhuiya/Bhuyan[Ori],2,2,0
02,HIMACHAL PRADESH,015043,Odia,3201,1678,1523
02,HIMACHAL PRADESH,015058,Sambalpuri,1,0,1
02,HIMACHAL PRADESH,015999,15 Others,15,13,2
02,HIMACHAL PRADESH,016000,16 PUNJABI,615022,545598,69424
02,HIMACHAL PRADESH,016002,Bagri,88,56,32
02,HIMACHAL PRADESH,016005,Bhateali,15347,15309,38
02,HIMACHAL PRADESH,016006,Bilaspuri Kahluri,295762,278405,17357
02,HIMACHAL PRADESH,016038,Punjabi,303375,251392,51983
02,HIMACHAL PRADESH,016999,16 Others,450,436,14
02,HIMACHAL PRADESH,017000,17 SANSKRIT,936,857,79
02,HIMACHAL PRADESH,017002,Sanskrit,936,857,79
02,HIMACHAL PRADESH,018000,18 SANTALI,847,810,37
02,HIMACHAL PRADESH,018011,Mahili,482,477,5
02,HIMACHAL PRADESH,018040,Santali,356,329,27
02,HIMACHAL PRADESH,018999,18 Others,9,4,5
02,HIMACHAL PRADESH,019000,19 SINDHI,62,42,20
02,HIMACHAL PRADESH,019002,Bhatia,1,1,0
02,HIMACHAL PRADESH,019008,Kachchhi,2,0,2
02,HIMACHAL PRADESH,019014,Sindhi,37,19,18
02,HIMACHAL PRADESH,019999,19 Others,22,22,0
02,HIMACHAL PRADESH,020000,20 TAMIL,1038,586,452
02,HIMACHAL PRADESH,020015,Korava,1,1,0
02,HIMACHAL PRADESH,020027,Tamil,1037,585,452
02,HIMACHAL PRADESH,021000,21 TELUGU,1383,814,569
02,HIMACHAL PRADESH,021046,Telugu,1362,810,552
02,HIMACHAL PRADESH,021999,21 Others,21,4,17
02,HIMACHAL PRADESH,022000,22 URDU,5320,3745,1575
02,HIMACHAL PRADESH,022015,Urdu,5190,3645,1545
02,HIMACHAL PRADESH,022999,22 Others,130,100,30
02,HIMACHAL PRADESH,023000,23 ADI,107,55,52
02,HIMACHAL PRADESH,023003,Adi,13,8,5
02,HIMACHAL PRADESH,023006,Adi Gallong/Gallong,69,39,30
02,HIMACHAL PRADESH,023999,23 Others,25,8,17
02,HIMACHAL PRADESH,024000,24 AFGHANI/KABULI/PASHTO,176,6,170
02,HIMACHAL PRADESH,024001,Afghani/Kabuli/Pashto,176,6,170
02,HIMACHAL PRADESH,025000,25 ANAL,17,3,14
02,HIMACHAL PRADESH,025001,Anal,17,3,14
02,HIMACHAL PRADESH,026000,26 ANGAMI,12,8,4
02,HIMACHAL PRADESH,026002,Angami,3,0,3
02,HIMACHAL PRADESH,026999,26 Others,9,8,1
02,HIMACHAL PRADESH,027000,27 AO,28,0,28
02,HIMACHAL PRADESH,027001,Ao,28,0,28
02,HIMACHAL PRADESH,028000,28 ARABIC/ARBI,307,278,29
02,HIMACHAL PRADESH,028001,Arabic/Arbi,307,278,29
02,HIMACHAL PRADESH,029000,29 BALTI,21,17,4
02,HIMACHAL PRADESH,029002,Balti,21,17,4
02,HIMACHAL PRADESH,030000,30 BHILI/BHILODI,106,86,20
02,HIMACHAL PRADESH,030002,Baori,26,17,9
02,HIMACHAL PRADESH,030011,Chodhari,6,6,0
02,HIMACHAL PRADESH,030015,Dhodia,3,1,2
02,HIMACHAL PRADESH,030035,Kokna/Kokni/Kukna,20,11,9
02,HIMACHAL PRADESH,030070,Rathi,6,6,0
02,HIMACHAL PRADESH,030075,Varli,2,2,0
02,HIMACHAL PRADESH,030999,30 Others,43,43,0
02,HIMACHAL PRADESH,031000,31 BHOTIA,2012,1718,294
02,HIMACHAL PRADESH,031001,Bhotia,1625,1469,156
02,HIMACHAL PRADESH,031999,31 Others,387,249,138
02,HIMACHAL PRADESH,033000,33 BISHNUPURIYA,15,0,15
02,HIMACHAL PRADESH,033999,33 Others,15,0,15
02,HIMACHAL PRADESH,034000,34 CHAKHESANG,1,0,1
02,HIMACHAL PRADESH,034001,Chakhesang,1,0,1
02,HIMACHAL PRADESH,036000,36 CHANG,12,12,0
02,HIMACHAL PRADESH,036001,Chang,12,12,0
02,HIMACHAL PRADESH,037000,37 COORGI/KODAGU,53,52,1
02,HIMACHAL PRADESH,037001,Coorgi/Kodagu,53,52,1
02,HIMACHAL PRADESH,040000,40 ENGLISH,1043,727,316
02,HIMACHAL PRADESH,040001,English,1043,727,316
02,HIMACHAL PRADESH,042000,42 GANGTE,2,0,2
02,HIMACHAL PRADESH,042001,Gangte,2,0,2
02,HIMACHAL PRADESH,043000,43 GARO,21,9,12
02,HIMACHAL PRADESH,043005,Garo,18,6,12
02,HIMACHAL PRADESH,043999,43 Others,3,3,0
02,HIMACHAL PRADESH,044000,44 GONDI,9,8,1
02,HIMACHAL PRADESH,044013,Kalari,3,3,0
02,HIMACHAL PRADESH,044999,44 Others,6,5,1
02,HIMACHAL PRADESH,045000,45 HALABI,1,1,0
02,HIMACHAL PRADESH,045001,Halabi,1,1,0
02,HIMACHAL PRADESH,046000,46 HALAM,380,380,0
02,HIMACHAL PRADESH,046003,Halam,380,380,0
02,HIMACHAL PRADESH,048000,48 HO,167,166,1
02,HIMACHAL PRADESH,048004,Ho,4,3,1
02,HIMACHAL PRADESH,048007,Lohara,163,163,0
02,HIMACHAL PRADESH,051000,51 KABUI,5,1,4
02,HIMACHAL PRADESH,051003,Kabui,3,1,2
02,HIMACHAL PRADESH,051005,Rongmei,2,0,2
02,HIMACHAL PRADESH,053000,53 KHANDESHI,3498,3484,14
02,HIMACHAL PRADESH,053005,Gujari,3498,3484,14
02,HIMACHAL PRADESH,054000,54 KHARIA,43,40,3
02,HIMACHAL PRADESH,054005,Kharia,43,40,3
02,HIMACHAL PRADESH,055000,55 KHASI,15,3,12
02,HIMACHAL PRADESH,055007,Khasi,13,3,10
02,HIMACHAL PRADESH,055012,Pnar/Synteng,2,0,2
02,HIMACHAL PRADESH,056000,56 KHEZHA,5,0,5
02,HIMACHAL PRADESH,056999,56 Others,5,0,5
02,HIMACHAL PRADESH,057000,57 KHIEMNUNGAN,1,1,0
02,HIMACHAL PRADESH,057001,Khiemnungan,1,1,0
02,HIMACHAL PRADESH,058000,58 KHOND/KONDH,1,1,0
02,HIMACHAL PRADESH,058001,Khond/Kondh,1,1,0
02,HIMACHAL PRADESH,059000,59 KINNAURI,82712,79773,2939
02,HIMACHAL PRADESH,059003,Kinnauri,82662,79750,2912
02,HIMACHAL PRADESH,059999,59 Others,50,23,27
02,HIMACHAL PRADESH,060000,60 KISAN,32,32,0
02,HIMACHAL PRADESH,060002,Kisan,32,32,0
02,HIMACHAL PRADESH,061000,61 KOCH,1,1,0
02,HIMACHAL PRADESH,061002,Koch,1,1,0
02,HIMACHAL PRADESH,062000,62 KODA/KORA,1,1,0
02,HIMACHAL PRADESH,062003,Koda/Kora,1,1,0
02,HIMACHAL PRADESH,064000,64 KOM,2,1,1
02,HIMACHAL PRADESH,064001,Kom,2,1,1
02,HIMACHAL PRADESH,065000,65 KONDA,19,18,1
02,HIMACHAL PRADESH,065002,Kodu,1,0,1
02,HIMACHAL PRADESH,065999,65 Others,18,18,0
02,HIMACHAL PRADESH,066000,66 KONYAK,3,0,3
02,HIMACHAL PRADESH,066001,Konyak,3,0,3
02,HIMACHAL PRADESH,067000,67 KORKU,115,9,106
02,HIMACHAL PRADESH,067004,Muwasi,115,9,106
02,HIMACHAL PRADESH,068000,68 KORWA,23,15,8
02,HIMACHAL PRADESH,068999,68 Others,23,15,8
02,HIMACHAL PRADESH,071000,71 KUKI,73,1,72
02,HIMACHAL PRADESH,071008,Kuki,69,1,68
02,HIMACHAL PRADESH,071999,71 Others,4,0,4
02,HIMACHAL PRADESH,072000,72 KURUKH/ORAON,2277,1828,449
02,HIMACHAL PRADESH,072024,Kurukh/Oraon,2269,1824,445
02,HIMACHAL PRADESH,072999,72 Others,8,4,4
02,HIMACHAL PRADESH,073000,73 LADAKHI,1196,1087,109
02,HIMACHAL PRADESH,073003,Ladakhi,1196,1087,109
02,HIMACHAL PRADESH,074000,74 LAHAULI,11073,7891,3182
02,HIMACHAL PRADESH,074002,Lahauli,11072,7891,3181
02,HIMACHAL PRADESH,074999,74 Others,1,0,1
02,HIMACHAL PRADESH,075000,75 LAHNDA,109,42,67
02,HIMACHAL PRADESH,075001,Bahawal Puri,3,3,0
02,HIMACHAL PRADESH,075006,Hindi Multani,15,0,15
02,HIMACHAL PRADESH,075999,75 Others,91,39,52
02,HIMACHAL PRADESH,076000,76 LAKHER,10,1,9
02,HIMACHAL PRADESH,076002,Mara,10,1,9
02,HIMACHAL PRADESH,078000,78 LEPCHA,2,1,1
02,HIMACHAL PRADESH,078001,Lepcha,2,1,1
02,HIMACHAL PRADESH,080000,80 LIMBU,7,7,0
02,HIMACHAL PRADESH,080002,Limbu,7,7,0
02,HIMACHAL PRADESH,081000,81 LOTHA,16,4,12
02,HIMACHAL PRADESH,081001,Lotha,16,4,12
02,HIMACHAL PRADESH,082000,82 LUSHAI/MIZO,197,31,166
02,HIMACHAL PRADESH,082005,Lushai/Mizo,197,31,166
02,HIMACHAL PRADESH,084000,84 MAO,15,4,11
02,HIMACHAL PRADESH,084001,Mao,15,4,11
02,HIMACHAL PRADESH,087000,87 MIRI/MISHING,3,1,2
02,HIMACHAL PRADESH,087003,Miri/Mishing,3,1,2
02,HIMACHAL PRADESH,089000,89 MOGH,8,4,4
02,HIMACHAL PRADESH,089004,Mogh,8,4,4
02,HIMACHAL PRADESH,090000,90 MONPA,94,91,3
02,HIMACHAL PRADESH,090003,Monpa,94,91,3
02,HIMACHAL PRADESH,091000,91 MUNDA,505,448,57
02,HIMACHAL PRADESH,091009,Munda,403,362,41
02,HIMACHAL PRADESH,091999,91 Others,102,86,16
02,HIMACHAL PRADESH,092000,92 MUNDARI,684,631,53
02,HIMACHAL PRADESH,092005,Mundari,684,631,53
02,HIMACHAL PRADESH,094000,94 NISSI/DAFLA,16,11,5
02,HIMACHAL PRADESH,094001,Apatani,4,4,0
02,HIMACHAL PRADESH,094007,Nissi/Dafla,2,2,0
02,HIMACHAL PRADESH,094999,94 Others,10,5,5
02,HIMACHAL PRADESH,096000,96 PAITE,18,17,1
02,HIMACHAL PRADESH,096002,Paite,2,1,1
02,HIMACHAL PRADESH,096999,96 Others,16,16,0
02,HIMACHAL PRADESH,097000,97 PARJI,3,3,0
02,HIMACHAL PRADESH,097999,97 Others,3,3,0
02,HIMACHAL PRADESH,103000,103 RAI,8,8,0
02,HIMACHAL PRADESH,103003,Rai,8,8,0
02,HIMACHAL PRADESH,104000,104 RENGMA,2,0,2
02,HIMACHAL PRADESH,104001,Rengma,2,0,2
02,HIMACHAL PRADESH,106000,106 SAVARA,1,1,0
02,HIMACHAL PRADESH,106004,Savara,1,1,0
02,HIMACHAL PRADESH,107000,107 SEMA,4,1,3
02,HIMACHAL PRADESH,107002,Sema,4,1,3
02,HIMACHAL PRADESH,108000,108 SHERPA,565,544,21
02,HIMACHAL PRADESH,108001,Sherpa,565,544,21
02,HIMACHAL PRADESH,109000,109 SHINA,48,17,31
02,HIMACHAL PRADESH,109005,Shina,47,16,31
02,HIMACHAL PRADESH,109999,109 Others,1,1,0
02,HIMACHAL PRADESH,111000,111 TAMANG,584,579,5
02,HIMACHAL PRADESH,111001,Tamang,584,579,5
02,HIMACHAL PRADESH,112000,112 TANGKHUL,21,17,4
02,HIMACHAL PRADESH,112008,Tangkhul,21,17,4
02,HIMACHAL PRADESH,114000,114 THADO,3,2,1
02,HIMACHAL PRADESH,114015,Thado,3,2,1
02,HIMACHAL PRADESH,115000,115 TIBETAN,21322,9772,11550
02,HIMACHAL PRADESH,115008,Tibetan,20968,9448,11520
02,HIMACHAL PRADESH,115011,Purkhi,6,0,6
02,HIMACHAL PRADESH,115999,115 Others,348,324,24
02,HIMACHAL PRADESH,116000,116 TRIPURI,18,8,10
02,HIMACHAL PRADESH,116007,Kokbarak,5,2,3
02,HIMACHAL PRADESH,116014,Tripuri,11,6,5
02,HIMACHAL PRADESH,116999,116 Others,2,0,2
02,HIMACHAL PRADESH,117000,117 TULU,22,8,14
02,HIMACHAL PRADESH,117009,Tulu,11,1,10
02,HIMACHAL PRADESH,117999,117 Others,11,7,4
02,HIMACHAL PRADESH,121000,121 ZELIANG,1,1,0
02,HIMACHAL PRADESH,121001,Zeliang,1,1,0
02,HIMACHAL PRADESH,123000,123 ZOU,4,0,4
02,HIMACHAL PRADESH,123001,Zou,4,0,4
02,HIMACHAL PRADESH,124000,124 OTHERS,13677,12868,809
03,PUNJAB,001000,1 ASSAMESE,4090,596,3494
03,PUNJAB,001002,Assamese,3945,589,3356
03,PUNJAB,001999,1 Others,145,7,138
03,PUNJAB,002000,2 BENGALI,27030,5510,21520
03,PUNJAB,002007,Bengali,26994,5489,21505
03,PUNJAB,002011,Chakma,3,0,3
03,PUNJAB,002015,Haijong/Hajong,5,1,4
03,PUNJAB,002044,Rajbangsi,7,0,7
03,PUNJAB,002999,2 Others,21,20,1
03,PUNJAB,003000,3 BODO,243,30,213
03,PUNJAB,003001,Bodo/Boro,227,30,197
03,PUNJAB,003003,Kachari,16,0,16
03,PUNJAB,004000,4 DOGRI,18155,6668,11487
03,PUNJAB,004001,Dogri,18155,6668,11487
03,PUNJAB,005000,5 GUJARATI,13531,2954,10577
03,PUNJAB,005018,Gujarati,10911,674,10237
03,PUNJAB,005052,Pattani,1,1,0
03,PUNJAB,005054,Ponchi,2,2,0
03,PUNJAB,005057,Saurashtra/Saurashtri,3,0,3
03,PUNJAB,005999,5 Others,2614,2277,337
03,PUNJAB,006000,6 HINDI,2594831,759095,1835736
03,PUNJAB,006030,Awadhi,1132,329,803
03,PUNJAB,006040,Baghati/Baghati Pahari,42,0,42
03,PUNJAB,006042,Bagheli/Baghel Khandi,53,3,50
03,PUNJAB,006045,Bagri Rajasthani,233555,206244,27311
03,PUNJAB,006066,Banjari,2,0,2
03,PUNJAB,006086,Bhadrawahi,132,48,84
03,PUNJAB,006096,Bharmauri/Gaddi,61,10,51
03,PUNJAB,006102,Bhojpuri,60271,12278,47993
03,PUNJAB,006123,Brajbhasha,375,137,238
03,PUNJAB,006125,Bundeli/Bundel khandi,376,58,318
03,PUNJAB,006133,Chambeali/Chamrali,19,8,11
03,PUNJAB,006142,Chhattisgarhi,1975,1413,562
03,PUNJAB,006149,Churahi,2,1,1
03,PUNJAB,006173,Dhundhari,1,0,1
03,PUNJAB,006195,Garhwali,7338,487,6851
03,PUNJAB,006198,Gawari,511,8,503
03,PUNJAB,006207,Gojri/Gujjari/Gujar,7024,6305,719
03,PUNJAB,006235,Haryanvi,36675,25730,10945
03,PUNJAB,006240,Hindi,2179066,485701,1693365
03,PUNJAB,006265,Jaunpuri/Jaunsari,6,4,2
03,PUNJAB,006291,Kangri,156,61,95
03,PUNJAB,006311,Khari Boli,159,18,141
03,PUNJAB,006320,Khortha/Khotta,36,15,21
03,PUNJAB,006336,Kulvi,8,4,4
03,PUNJAB,006340,Kumauni,1362,168,1194
03,PUNJAB,006353,Lamani/Lambadi,5,0,5
03,PUNJAB,006376,Magadhi/Magahi,1026,50,976
03,PUNJAB,006391,Malvi,136,100,36
03,PUNJAB,006394,Mandeali,78,15,63
03,PUNJAB,006400,Marwari,3859,1011,2848
03,PUNJAB,006408,Mewari,10,5,5
03,PUNJAB,006409,Mewati,26,7,19
03,PUNJAB,006420,Nagpuria,90,49,41
03,PUNJAB,006438,Padari,1,0,1
03,PUNJAB,006439,Pahari,13138,4834,8304
03,PUNJAB,006489,Rajasthani,31084,8887,22197
03,PUNJAB,006503,Sadan/Sadri,648,505,143
03,PUNJAB,006530,Sirmauri,12,6,6
03,PUNJAB,006548,Surjapuri,185,29,156
03,PUNJAB,006999,6 Others,14196,4567,9629
03,PUNJAB,007000,7 KANNADA,3899,600,3299
03,PUNJAB,007016,Kannada,3850,584,3266
03,PUNJAB,007041,Prakritha/Prakritha Bhasha,19,6,13
03,PUNJAB,007999,7 Others,30,10,20
03,PUNJAB,008000,8 KASHMIRI,2913,593,2320
03,PUNJAB,008005,Kashmiri,2664,548,2116
03,PUNJAB,008010,Kishtwari,3,0,3
03,PUNJAB,008019,Dardi,130,45,85
03,PUNJAB,008999,8 Others,116,0,116
03,PUNJAB,009000,9 KONKANI,165,32,133
03,PUNJAB,009011,Konkani,70,10,60
03,PUNJAB,009013,Kudubi/Kudumbi,1,0,1
03,PUNJAB,009016,Malwani,86,17,69
03,PUNJAB,009028,Gorboli/Goru/Gorwani,1,1,0
03,PUNJAB,009999,9 Others,7,4,3
03,PUNJAB,010000,10 MAITHILI,9054,2546,6508
03,PUNJAB,010008,Maithili,7459,1758,5701
03,PUNJAB,010011,Purbi Maithili,416,265,151
03,PUNJAB,010013,Thati,1160,509,651
03,PUNJAB,010014,Tharu,19,14,5
03,PUNJAB,011000,11 MALAYALAM,9734,944,8790
03,PUNJAB,011016,Malayalam,9731,944,8787
03,PUNJAB,011999,11 Others,3,0,3
03,PUNJAB,012000,12 MANIPURI,901,70,831
03,PUNJAB,012003,Manipuri,898,70,828
03,PUNJAB,012999,12 Others,3,0,3
03,PUNJAB,013000,13 MARATHI,20392,1674,18718
03,PUNJAB,013060,Koli,1,1,0
03,PUNJAB,013071,Marathi,20260,1563,18697
03,PUNJAB,013999,13 Others,131,110,21
03,PUNJAB,014000,14 NEPALI,22061,4688,17373
03,PUNJAB,014011,Nepali,22028,4663,17365
03,PUNJAB,014999,14 Others,33,25,8
03,PUNJAB,015000,15 ODIA,9969,1661,8308
03,PUNJAB,015007,Bhuiya/Bhuyan[Ori],8,0,8
03,PUNJAB,015014,Desia,1,0,1
03,PUNJAB,015043,Odia,9949,1660,8289
03,PUNJAB,015999,15 Others,11,1,10
03,PUNJAB,016000,16 PUNJABI,24917885,16534663,8383222
03,PUNJAB,016005,Bhateali,2,1,1
03,PUNJAB,016038,Punjabi,24917725,16534632,8383093
03,PUNJAB,016999,16 Others,158,30,128
03,PUNJAB,017000,17 SANSKRIT,210,107,103
03,PUNJAB,017002,Sanskrit,210,107,103
03,PUNJAB,018000,18 SANTALI,233,66,167
03,PUNJAB,018040,Santali,230,65,165
03,PUNJAB,018999,18 Others,3,1,2
03,PUNJAB,019000,19 SINDHI,754,90,664
03,PUNJAB,019002,Bhatia,2,2,0
03,PUNJAB,019008,Kachchhi,4,0,4
03,PUNJAB,019014,Sindhi,745,88,657
03,PUNJAB,019999,19 Others,3,0,3
03,PUNJAB,020000,20 TAMIL,10389,1333,9056
03,PUNJAB,020027,Tamil,10388,1333,9055
03,PUNJAB,020999,20 Others,1,0,1
03,PUNJAB,021000,21 TELUGU,9523,961,8562
03,PUNJAB,021046,Telugu,9436,915,8521
03,PUNJAB,021999,21 Others,87,46,41
03,PUNJAB,022000,22 URDU,27387,10715,16672
03,PUNJAB,022015,Urdu,27235,10702,16533
03,PUNJAB,022999,22 Others,152,13,139
03,PUNJAB,023000,23 ADI,30,2,28
03,PUNJAB,023003,Adi,21,0,21
03,PUNJAB,023006,Adi Gallong/Gallong,2,0,2
03,PUNJAB,023040,Talgalo,4,0,4
03,PUNJAB,023999,23 Others,3,2,1
03,PUNJAB,024000,24 AFGHANI/KABULI/PASHTO,160,117,43
03,PUNJAB,024001,Afghani/Kabuli/Pashto,160,117,43
03,PUNJAB,025000,25 ANAL,18,0,18
03,PUNJAB,025001,Anal,18,0,18
03,PUNJAB,026000,26 ANGAMI,5,0,5
03,PUNJAB,026002,Angami,5,0,5
03,PUNJAB,027000,27 AO,11,0,11
03,PUNJAB,027001,Ao,10,0,10
03,PUNJAB,027005,Mongsen,1,0,1
03,PUNJAB,028000,28 ARABIC/ARBI,1115,802,313
03,PUNJAB,028001,Arabic/Arbi,1115,802,313
03,PUNJAB,029000,29 BALTI,4,0,4
03,PUNJAB,029002,Balti,4,0,4
03,PUNJAB,030000,30 BHILI/BHILODI,1920,1654,266
03,PUNJAB,030002,Baori,1860,1637,223
03,PUNJAB,030003,Barel,1,1,0
03,PUNJAB,030007,Bhili/Bhilodi,1,0,1
03,PUNJAB,030021,Garasia,1,0,1
03,PUNJAB,030035,Kokna/Kokni/Kukna,34,9,25
03,PUNJAB,030066,Paradhi,1,0,1
03,PUNJAB,030070,Rathi,6,6,0
03,PUNJAB,030073,Tadavi,1,0,1
03,PUNJAB,030999,30 Others,15,1,14
03,PUNJAB,031000,31 BHOTIA,18,2,16
03,PUNJAB,031001,Bhotia,2,1,1
03,PUNJAB,031999,31 Others,16,1,15
03,PUNJAB,032000,32 BHUMIJ,6,6,0
03,PUNJAB,032999,32 Others,6,6,0
03,PUNJAB,033000,33 BISHNUPURIYA,30,2,28
03,PUNJAB,033003,Bishnupriya Manipuri/Manipuri Bishnupriya,9,0,9
03,PUNJAB,033999,33 Others,21,2,19
03,PUNJAB,034000,34 CHAKHESANG,2,0,2
03,PUNJAB,034001,Chakhesang,2,0,2
03,PUNJAB,037000,37 COORGI/KODAGU,9,1,8
03,PUNJAB,037001,Coorgi/Kodagu,9,1,8
03,PUNJAB,039000,39 DIMASA,21,7,14
03,PUNJAB,039002,Dimasa,6,0,6
03,PUNJAB,039999,39 Others,15,7,8
03,PUNJAB,040000,40 ENGLISH,1888,673,1215
03,PUNJAB,040001,English,1888,673,1215
03,PUNJAB,041000,41 GADABA,1,0,1
03,PUNJAB,041001,Gadaba,1,0,1
03,PUNJAB,042000,42 GANGTE,4,1,3
03,PUNJAB,042001,Gangte,4,1,3
03,PUNJAB,043000,43 GARO,35,1,34
03,PUNJAB,043005,Garo,35,1,34
03,PUNJAB,044000,44 GONDI,13,2,11
03,PUNJAB,044007,Gondi,2,0,2
03,PUNJAB,044999,44 Others,11,2,9
03,PUNJAB,045000,45 HALABI,1,1,0
03,PUNJAB,045001,Halabi,1,1,0
03,PUNJAB,046000,46 HALAM,6,1,5
03,PUNJAB,046999,46 Others,6,1,5
03,PUNJAB,047000,47 HMAR,37,0,37
03,PUNJAB,047001,Hmar,37,0,37
03,PUNJAB,048000,48 HO,26,3,23
03,PUNJAB,048004,Ho,26,3,23
03,PUNJAB,051000,51 KABUI,1,0,1
03,PUNJAB,051003,Kabui,1,0,1
03,PUNJAB,053000,53 KHANDESHI,1137,1065,72
03,PUNJAB,053002,Ahirani,2,0,2
03,PUNJAB,053004,Dangi,4,0,4
03,PUNJAB,053005,Gujari,1130,1065,65
03,PUNJAB,053006,Khandeshi,1,0,1
03,PUNJAB,054000,54 KHARIA,95,30,65
03,PUNJAB,054005,Kharia,95,30,65
03,PUNJAB,055000,55 KHASI,84,1,83
03,PUNJAB,055007,Khasi,84,1,83
03,PUNJAB,056000,56 KHEZHA,4,3,1
03,PUNJAB,056999,56 Others,4,3,1
03,PUNJAB,059000,59 KINNAURI,46,6,40
03,PUNJAB,059003,Kinnauri,46,6,40
03,PUNJAB,060000,60 KISAN,6,0,6
03,PUNJAB,060002,Kisan,6,0,6
03,PUNJAB,061000,61 KOCH,1,0,1
03,PUNJAB,061002,Koch,1,0,1
03,PUNJAB,062000,62 KODA/KORA,2,0,2
03,PUNJAB,062003,Koda/Kora,2,0,2
03,PUNJAB,064000,64 KOM,9,0,9
03,PUNJAB,064001,Kom,9,0,9
03,PUNJAB,066000,66 KONYAK,8,0,8
03,PUNJAB,066001,Konyak,8,0,8
03,PUNJAB,068000,68 KORWA,27,9,18
03,PUNJAB,068999,68 Others,27,9,18
03,PUNJAB,071000,71 KUKI,231,6,225
03,PUNJAB,071008,Kuki,231,6,225
03,PUNJAB,072000,72 KURUKH/ORAON,195,52,143
03,PUNJAB,072024,Kurukh/Oraon,187,44,143
03,PUNJAB,072999,72 Others,8,8,0
03,PUNJAB,073000,73 LADAKHI,99,25,74
03,PUNJAB,073003,Ladakhi,99,25,74
03,PUNJAB,074000,74 LAHAULI,1,1,0
03,PUNJAB,074002,Lahauli,1,1,0
03,PUNJAB,075000,75 LAHNDA,24642,243,24399
03,PUNJAB,075001,Bahawal Puri,24542,233,24309
03,PUNJAB,075006,Hindi Multani,92,9,83
03,PUNJAB,075999,75 Others,8,1,7
03,PUNJAB,076000,76 LAKHER,1,0,1
03,PUNJAB,076002,Mara,1,0,1
03,PUNJAB,078000,78 LEPCHA,2,0,2
03,PUNJAB,078001,Lepcha,2,0,2
03,PUNJAB,080000,80 LIMBU,5,1,4
03,PUNJAB,080999,80 Others,5,1,4
03,PUNJAB,081000,81 LOTHA,14,0,14
03,PUNJAB,081001,Lotha,14,0,14
03,PUNJAB,082000,82 LUSHAI/MIZO,472,6,466
03,PUNJAB,082005,Lushai/Mizo,472,6,466
03,PUNJAB,084000,84 MAO,1,0,1
03,PUNJAB,084001,Mao,1,0,1
03,PUNJAB,085000,85 MARAM,1,0,1
03,PUNJAB,085001,Maram,1,0,1
03,PUNJAB,087000,87 MIRI/MISHING,1,0,1
03,PUNJAB,087003,Miri/Mishing,1,0,1
03,PUNJAB,088000,88 MISHMI,1,0,1
03,PUNJAB,088007,Mishmi,1,0,1
03,PUNJAB,089000,89 MOGH,5,0,5
03,PUNJAB,089004,Mogh,5,0,5
03,PUNJAB,090000,90 MONPA,4,0,4
03,PUNJAB,090003,Monpa,4,0,4
03,PUNJAB,091000,91 MUNDA,260,128,132
03,PUNJAB,091009,Munda,215,118,97
03,PUNJAB,091999,91 Others,45,10,35
03,PUNJAB,092000,92 MUNDARI,548,441,107
03,PUNJAB,092005,Mundari,548,441,107
03,PUNJAB,094000,94 NISSI/DAFLA,533,293,240
03,PUNJAB,094001,Apatani,5,0,5
03,PUNJAB,094007,Nissi/Dafla,528,293,235
03,PUNJAB,095000,95 NOCTE,14,0,14
03,PUNJAB,095003,Nocte,14,0,14
03,PUNJAB,096000,96 PAITE,27,1,26
03,PUNJAB,096002,Paite,27,1,26
03,PUNJAB,101000,101 POCHURY,4,0,4
03,PUNJAB,101006,Pochury,4,0,4
03,PUNJAB,102000,102 RABHA,5,1,4
03,PUNJAB,102002,Rabha,5,1,4
03,PUNJAB,104000,104 RENGMA,1,0,1
03,PUNJAB,104001,Rengma,1,0,1
03,PUNJAB,106000,106 SAVARA,7,2,5
03,PUNJAB,106004,Savara,7,2,5
03,PUNJAB,107000,107 SEMA,4,0,4
03,PUNJAB,107002,Sema,4,0,4
03,PUNJAB,109000,109 SHINA,4,2,2
03,PUNJAB,109005,Shina,2,2,0
03,PUNJAB,109999,109 Others,2,0,2
03,PUNJAB,112000,112 TANGKHUL,18,1,17
03,PUNJAB,112008,Tangkhul,17,0,17
03,PUNJAB,112999,112 Others,1,1,0
03,PUNJAB,114000,114 THADO,17,0,17
03,PUNJAB,114015,Thado,17,0,17
03,PUNJAB,115000,115 TIBETAN,436,260,176
03,PUNJAB,115008,Tibetan,2,0,2
03,PUNJAB,115011,Purkhi,433,260,173
03,PUNJAB,115999,115 Others,1,0,1
03,PUNJAB,116000,116 TRIPURI,95,12,83
03,PUNJAB,116007,Kokbarak,40,11,29
03,PUNJAB,116011,Reang,1,0,1
03,PUNJAB,116014,Tripuri,47,1,46
03,PUNJAB,116999,116 Others,7,0,7
03,PUNJAB,117000,117 TULU,4,0,4
03,PUNJAB,117009,Tulu,2,0,2
03,PUNJAB,117999,117 Others,2,0,2
03,PUNJAB,118000,118 VAIPHEI,4,0,4
03,PUNJAB,118002,Vaiphei,4,0,4
03,PUNJAB,119000,119 WANCHO,5,0,5
03,PUNJAB,119001,Wancho,5,0,5
03,PUNJAB,120000,120 YIMCHUNGRE,6,0,6
03,PUNJAB,120001,Chirr,5,0,5
03,PUNJAB,120005,Yimchungre,1,0,1
03,PUNJAB,122000,122 ZEMI,1,1,0
03,PUNJAB,122003,Zemi,1,1,0
03,PUNJAB,123000,123 ZOU,17,1,16
03,PUNJAB,123001,Zou,17,1,16
03,PUNJAB,124000,124 OTHERS,5524,2730,2794
04,CHANDIGARH,001000,1 ASSAMESE,435,29,406
04,CHANDIGARH,001002,Assamese,435,29,406
04,CHANDIGARH,002000,2 BENGALI,6236,177,6059
04,CHANDIGARH,002007,Bengali,6231,177,6054
04,CHANDIGARH,002011,Chakma,5,0,5
04,CHANDIGARH,003000,3 BODO,6,0,6
04,CHANDIGARH,003001,Bodo/Boro,6,0,6
04,CHANDIGARH,004000,4 DOGRI,1047,21,1026
04,CHANDIGARH,004001,Dogri,1047,21,1026
04,CHANDIGARH,005000,5 GUJARATI,1573,9,1564
04,CHANDIGARH,005018,Gujarati,1561,9,1552
04,CHANDIGARH,005057,Saurashtra/Saurashtri,4,0,4
04,CHANDIGARH,005999,5 Others,8,0,8
04,CHANDIGARH,006000,6 HINDI,776775,20380,756395
04,CHANDIGARH,006030,Awadhi,1381,15,1366
04,CHANDIGARH,006042,Bagheli/Baghel Khandi,2,0,2
04,CHANDIGARH,006096,Bharmauri/Gaddi,20,0,20
04,CHANDIGARH,006102,Bhojpuri,23994,1429,22565
04,CHANDIGARH,006123,Brajbhasha,36,0,36
04,CHANDIGARH,006125,Bundeli/Bundel khandi,24,0,24
04,CHANDIGARH,006133,Chambeali/Chamrali,2,0,2
04,CHANDIGARH,006142,Chhattisgarhi,245,0,245
04,CHANDIGARH,006173,Dhundhari,9,0,9
04,CHANDIGARH,006195,Garhwali,8265,393,7872
04,CHANDIGARH,006207,Gojri/Gujjari/Gujar,3,0,3
04,CHANDIGARH,006231,Handuri,2,0,2
04,CHANDIGARH,006235,Haryanvi,11138,377,10761
04,CHANDIGARH,006240,Hindi,715131,16947,698184
04,CHANDIGARH,006265,Jaunpuri/Jaunsari,1,0,1
04,CHANDIGARH,006291,Kangri,249,7,242
04,CHANDIGARH,006311,Khari Boli,103,11,92
04,CHANDIGARH,006320,Khortha/Khotta,29,12,17
04,CHANDIGARH,006336,Kulvi,7,0,7
04,CHANDIGARH,006340,Kumauni,1076,87,989
04,CHANDIGARH,006345,Kurmali Thar,1,0,1
04,CHANDIGARH,006376,Magadhi/Magahi,120,1,119
04,CHANDIGARH,006391,Malvi,6,0,6
04,CHANDIGARH,006394,Mandeali,82,15,67
04,CHANDIGARH,006400,Marwari,332,19,313
04,CHANDIGARH,006420,Nagpuria,22,0,22
04,CHANDIGARH,006439,Pahari,9800,868,8932
04,CHANDIGARH,006451,Panch Pargania,11,0,11
04,CHANDIGARH,006489,Rajasthani,2042,33,2009
04,CHANDIGARH,006503,Sadan/Sadri,61,0,61
04,CHANDIGARH,006548,Surjapuri,46,3,43
04,CHANDIGARH,006999,6 Others,2535,163,2372
04,CHANDIGARH,007000,7 KANNADA,425,0,425
04,CHANDIGARH,007016,Kannada,418,0,418
04,CHANDIGARH,007041,Prakritha/Prakritha Bhasha,4,0,4
04,CHANDIGARH,007999,7 Others,3,0,3
04,CHANDIGARH,008000,8 KASHMIRI,1330,26,1304
04,CHANDIGARH,008005,Kashmiri,1330,26,1304
04,CHANDIGARH,009000,9 KONKANI,86,0,86
04,CHANDIGARH,009011,Konkani,83,0,83
04,CHANDIGARH,009999,9 Others,3,0,3
04,CHANDIGARH,010000,10 MAITHILI,3164,358,2806
04,CHANDIGARH,010008,Maithili,2614,273,2341
04,CHANDIGARH,010011,Purbi Maithili,230,0,230
04,CHANDIGARH,010013,Thati,320,85,235
04,CHANDIGARH,011000,11 MALAYALAM,1979,19,1960
04,CHANDIGARH,011016,Malayalam,1974,19,1955
04,CHANDIGARH,011999,11 Others,5,0,5
04,CHANDIGARH,012000,12 MANIPURI,460,0,460
04,CHANDIGARH,012003,Manipuri,460,0,460
04,CHANDIGARH,013000,13 MARATHI,1252,15,1237
04,CHANDIGARH,013071,Marathi,1248,15,1233
04,CHANDIGARH,013999,13 Others,4,0,4
04,CHANDIGARH,014000,14 NEPALI,6546,295,6251
04,CHANDIGARH,014011,Nepali,6546,295,6251
04,CHANDIGARH,015000,15 ODIA,1942,32,1910
04,CHANDIGARH,015043,Odia,1941,32,1909
04,CHANDIGARH,015999,15 Others,1,0,1
04,CHANDIGARH,016000,16 PUNJABI,232516,7333,225183
04,CHANDIGARH,016002,Bagri,57,0,57
04,CHANDIGARH,016006,Bilaspuri Kahluri,10,0,10
04,CHANDIGARH,016038,Punjabi,232427,7333,225094
04,CHANDIGARH,016999,16 Others,22,0,22
04,CHANDIGARH,017000,17 SANSKRIT,13,0,13
04,CHANDIGARH,017002,Sanskrit,13,0,13
04,CHANDIGARH,018000,18 SANTALI,42,4,38
04,CHANDIGARH,018010,Karmali,10,0,10
04,CHANDIGARH,018011,Mahili,3,0,3
04,CHANDIGARH,018040,Santali,29,4,25
04,CHANDIGARH,019000,19 SINDHI,134,0,134
04,CHANDIGARH,019014,Sindhi,134,0,134
04,CHANDIGARH,020000,20 TAMIL,5579,6,5573
04,CHANDIGARH,020027,Tamil,5579,6,5573
04,CHANDIGARH,021000,21 TELUGU,1339,22,1317
04,CHANDIGARH,021046,Telugu,1332,22,1310
04,CHANDIGARH,021999,21 Others,7,0,7
04,CHANDIGARH,022000,22 URDU,10595,244,10351
04,CHANDIGARH,022015,Urdu,10556,244,10312
04,CHANDIGARH,022999,22 Others,39,0,39
04,CHANDIGARH,023000,23 ADI,2,0,2
04,CHANDIGARH,023006,Adi Gallong/Gallong,2,0,2
04,CHANDIGARH,024000,24 AFGHANI/KABULI/PASHTO,20,0,20
04,CHANDIGARH,024001,Afghani/Kabuli/Pashto,20,0,20
04,CHANDIGARH,026000,26 ANGAMI,2,0,2
04,CHANDIGARH,026002,Angami,2,0,2
04,CHANDIGARH,027000,27 AO,4,0,4
04,CHANDIGARH,027001,Ao,4,0,4
04,CHANDIGARH,028000,28 ARABIC/ARBI,47,0,47
04,CHANDIGARH,028001,Arabic/Arbi,47,0,47
04,CHANDIGARH,029000,29 BALTI,2,0,2
04,CHANDIGARH,029002,Balti,2,0,2
04,CHANDIGARH,030000,30 BHILI/BHILODI,2,0,2
04,CHANDIGARH,030007,Bhili/Bhilodi,2,0,2
04,CHANDIGARH,031000,31 BHOTIA,54,2,52
04,CHANDIGARH,031001,Bhotia,8,0,8
04,CHANDIGARH,031011,Bauti,9,2,7
04,CHANDIGARH,031999,31 Others,37,0,37
04,CHANDIGARH,033000,33 BISHNUPURIYA,4,0,4
04,CHANDIGARH,033003,Bishnupriya Manipuri/Manipuri Bishnupriya,4,0,4
04,CHANDIGARH,037000,37 COORGI/KODAGU,6,0,6
04,CHANDIGARH,037001,Coorgi/Kodagu,6,0,6
04,CHANDIGARH,040000,40 ENGLISH,436,1,435
04,CHANDIGARH,040001,English,436,1,435
04,CHANDIGARH,044000,44 GONDI,3,0,3
04,CHANDIGARH,044999,44 Others,3,0,3
04,CHANDIGARH,047000,47 HMAR,3,0,3
04,CHANDIGARH,047001,Hmar,3,0,3
04,CHANDIGARH,051000,51 KABUI,10,0,10
04,CHANDIGARH,051003,Kabui,7,0,7
04,CHANDIGARH,051005,Rongmei,3,0,3
04,CHANDIGARH,053000,53 KHANDESHI,1,0,1
04,CHANDIGARH,053005,Gujari,1,0,1
04,CHANDIGARH,054000,54 KHARIA,4,0,4
04,CHANDIGARH,054005,Kharia,4,0,4
04,CHANDIGARH,055000,55 KHASI,12,0,12
04,CHANDIGARH,055007,Khasi,12,0,12
04,CHANDIGARH,059000,59 KINNAURI,56,0,56
04,CHANDIGARH,059003,Kinnauri,56,0,56
04,CHANDIGARH,065000,65 KONDA,4,0,4
04,CHANDIGARH,065999,65 Others,4,0,4
04,CHANDIGARH,068000,68 KORWA,1,0,1
04,CHANDIGARH,068999,68 Others,1,0,1
04,CHANDIGARH,072000,72 KURUKH/ORAON,39,0,39
04,CHANDIGARH,072024,Kurukh/Oraon,39,0,39
04,CHANDIGARH,073000,73 LADAKHI,269,0,269
04,CHANDIGARH,073003,Ladakhi,269,0,269
04,CHANDIGARH,074000,74 LAHAULI,23,0,23
04,CHANDIGARH,074002,Lahauli,23,0,23
04,CHANDIGARH,075000,75 LAHNDA,97,1,96
04,CHANDIGARH,075001,Bahawal Puri,43,0,43
04,CHANDIGARH,075006,Hindi Multani,50,1,49
04,CHANDIGARH,075999,75 Others,4,0,4
04,CHANDIGARH,078000,78 LEPCHA,8,0,8
04,CHANDIGARH,078001,Lepcha,8,0,8
04,CHANDIGARH,081000,81 LOTHA,1,0,1
04,CHANDIGARH,081001,Lotha,1,0,1
04,CHANDIGARH,082000,82 LUSHAI/MIZO,22,0,22
04,CHANDIGARH,082005,Lushai/Mizo,22,0,22
04,CHANDIGARH,083000,83 MALTO,2,0,2
04,CHANDIGARH,083002,Pahariya,2,0,2
04,CHANDIGARH,084000,84 MAO,2,0,2
04,CHANDIGARH,084001,Mao,2,0,2
04,CHANDIGARH,091000,91 MUNDA,63,0,63
04,CHANDIGARH,091009,Munda,44,0,44
04,CHANDIGARH,091999,91 Others,19,0,19
04,CHANDIGARH,092000,92 MUNDARI,45,0,45
04,CHANDIGARH,092005,Mundari,45,0,45
04,CHANDIGARH,093000,93 NICOBARESE,12,0,12
04,CHANDIGARH,093001,Nicobarese,12,0,12
04,CHANDIGARH,106000,106 SAVARA,3,0,3
04,CHANDIGARH,106004,Savara,3,0,3
04,CHANDIGARH,111000,111 TAMANG,4,0,4
04,CHANDIGARH,111001,Tamang,4,0,4
04,CHANDIGARH,112000,112 TANGKHUL,7,0,7
04,CHANDIGARH,112008,Tangkhul,7,0,7
04,CHANDIGARH,115000,115 TIBETAN,40,0,40
04,CHANDIGARH,115008,Tibetan,36,0,36
04,CHANDIGARH,115011,Purkhi,4,0,4
04,CHANDIGARH,116000,116 TRIPURI,11,0,11
04,CHANDIGARH,116007,Kokbarak,9,0,9
04,CHANDIGARH,116014,Tripuri,2,0,2
04,CHANDIGARH,117000,117 TULU,8,0,8
04,CHANDIGARH,117009,Tulu,7,0,7
04,CHANDIGARH,117999,117 Others,1,0,1
04,CHANDIGARH,123000,123 ZOU,4,0,4
04,CHANDIGARH,123001,Zou,4,0,4
04,CHANDIGARH,124000,124 OTHERS,643,17,626
05,UTTARAKHAND,001000,1 ASSAMESE,1656,673,983
05,UTTARAKHAND,001002,Assamese,1557,649,908
05,UTTARAKHAND,001999,1 Others,99,24,75
05,UTTARAKHAND,002000,2 BENGALI,150933,101879,49054
05,UTTARAKHAND,002007,Bengali,150893,101849,49044
05,UTTARAKHAND,002011,Chakma,9,7,2
05,UTTARAKHAND,002999,2 Others,31,23,8
05,UTTARAKHAND,003000,3 BODO,51,21,30
05,UTTARAKHAND,003001,Bodo/Boro,50,21,29
05,UTTARAKHAND,003003,Kachari,1,0,1
05,UTTARAKHAND,004000,4 DOGRI,4925,3312,1613
05,UTTARAKHAND,004001,Dogri,4925,3312,1613
05,UTTARAKHAND,005000,5 GUJARATI,3921,1982,1939
05,UTTARAKHAND,005018,Gujarati,3032,1144,1888
05,UTTARAKHAND,005019,Gujrao/Gujrau,826,826,0
05,UTTARAKHAND,005057,Saurashtra/Saurashtri,8,3,5
05,UTTARAKHAND,005999,5 Others,55,9,46
05,UTTARAKHAND,006000,6 HINDI,8992114,6386687,2605427
05,UTTARAKHAND,006030,Awadhi,2754,1692,1062
05,UTTARAKHAND,006040,Baghati/Baghati Pahari,6,4,2
05,UTTARAKHAND,006042,Bagheli/Baghel Khandi,10,8,2
05,UTTARAKHAND,006066,Banjari,7,5,2
05,UTTARAKHAND,006086,Bhadrawahi,7,4,3
05,UTTARAKHAND,006096,Bharmauri/Gaddi,2,2,0
05,UTTARAKHAND,006102,Bhojpuri,95330,66815,28515
05,UTTARAKHAND,006123,Brajbhasha,1407,835,572
05,UTTARAKHAND,006125,Bundeli/Bundel khandi,341,193,148
05,UTTARAKHAND,006133,Chambeali/Chamrali,4,1,3
05,UTTARAKHAND,006142,Chhattisgarhi,971,701,270
05,UTTARAKHAND,006173,Dhundhari,12,7,5
05,UTTARAKHAND,006195,Garhwali,2322406,1983545,338861
05,UTTARAKHAND,006198,Gawari,1,0,1
05,UTTARAKHAND,006207,Gojri/Gujjari/Gujar,3822,3794,28
05,UTTARAKHAND,006231,Handuri,7,5,2
05,UTTARAKHAND,006235,Haryanvi,2645,1170,1475
05,UTTARAKHAND,006240,Hindi,4373951,2403902,1970049
05,UTTARAKHAND,006265,Jaunpuri/Jaunsari,135698,129831,5867
05,UTTARAKHAND,006291,Kangri,441,251,190
05,UTTARAKHAND,006311,Khari Boli,624,275,349
05,UTTARAKHAND,006320,Khortha/Khotta,1091,1027,64
05,UTTARAKHAND,006336,Kulvi,8,6,2
05,UTTARAKHAND,006340,Kumauni,2011286,1765568,245718
05,UTTARAKHAND,006345,Kurmali Thar,1,1,0
05,UTTARAKHAND,006353,Lamani/Lambadi,3,1,2
05,UTTARAKHAND,006355,Laria,2,2,0
05,UTTARAKHAND,006358,Lodhi,56,56,0
05,UTTARAKHAND,006376,Magadhi/Magahi,310,109,201
05,UTTARAKHAND,006391,Malvi,18,7,11
05,UTTARAKHAND,006394,Mandeali,55,35,20
05,UTTARAKHAND,006400,Marwari,1016,319,697
05,UTTARAKHAND,006408,Mewari,12,1,11
05,UTTARAKHAND,006409,Mewati,1,0,1
05,UTTARAKHAND,006420,Nagpuria,20,16,4
05,UTTARAKHAND,006432,Nimadi,10,1,9
05,UTTARAKHAND,006439,Pahari,16984,14884,2100
05,UTTARAKHAND,006466,Pawari/Powari,3,3,0
05,UTTARAKHAND,006489,Rajasthani,2863,1470,1393
05,UTTARAKHAND,006503,Sadan/Sadri,547,223,324
05,UTTARAKHAND,006530,Sirmauri,32,28,4
05,UTTARAKHAND,006535,Sondwari,2,2,0
05,UTTARAKHAND,006548,Surjapuri,596,376,220
05,UTTARAKHAND,006999,6 Others,16752,9512,7240
05,UTTARAKHAND,007000,7 KANNADA,1233,325,908
05,UTTARAKHAND,007002,Badaga,1,0,1
05,UTTARAKHAND,007016,Kannada,1153,306,847
05,UTTARAKHAND,007041,Prakritha/Prakritha Bhasha,46,0,46
05,UTTARAKHAND,007999,7 Others,33,19,14
05,UTTARAKHAND,008000,8 KASHMIRI,1770,1021,749
05,UTTARAKHAND,008005,Kashmiri,1755,1006,749
05,UTTARAKHAND,008010,Kishtwari,15,15,0
05,UTTARAKHAND,009000,9 KONKANI,84,18,66
05,UTTARAKHAND,009011,Konkani,72,14,58
05,UTTARAKHAND,009028,Gorboli/Goru/Gorwani,3,1,2
05,UTTARAKHAND,009999,9 Others,9,3,6
05,UTTARAKHAND,010000,10 MAITHILI,54553,49624,4929
05,UTTARAKHAND,010008,Maithili,3520,1400,2120
05,UTTARAKHAND,010011,Purbi Maithili,2570,1574,996
05,UTTARAKHAND,010013,Thati,177,68,109
05,UTTARAKHAND,010014,Tharu,48286,46582,1704
05,UTTARAKHAND,011000,11 MALAYALAM,3168,1001,2167
05,UTTARAKHAND,011016,Malayalam,3166,1001,2165
05,UTTARAKHAND,011999,11 Others,2,0,2
05,UTTARAKHAND,012000,12 MANIPURI,490,159,331
05,UTTARAKHAND,012003,Manipuri,489,159,330
05,UTTARAKHAND,012999,12 Others,1,0,1
05,UTTARAKHAND,013000,13 MARATHI,6028,1979,4049
05,UTTARAKHAND,013060,Koli,4,4,0
05,UTTARAKHAND,013071,Marathi,5989,1943,4046
05,UTTARAKHAND,013999,13 Others,35,32,3
05,UTTARAKHAND,014000,14 NEPALI,106399,71335,35064
05,UTTARAKHAND,014011,Nepali,106394,71330,35064
05,UTTARAKHAND,014999,14 Others,5,5,0
05,UTTARAKHAND,015000,15 ODIA,3630,1251,2379
05,UTTARAKHAND,015007,Bhuiya/Bhuyan[Ori],15,1,14
05,UTTARAKHAND,015014,Desia,11,11,0
05,UTTARAKHAND,015043,Odia,3488,1129,2359
05,UTTARAKHAND,015999,15 Others,116,110,6
05,UTTARAKHAND,016000,16 PUNJABI,263310,181389,81921
05,UTTARAKHAND,016002,Bagri,14,9,5
05,UTTARAKHAND,016038,Punjabi,263258,181354,81904
05,UTTARAKHAND,016999,16 Others,38,26,12
05,UTTARAKHAND,017000,17 SANSKRIT,386,140,246
05,UTTARAKHAND,017002,Sanskrit,386,140,246
05,UTTARAKHAND,018000,18 SANTALI,426,321,105
05,UTTARAKHAND,018040,Santali,422,319,103
05,UTTARAKHAND,018999,18 Others,4,2,2
05,UTTARAKHAND,019000,19 SINDHI,2863,1903,960
05,UTTARAKHAND,019002,Bhatia,6,1,5
05,UTTARAKHAND,019008,Kachchhi,6,0,6
05,UTTARAKHAND,019014,Sindhi,2849,1901,948
05,UTTARAKHAND,019999,19 Others,2,1,1
05,UTTARAKHAND,020000,20 TAMIL,2584,624,1960
05,UTTARAKHAND,020009,Kaikadi,4,4,0
05,UTTARAKHAND,020015,Korava,1,0,1
05,UTTARAKHAND,020027,Tamil,2575,618,1957
05,UTTARAKHAND,020999,20 Others,4,2,2
05,UTTARAKHAND,021000,21 TELUGU,3185,952,2233
05,UTTARAKHAND,021046,Telugu,3147,940,2207
05,UTTARAKHAND,021999,21 Others,38,12,26
05,UTTARAKHAND,022000,22 URDU,425752,186893,238859
05,UTTARAKHAND,022015,Urdu,425461,186700,238761
05,UTTARAKHAND,022016,Bhansari,125,90,35
05,UTTARAKHAND,022999,22 Others,166,103,63
05,UTTARAKHAND,023000,23 ADI,80,6,74
05,UTTARAKHAND,023003,Adi,6,3,3
05,UTTARAKHAND,023006,Adi Gallong/Gallong,1,1,0
05,UTTARAKHAND,023999,23 Others,73,2,71
05,UTTARAKHAND,024000,24 AFGHANI/KABULI/PASHTO,90,21,69
05,UTTARAKHAND,024001,Afghani/Kabuli/Pashto,90,21,69
05,UTTARAKHAND,025000,25 ANAL,74,3,71
05,UTTARAKHAND,025001,Anal,74,3,71
05,UTTARAKHAND,026000,26 ANGAMI,29,4,25
05,UTTARAKHAND,026002,Angami,25,4,21
05,UTTARAKHAND,026999,26 Others,4,0,4
05,UTTARAKHAND,027000,27 AO,53,8,45
05,UTTARAKHAND,027001,Ao,53,8,45
05,UTTARAKHAND,028000,28 ARABIC/ARBI,339,201,138
05,UTTARAKHAND,028001,Arabic/Arbi,339,201,138
05,UTTARAKHAND,029000,29 BALTI,1173,1152,21
05,UTTARAKHAND,029002,Balti,1173,1152,21
05,UTTARAKHAND,030000,30 BHILI/BHILODI,2001,1945,56
05,UTTARAKHAND,030002,Baori,1838,1821,17
05,UTTARAKHAND,030003,Barel,1,0,1
05,UTTARAKHAND,030007,Bhili/Bhilodi,6,0,6
05,UTTARAKHAND,030011,Chodhari,4,4,0
05,UTTARAKHAND,030015,Dhodia,12,12,0
05,UTTARAKHAND,030035,Kokna/Kokni/Kukna,26,10,16
05,UTTARAKHAND,030066,Paradhi,1,0,1
05,UTTARAKHAND,030073,Tadavi,99,89,10
05,UTTARAKHAND,030999,30 Others,14,9,5
05,UTTARAKHAND,031000,31 BHOTIA,9287,6329,2958
05,UTTARAKHAND,031001,Bhotia,9207,6315,2892
05,UTTARAKHAND,031011,Bauti,5,5,0
05,UTTARAKHAND,031999,31 Others,75,9,66
05,UTTARAKHAND,032000,32 BHUMIJ,1,1,0
05,UTTARAKHAND,032999,32 Others,1,1,0
05,UTTARAKHAND,033000,33 BISHNUPURIYA,3,0,3
05,UTTARAKHAND,033003,Bishnupriya Manipuri/Manipuri Bishnupriya,1,0,1
05,UTTARAKHAND,033999,33 Others,2,0,2
05,UTTARAKHAND,034000,34 CHAKHESANG,2,0,2
05,UTTARAKHAND,034001,Chakhesang,2,0,2
05,UTTARAKHAND,035000,35 CHAKRU/CHOKRI,2,0,2
05,UTTARAKHAND,035001,Chakru/Chokri,2,0,2
05,UTTARAKHAND,036000,36 CHANG,6,0,6
05,UTTARAKHAND,036001,Chang,6,0,6
05,UTTARAKHAND,037000,37 COORGI/KODAGU,9,1,8
05,UTTARAKHAND,037001,Coorgi/Kodagu,9,1,8
05,UTTARAKHAND,039000,39 DIMASA,9,9,0
05,UTTARAKHAND,039002,Dimasa,9,9,0
05,UTTARAKHAND,040000,40 ENGLISH,1385,451,934
05,UTTARAKHAND,040001,English,1385,451,934
05,UTTARAKHAND,042000,42 GANGTE,7,1,6
05,UTTARAKHAND,042001,Gangte,7,1,6
05,UTTARAKHAND,043000,43 GARO,30,11,19
05,UTTARAKHAND,043005,Garo,30,11,19
05,UTTARAKHAND,044000,44 GONDI,22,21,1
05,UTTARAKHAND,044007,Gondi,5,5,0
05,UTTARAKHAND,044017,Maria/ Muria,11,11,0
05,UTTARAKHAND,044999,44 Others,6,5,1
05,UTTARAKHAND,045000,45 HALABI,3,3,0
05,UTTARAKHAND,045001,Halabi,3,3,0
05,UTTARAKHAND,046000,46 HALAM,6001,4928,1073
05,UTTARAKHAND,046003,Halam,5995,4923,1072
05,UTTARAKHAND,046999,46 Others,6,5,1
05,UTTARAKHAND,047000,47 HMAR,7,1,6
05,UTTARAKHAND,047001,Hmar,7,1,6
05,UTTARAKHAND,048000,48 HO,34,30,4
05,UTTARAKHAND,048004,Ho,33,30,3
05,UTTARAKHAND,048007,Lohara,1,0,1
05,UTTARAKHAND,051000,51 KABUI,39,19,20
05,UTTARAKHAND,051003,Kabui,6,3,3
05,UTTARAKHAND,051005,Rongmei,33,16,17
05,UTTARAKHAND,052000,52 KARBI/MIKIR,3,3,0
05,UTTARAKHAND,052002,Karbi/Mikir,3,3,0
05,UTTARAKHAND,053000,53 KHANDESHI,9470,9469,1
05,UTTARAKHAND,053005,Gujari,9470,9469,1
05,UTTARAKHAND,054000,54 KHARIA,51,37,14
05,UTTARAKHAND,054005,Kharia,51,37,14
05,UTTARAKHAND,055000,55 KHASI,18,8,10
05,UTTARAKHAND,055007,Khasi,17,8,9
05,UTTARAKHAND,055012,Pnar/Synteng,1,0,1
05,UTTARAKHAND,056000,56 KHEZHA,2,2,0
05,UTTARAKHAND,056999,56 Others,2,2,0
05,UTTARAKHAND,058000,58 KHOND/KONDH,1,0,1
05,UTTARAKHAND,058001,Khond/Kondh,1,0,1
05,UTTARAKHAND,059000,59 KINNAURI,251,218,33
05,UTTARAKHAND,059003,Kinnauri,251,218,33
05,UTTARAKHAND,062000,62 KODA/KORA,4,0,4
05,UTTARAKHAND,062003,Koda/Kora,1,0,1
05,UTTARAKHAND,062999,62 Others,3,0,3
05,UTTARAKHAND,064000,64 KOM,15,0,15
05,UTTARAKHAND,064001,Kom,15,0,15
05,UTTARAKHAND,065000,65 KONDA,1,0,1
05,UTTARAKHAND,065003,Konda,1,0,1
05,UTTARAKHAND,066000,66 KONYAK,10,0,10
05,UTTARAKHAND,066001,Konyak,10,0,10
05,UTTARAKHAND,071000,71 KUKI,2,1,1
05,UTTARAKHAND,071008,Kuki,2,1,1
05,UTTARAKHAND,072000,72 KURUKH/ORAON,696,192,504
05,UTTARAKHAND,072024,Kurukh/Oraon,695,191,504
05,UTTARAKHAND,072999,72 Others,1,1,0
05,UTTARAKHAND,073000,73 LADAKHI,264,195,69
05,UTTARAKHAND,073003,Ladakhi,264,195,69
05,UTTARAKHAND,075000,75 LAHNDA,742,673,69
05,UTTARAKHAND,075001,Bahawal Puri,4,1,3
05,UTTARAKHAND,075006,Hindi Multani,691,657,34
05,UTTARAKHAND,075999,75 Others,47,15,32
05,UTTARAKHAND,076000,76 LAKHER,10,9,1
05,UTTARAKHAND,076002,Mara,10,9,1
05,UTTARAKHAND,078000,78 LEPCHA,147,29,118
05,UTTARAKHAND,078001,Lepcha,147,29,118
05,UTTARAKHAND,080000,80 LIMBU,5,1,4
05,UTTARAKHAND,080002,Limbu,4,0,4
05,UTTARAKHAND,080999,80 Others,1,1,0
05,UTTARAKHAND,081000,81 LOTHA,21,3,18
05,UTTARAKHAND,081001,Lotha,21,3,18
05,UTTARAKHAND,082000,82 LUSHAI/MIZO,118,65,53
05,UTTARAKHAND,082005,Lushai/Mizo,118,65,53
05,UTTARAKHAND,084000,84 MAO,39,0,39
05,UTTARAKHAND,084001,Mao,39,0,39
05,UTTARAKHAND,085000,85 MARAM,2,0,2
05,UTTARAKHAND,085001,Maram,2,0,2
05,UTTARAKHAND,086000,86 MARING,9,0,9
05,UTTARAKHAND,086001,Maring,9,0,9
05,UTTARAKHAND,087000,87 MIRI/MISHING,2,2,0
05,UTTARAKHAND,087003,Miri/Mishing,2,2,0
05,UTTARAKHAND,088000,88 MISHMI,22,16,6
05,UTTARAKHAND,088007,Mishmi,16,15,1
05,UTTARAKHAND,088999,88 Others,6,1,5
05,UTTARAKHAND,089000,89 MOGH,3,3,0
05,UTTARAKHAND,089004,Mogh,3,3,0
05,UTTARAKHAND,090000,90 MONPA,37,25,12
05,UTTARAKHAND,090003,Monpa,37,25,12
05,UTTARAKHAND,091000,91 MUNDA,849,810,39
05,UTTARAKHAND,091006,Kol,2,2,0
05,UTTARAKHAND,091009,Munda,167,134,33
05,UTTARAKHAND,091999,91 Others,680,674,6
05,UTTARAKHAND,092000,92 MUNDARI,92,45,47
05,UTTARAKHAND,092005,Mundari,92,45,47
05,UTTARAKHAND,094000,94 NISSI/DAFLA,7553,7516,37
05,UTTARAKHAND,094001,Apatani,8,7,1
05,UTTARAKHAND,094007,Nissi/Dafla,18,17,1
05,UTTARAKHAND,094008,Tagin,1,1,0
05,UTTARAKHAND,094999,94 Others,7526,7491,35
05,UTTARAKHAND,096000,96 PAITE,13,5,8
05,UTTARAKHAND,096002,Paite,13,5,8
05,UTTARAKHAND,097000,97 PARJI,3,3,0
05,UTTARAKHAND,097001,Dhurwa,3,3,0
05,UTTARAKHAND,100000,100 PHOM,1,0,1
05,UTTARAKHAND,100001,Phom,1,0,1
05,UTTARAKHAND,101000,101 POCHURY,9,0,9
05,UTTARAKHAND,101006,Pochury,9,0,9
05,UTTARAKHAND,102000,102 RABHA,2,2,0
05,UTTARAKHAND,102002,Rabha,2,2,0
05,UTTARAKHAND,103000,103 RAI,268,244,24
05,UTTARAKHAND,103003,Rai,268,244,24
05,UTTARAKHAND,104000,104 RENGMA,503,498,5
05,UTTARAKHAND,104001,Rengma,503,498,5
05,UTTARAKHAND,105000,105 SANGTAM,11,8,3
05,UTTARAKHAND,105004,Sangtam,11,8,3
05,UTTARAKHAND,106000,106 SAVARA,3,2,1
05,UTTARAKHAND,106004,Savara,3,2,1
05,UTTARAKHAND,107000,107 SEMA,7,2,5
05,UTTARAKHAND,107002,Sema,7,2,5
05,UTTARAKHAND,109000,109 SHINA,7,6,1
05,UTTARAKHAND,109005,Shina,2,2,0
05,UTTARAKHAND,109999,109 Others,5,4,1
05,UTTARAKHAND,111000,111 TAMANG,19,18,1
05,UTTARAKHAND,111001,Tamang,19,18,1
05,UTTARAKHAND,112000,112 TANGKHUL,55,8,47
05,UTTARAKHAND,112008,Tangkhul,55,8,47
05,UTTARAKHAND,113000,113 TANGSA,7,0,7
05,UTTARAKHAND,113024,Tutcha Tangsa,7,0,7
05,UTTARAKHAND,114000,114 THADO,19,14,5
05,UTTARAKHAND,114015,Thado,10,8,2
05,UTTARAKHAND,114999,114 Others,9,6,3
05,UTTARAKHAND,115000,115 TIBETAN,10162,5119,5043
05,UTTARAKHAND,115008,Tibetan,10125,5102,5023
05,UTTARAKHAND,115999,115 Others,37,17,20
05,UTTARAKHAND,116000,116 TRIPURI,33,11,22
05,UTTARAKHAND,116007,Kokbarak,11,3,8
05,UTTARAKHAND,116014,Tripuri,21,8,13
05,UTTARAKHAND,116999,116 Others,1,0,1
05,UTTARAKHAND,117000,117 TULU,12,2,10
05,UTTARAKHAND,117009,Tulu,2,0,2
05,UTTARAKHAND,117999,117 Others,10,2,8
05,UTTARAKHAND,119000,119 WANCHO,1,0,1
05,UTTARAKHAND,119001,Wancho,1,0,1
05,UTTARAKHAND,120000,120 YIMCHUNGRE,2,0,2
05,UTTARAKHAND,120001,Chirr,2,0,2
05,UTTARAKHAND,122000,122 ZEMI,5,5,0
05,UTTARAKHAND,122003,Zemi,5,5,0
05,UTTARAKHAND,123000,123 ZOU,3,1,2
05,UTTARAKHAND,123001,Zou,3,1,2
05,UTTARAKHAND,124000,124 OTHERS,4561,3050,1511
06,HARYANA,001000,1 ASSAMESE,4204,1666,2538
06,HARYANA,001002,Assamese,4176,1659,2517
06,HARYANA,001999,1 Others,28,7,21
06,HARYANA,002000,2 BENGALI,70948,14239,56709
06,HARYANA,002007,Bengali,70908,14220,56688
06,HARYANA,002011,Chakma,7,0,7
06,HARYANA,002044,Rajbangsi,9,7,2
06,HARYANA,002999,2 Others,24,12,12
06,HARYANA,003000,3 BODO,92,36,56
06,HARYANA,003001,Bodo/Boro,90,36,54
06,HARYANA,003004,Mech/Mechhia,2,0,2
06,HARYANA,004000,4 DOGRI,3129,1380,1749
06,HARYANA,004001,Dogri,3129,1380,1749
06,HARYANA,005000,5 GUJARATI,7519,1179,6340
06,HARYANA,005018,Gujarati,6839,622,6217
06,HARYANA,005052,Pattani,19,0,19
06,HARYANA,005054,Ponchi,1,1,0
06,HARYANA,005057,Saurashtra/Saurashtri,9,0,9
06,HARYANA,005999,5 Others,651,556,95
06,HARYANA,006000,6 HINDI,22322157,14446655,7875502
06,HARYANA,006030,Awadhi,8682,4804,3878
06,HARYANA,006040,Baghati/Baghati Pahari,32,21,11
06,HARYANA,006042,Bagheli/Baghel Khandi,124,43,81
06,HARYANA,006045,Bagri Rajasthani,3,0,3
06,HARYANA,006066,Banjari,93,89,4
06,HARYANA,006086,Bhadrawahi,86,22,64
06,HARYANA,006096,Bharmauri/Gaddi,287,30,257
06,HARYANA,006102,Bhojpuri,109695,22486,87209
06,HARYANA,006119,Bishnoi,844,844,0
06,HARYANA,006123,Brajbhasha,7831,4740,3091
06,HARYANA,006125,Bundeli/Bundel khandi,3049,1755,1294
06,HARYANA,006133,Chambeali/Chamrali,14,4,10
06,HARYANA,006142,Chhattisgarhi,2846,1851,995
06,HARYANA,006173,Dhundhari,2,0,2
06,HARYANA,006195,Garhwali,12207,1086,11121
06,HARYANA,006198,Gawari,90,90,0
06,HARYANA,006207,Gojri/Gujjari/Gujar,129,25,104
06,HARYANA,006231,Handuri,1,1,0
06,HARYANA,006232,Hara/Harauti,4,0,4
06,HARYANA,006235,Haryanvi,9423007,7931555,1491452
06,HARYANA,006240,Hindi,12158233,5976366,6181867
06,HARYANA,006265,Jaunpuri/Jaunsari,30,8,22
06,HARYANA,006291,Kangri,169,16,153
06,HARYANA,006311,Khari Boli,2517,1920,597
06,HARYANA,006320,Khortha/Khotta,189,83,106
06,HARYANA,006336,Kulvi,5,0,5
06,HARYANA,006340,Kumauni,4427,398,4029
06,HARYANA,006345,Kurmali Thar,13,4,9
06,HARYANA,006353,Lamani/Lambadi,11,2,9
06,HARYANA,006376,Magadhi/Magahi,2321,1039,1282
06,HARYANA,006391,Malvi,68,5,63
06,HARYANA,006394,Mandeali,25,2,23
06,HARYANA,006400,Marwari,13488,8161,5327
06,HARYANA,006408,Mewari,108,100,8
06,HARYANA,006409,Mewati,421905,391958,29947
06,HARYANA,006420,Nagpuria,66,38,28
06,HARYANA,006432,Nimadi,31,10,21
06,HARYANA,006439,Pahari,10407,6501,3906
06,HARYANA,006452,Pando/Pandwani,1,1,0
06,HARYANA,006466,Pawari/Powari,6,6,0
06,HARYANA,006489,Rajasthani,80516,53556,26960
06,HARYANA,006503,Sadan/Sadri,478,207,271
06,HARYANA,006530,Sirmauri,7,1,6
06,HARYANA,006548,Surjapuri,185,38,147
06,HARYANA,006999,6 Others,57925,36789,21136
06,HARYANA,007000,7 KANNADA,3172,299,2873
06,HARYANA,007002,Badaga,4,0,4
06,HARYANA,007016,Kannada,3008,287,2721
06,HARYANA,007041,Prakritha/Prakritha Bhasha,125,5,120
06,HARYANA,007999,7 Others,35,7,28
06,HARYANA,008000,8 KASHMIRI,6225,279,5946
06,HARYANA,008005,Kashmiri,6016,220,5796
06,HARYANA,008018,Siraji,1,1,0
06,HARYANA,008019,Dardi,81,37,44
06,HARYANA,008999,8 Others,127,21,106
06,HARYANA,009000,9 KONKANI,432,39,393
06,HARYANA,009011,Konkani,407,32,375
06,HARYANA,009016,Malwani,16,7,9
06,HARYANA,009999,9 Others,9,0,9
06,HARYANA,010000,10 MAITHILI,25685,7567,18118
06,HARYANA,010008,Maithili,20169,3733,16436
06,HARYANA,010011,Purbi Maithili,3868,3456,412
06,HARYANA,010013,Thati,1644,374,1270
06,HARYANA,010014,Tharu,4,4,0
06,HARYANA,011000,11 MALAYALAM,14518,1261,13257
06,HARYANA,011016,Malayalam,14357,1111,13246
06,HARYANA,011023,Pania,12,12,0
06,HARYANA,011999,11 Others,149,138,11
06,HARYANA,012000,12 MANIPURI,563,102,461
06,HARYANA,012003,Manipuri,556,101,455
06,HARYANA,012999,12 Others,7,1,6
06,HARYANA,013000,13 MARATHI,12806,2129,10677
06,HARYANA,013060,Koli,3,3,0
06,HARYANA,013071,Marathi,12756,2111,10645
06,HARYANA,013999,13 Others,47,15,32
06,HARYANA,014000,14 NEPALI,19914,6217,13697
06,HARYANA,014011,Nepali,19914,6217,13697
06,HARYANA,015000,15 ODIA,14835,3108,11727
06,HARYANA,015007,Bhuiya/Bhuyan[Ori],1,0,1
06,HARYANA,015043,Odia,14302,2589,11713
06,HARYANA,015999,15 Others,532,519,13
06,HARYANA,016000,16 PUNJABI,2400883,1665810,735073
06,HARYANA,016002,Bagri,534263,491489,42774
06,HARYANA,016005,Bhateali,34,7,27
06,HARYANA,016038,Punjabi,1865482,1174075,691407
06,HARYANA,016999,16 Others,1104,239,865
06,HARYANA,017000,17 SANSKRIT,490,85,405
06,HARYANA,017002,Sanskrit,490,85,405
06,HARYANA,018000,18 SANTALI,222,147,75
06,HARYANA,018011,Mahili,1,1,0
06,HARYANA,018040,Santali,207,134,73
06,HARYANA,018999,18 Others,14,12,2
06,HARYANA,019000,19 SINDHI,1658,34,1624
06,HARYANA,019008,Kachchhi,12,0,12
06,HARYANA,019014,Sindhi,1645,34,1611
06,HARYANA,019999,19 Others,1,0,1
06,HARYANA,020000,20 TAMIL,12658,1315,11343
06,HARYANA,020027,Tamil,12657,1315,11342
06,HARYANA,020029,Yerukala/Yerukula,1,0,1
06,HARYANA,021000,21 TELUGU,9831,1309,8522
06,HARYANA,021046,Telugu,9665,1200,8465
06,HARYANA,021999,21 Others,166,109,57
06,HARYANA,022000,22 URDU,374353,328070,46283
06,HARYANA,022015,Urdu,374188,328002,46186
06,HARYANA,022016,Bhansari,5,0,5
06,HARYANA,022999,22 Others,160,68,92
06,HARYANA,023000,23 ADI,1023,898,125
06,HARYANA,023003,Adi,44,14,30
06,HARYANA,023040,Talgalo,2,0,2
06,HARYANA,023999,23 Others,977,884,93
06,HARYANA,024000,24 AFGHANI/KABULI/PASHTO,218,4,214
06,HARYANA,024001,Afghani/Kabuli/Pashto,218,4,214
06,HARYANA,026000,26 ANGAMI,7,0,7
06,HARYANA,026002,Angami,7,0,7
06,HARYANA,028000,28 ARABIC/ARBI,491,101,390
06,HARYANA,028001,Arabic/Arbi,491,101,390
06,HARYANA,029000,29 BALTI,24,4,20
06,HARYANA,029002,Balti,24,4,20
06,HARYANA,030000,30 BHILI/BHILODI,1121,830,291
06,HARYANA,030002,Baori,941,767,174
06,HARYANA,030007,Bhili/Bhilodi,12,9,3
06,HARYANA,030035,Kokna/Kokni/Kukna,114,23,91
06,HARYANA,030068,Pawri,22,22,0
06,HARYANA,030999,30 Others,32,9,23
06,HARYANA,031000,31 BHOTIA,61,19,42
06,HARYANA,031001,Bhotia,18,12,6
06,HARYANA,031011,Bauti,7,3,4
06,HARYANA,031999,31 Others,36,4,32
06,HARYANA,032000,32 BHUMIJ,1,0,1
06,HARYANA,032999,32 Others,1,0,1
06,HARYANA,033000,33 BISHNUPURIYA,6,0,6
06,HARYANA,033003,Bishnupriya Manipuri/Manipuri Bishnupriya,5,0,5
06,HARYANA,033999,33 Others,1,0,1
06,HARYANA,036000,36 CHANG,1,1,0
06,HARYANA,036001,Chang,1,1,0
06,HARYANA,037000,37 COORGI/KODAGU,31,15,16
06,HARYANA,037001,Coorgi/Kodagu,31,15,16
06,HARYANA,039000,39 DIMASA,4,0,4
06,HARYANA,039002,Dimasa,4,0,4
06,HARYANA,040000,40 ENGLISH,3852,821,3031
06,HARYANA,040001,English,3852,821,3031
06,HARYANA,041000,41 GADABA,4,0,4
06,HARYANA,041001,Gadaba,4,0,4
06,HARYANA,042000,42 GANGTE,1,0,1
06,HARYANA,042001,Gangte,1,0,1
06,HARYANA,043000,43 GARO,19,11,8
06,HARYANA,043005,Garo,13,11,2
06,HARYANA,043999,43 Others,6,0,6
06,HARYANA,044000,44 GONDI,50,13,37
06,HARYANA,044007,Gondi,5,1,4
06,HARYANA,044999,44 Others,45,12,33
06,HARYANA,046000,46 HALAM,5,2,3
06,HARYANA,046003,Halam,4,2,2
06,HARYANA,046999,46 Others,1,0,1
06,HARYANA,047000,47 HMAR,5,0,5
06,HARYANA,047001,Hmar,5,0,5
06,HARYANA,048000,48 HO,52,30,22
06,HARYANA,048004,Ho,39,26,13
06,HARYANA,048007,Lohara,13,4,9
06,HARYANA,051000,51 KABUI,6,0,6
06,HARYANA,051005,Rongmei,6,0,6
06,HARYANA,052000,52 KARBI/MIKIR,2,1,1
06,HARYANA,052002,Karbi/Mikir,2,1,1
06,HARYANA,053000,53 KHANDESHI,62,12,50
06,HARYANA,053005,Gujari,52,2,50
06,HARYANA,053999,53 Others,10,10,0
06,HARYANA,054000,54 KHARIA,216,111,105
06,HARYANA,054005,Kharia,215,110,105
06,HARYANA,054999,54 Others,1,1,0
06,HARYANA,055000,55 KHASI,21,3,18
06,HARYANA,055007,Khasi,21,3,18
06,HARYANA,056000,56 KHEZHA,25,20,5
06,HARYANA,056003,Khezha,3,2,1
06,HARYANA,056999,56 Others,22,18,4
06,HARYANA,059000,59 KINNAURI,23,4,19
06,HARYANA,059003,Kinnauri,20,4,16
06,HARYANA,059999,59 Others,3,0,3
06,HARYANA,060000,60 KISAN,1,0,1
06,HARYANA,060002,Kisan,1,0,1
06,HARYANA,062000,62 KODA/KORA,4,0,4
06,HARYANA,062003,Koda/Kora,4,0,4
06,HARYANA,066000,66 KONYAK,2,0,2
06,HARYANA,066001,Konyak,2,0,2
06,HARYANA,068000,68 KORWA,8,0,8
06,HARYANA,068999,68 Others,8,0,8
06,HARYANA,071000,71 KUKI,21,7,14
06,HARYANA,071008,Kuki,19,7,12
06,HARYANA,071999,71 Others,2,0,2
06,HARYANA,072000,72 KURUKH/ORAON,539,64,475
06,HARYANA,072024,Kurukh/Oraon,532,61,471
06,HARYANA,072999,72 Others,7,3,4
06,HARYANA,073000,73 LADAKHI,908,16,892
06,HARYANA,073003,Ladakhi,908,16,892
06,HARYANA,074000,74 LAHAULI,24,17,7
06,HARYANA,074002,Lahauli,21,17,4
06,HARYANA,074999,74 Others,3,0,3
06,HARYANA,075000,75 LAHNDA,29892,20478,9414
06,HARYANA,075001,Bahawal Puri,53,0,53
06,HARYANA,075006,Hindi Multani,29683,20478,9205
06,HARYANA,075999,75 Others,156,0,156
06,HARYANA,076000,76 LAKHER,2,1,1
06,HARYANA,076002,Mara,2,1,1
06,HARYANA,078000,78 LEPCHA,4,0,4
06,HARYANA,078001,Lepcha,4,0,4
06,HARYANA,081000,81 LOTHA,3,0,3
06,HARYANA,081001,Lotha,3,0,3
06,HARYANA,082000,82 LUSHAI/MIZO,95,12,83
06,HARYANA,082005,Lushai/Mizo,94,11,83
06,HARYANA,082999,82 Others,1,1,0
06,HARYANA,084000,84 MAO,1,1,0
06,HARYANA,084001,Mao,1,1,0
06,HARYANA,087000,87 MIRI/MISHING,3,2,1
06,HARYANA,087003,Miri/Mishing,3,2,1
06,HARYANA,089000,89 MOGH,13,0,13
06,HARYANA,089004,Mogh,13,0,13
06,HARYANA,090000,90 MONPA,11,10,1
06,HARYANA,090003,Monpa,11,10,1
06,HARYANA,091000,91 MUNDA,1626,768,858
06,HARYANA,091006,Kol,2,2,0
06,HARYANA,091009,Munda,219,47,172
06,HARYANA,091999,91 Others,1405,719,686
06,HARYANA,092000,92 MUNDARI,280,191,89
06,HARYANA,092005,Mundari,280,191,89
06,HARYANA,094000,94 NISSI/DAFLA,252,203,49
06,HARYANA,094001,Apatani,5,0,5
06,HARYANA,094007,Nissi/Dafla,236,192,44
06,HARYANA,094999,94 Others,11,11,0
06,HARYANA,095000,95 NOCTE,2,1,1
06,HARYANA,095003,Nocte,2,1,1
06,HARYANA,096000,96 PAITE,12,8,4
06,HARYANA,096002,Paite,12,8,4
06,HARYANA,102000,102 RABHA,1,0,1
06,HARYANA,102002,Rabha,1,0,1
06,HARYANA,104000,104 RENGMA,3,0,3
06,HARYANA,104001,Rengma,3,0,3
06,HARYANA,106000,106 SAVARA,25,0,25
06,HARYANA,106004,Savara,25,0,25
06,HARYANA,107000,107 SEMA,3,2,1
06,HARYANA,107002,Sema,3,2,1
06,HARYANA,108000,108 SHERPA,2,0,2
06,HARYANA,108001,Sherpa,2,0,2
06,HARYANA,109000,109 SHINA,10,3,7
06,HARYANA,109005,Shina,10,3,7
06,HARYANA,111000,111 TAMANG,6,0,6
06,HARYANA,111001,Tamang,6,0,6
06,HARYANA,112000,112 TANGKHUL,18,4,14
06,HARYANA,112008,Tangkhul,18,4,14
06,HARYANA,113000,113 TANGSA,3,0,3
06,HARYANA,113999,113 Others,3,0,3
06,HARYANA,114000,114 THADO,25,13,12
06,HARYANA,114015,Thado,20,13,7
06,HARYANA,114999,114 Others,5,0,5
06,HARYANA,115000,115 TIBETAN,329,99,230
06,HARYANA,115008,Tibetan,149,2,147
06,HARYANA,115011,Purkhi,177,97,80
06,HARYANA,115999,115 Others,3,0,3
06,HARYANA,116000,116 TRIPURI,59,40,19
06,HARYANA,116007,Kokbarak,34,27,7
06,HARYANA,116014,Tripuri,25,13,12
06,HARYANA,117000,117 TULU,64,7,57
06,HARYANA,117009,Tulu,56,6,50
06,HARYANA,117999,117 Others,8,1,7
06,HARYANA,118000,118 VAIPHEI,1,0,1
06,HARYANA,118002,Vaiphei,1,0,1
06,HARYANA,119000,119 WANCHO,2,0,2
06,HARYANA,119001,Wancho,2,0,2
06,HARYANA,120000,120 YIMCHUNGRE,1,0,1
06,HARYANA,120004,Tikhir,1,0,1
06,HARYANA,123000,123 ZOU,3,0,3
06,HARYANA,123001,Zou,3,0,3
06,HARYANA,124000,124 OTHERS,3579,1586,1993
07,NCT OF DELHI,001000,1 ASSAMESE,8573,58,8515
07,NCT OF DELHI,001002,Assamese,8436,58,8378
07,NCT OF DELHI,001999,1 Others,137,0,137
07,NCT OF DELHI,002000,2 BENGALI,215960,3859,212101
07,NCT OF DELHI,002007,Bengali,215818,3855,211963
07,NCT OF DELHI,002011,Chakma,103,0,103
07,NCT OF DELHI,002015,Haijong/Hajong,6,0,6
07,NCT OF DELHI,002044,Rajbangsi,3,0,3
07,NCT OF DELHI,002999,2 Others,30,4,26
07,NCT OF DELHI,003000,3 BODO,293,0,293
07,NCT OF DELHI,003001,Bodo/Boro,281,0,281
07,NCT OF DELHI,003003,Kachari,3,0,3
07,NCT OF DELHI,003004,Mech/Mechhia,2,0,2
07,NCT OF DELHI,003999,3 Others,7,0,7
07,NCT OF DELHI,004000,4 DOGRI,6350,46,6304
07,NCT OF DELHI,004001,Dogri,6350,46,6304
07,NCT OF DELHI,005000,5 GUJARATI,40613,84,40529
07,NCT OF DELHI,005018,Gujarati,40349,84,40265
07,NCT OF DELHI,005052,Pattani,1,0,1
07,NCT OF DELHI,005057,Saurashtra/Saurashtri,168,0,168
07,NCT OF DELHI,005999,5 Others,95,0,95
07,NCT OF DELHI,006000,6 HINDI,14255526,401801,13853725
07,NCT OF DELHI,006030,Awadhi,12809,171,12638
07,NCT OF DELHI,006040,Baghati/Baghati Pahari,19,0,19
07,NCT OF DELHI,006042,Bagheli/Baghel Khandi,119,0,119
07,NCT OF DELHI,006066,Banjari,24,4,20
07,NCT OF DELHI,006086,Bhadrawahi,24,0,24
07,NCT OF DELHI,006089,Bhagoria,1,0,1
07,NCT OF DELHI,006096,Bharmauri/Gaddi,16,0,16
07,NCT OF DELHI,006102,Bhojpuri,226103,5772,220331
07,NCT OF DELHI,006119,Bishnoi,1,0,1
07,NCT OF DELHI,006123,Brajbhasha,4713,85,4628
07,NCT OF DELHI,006125,Bundeli/Bundel khandi,4881,523,4358
07,NCT OF DELHI,006142,Chhattisgarhi,1280,19,1261
07,NCT OF DELHI,006149,Churahi,1,0,1
07,NCT OF DELHI,006173,Dhundhari,40,0,40
07,NCT OF DELHI,006195,Garhwali,71476,1532,69944
07,NCT OF DELHI,006198,Gawari,12,0,12
07,NCT OF DELHI,006207,Gojri/Gujjari/Gujar,69,0,69
07,NCT OF DELHI,006231,Handuri,7,0,7
07,NCT OF DELHI,006232,Hara/Harauti,9,0,9
07,NCT OF DELHI,006235,Haryanvi,112862,21757,91105
07,NCT OF DELHI,006240,Hindi,13642944,368989,13273955
07,NCT OF DELHI,006265,Jaunpuri/Jaunsari,235,3,232
07,NCT OF DELHI,006291,Kangri,633,9,624
07,NCT OF DELHI,006311,Khari Boli,1680,6,1674
07,NCT OF DELHI,006320,Khortha/Khotta,406,11,395
07,NCT OF DELHI,006336,Kulvi,10,0,10
07,NCT OF DELHI,006340,Kumauni,32674,1019,31655
07,NCT OF DELHI,006345,Kurmali Thar,5,0,5
07,NCT OF DELHI,006353,Lamani/Lambadi,524,0,524
07,NCT OF DELHI,006355,Laria,6,0,6
07,NCT OF DELHI,006376,Magadhi/Magahi,5297,170,5127
07,NCT OF DELHI,006391,Malvi,46,0,46
07,NCT OF DELHI,006394,Mandeali,90,0,90
07,NCT OF DELHI,006400,Marwari,11484,55,11429
07,NCT OF DELHI,006408,Mewari,39,0,39
07,NCT OF DELHI,006409,Mewati,235,0,235
07,NCT OF DELHI,006420,Nagpuria,86,0,86
07,NCT OF DELHI,006432,Nimadi,21,0,21
07,NCT OF DELHI,006438,Padari,1,0,1
07,NCT OF DELHI,006439,Pahari,15281,269,15012
07,NCT OF DELHI,006451,Panch Pargania,5,0,5
07,NCT OF DELHI,006476,Puran/Puran Bhasha,9,0,9
07,NCT OF DELHI,006489,Rajasthani,77220,617,76603
07,NCT OF DELHI,006503,Sadan/Sadri,1459,13,1446
07,NCT OF DELHI,006535,Sondwari,11,0,11
07,NCT OF DELHI,006541,Sugali,2,0,2
07,NCT OF DELHI,006547,Surgujia,4,0,4
07,NCT OF DELHI,006548,Surjapuri,160,0,160
07,NCT OF DELHI,006999,6 Others,30493,777,29716
07,NCT OF DELHI,007000,7 KANNADA,10012,17,9995
07,NCT OF DELHI,007002,Badaga,6,0,6
07,NCT OF DELHI,007016,Kannada,9261,17,9244
07,NCT OF DELHI,007027,Kuruba/Kurumba,10,0,10
07,NCT OF DELHI,007041,Prakritha/Prakritha Bhasha,691,0,691
07,NCT OF DELHI,007999,7 Others,44,0,44
07,NCT OF DELHI,008000,8 KASHMIRI,18122,83,18039
07,NCT OF DELHI,008005,Kashmiri,18106,83,18023
07,NCT OF DELHI,008010,Kishtwari,7,0,7
07,NCT OF DELHI,008999,8 Others,9,0,9
07,NCT OF DELHI,009000,9 KONKANI,1553,0,1553
07,NCT OF DELHI,009011,Konkani,1521,0,1521
07,NCT OF DELHI,009016,Malwani,13,0,13
07,NCT OF DELHI,009020,Nawait,1,0,1
07,NCT OF DELHI,009028,Gorboli/Goru/Gorwani,1,0,1
07,NCT OF DELHI,009999,9 Others,17,0,17
07,NCT OF DELHI,010000,10 MAITHILI,122956,3442,119514
07,NCT OF DELHI,010008,Maithili,120783,3335,117448
07,NCT OF DELHI,010011,Purbi Maithili,515,14,501
07,NCT OF DELHI,010013,Thati,1628,93,1535
07,NCT OF DELHI,010014,Tharu,27,0,27
07,NCT OF DELHI,010999,10 Others,3,0,3
07,NCT OF DELHI,011000,11 MALAYALAM,88662,147,88515
07,NCT OF DELHI,011016,Malayalam,87718,147,87571
07,NCT OF DELHI,011023,Pania,1,0,1
07,NCT OF DELHI,011999,11 Others,943,0,943
07,NCT OF DELHI,012000,12 MANIPURI,3892,12,3880
07,NCT OF DELHI,012003,Manipuri,3885,12,3873
07,NCT OF DELHI,012999,12 Others,7,0,7
07,NCT OF DELHI,013000,13 MARATHI,27239,385,26854
07,NCT OF DELHI,013060,Koli,8,2,6
07,NCT OF DELHI,013071,Marathi,26748,383,26365
07,NCT OF DELHI,013999,13 Others,483,0,483
07,NCT OF DELHI,014000,14 NEPALI,37468,580,36888
07,NCT OF DELHI,014011,Nepali,37455,580,36875
07,NCT OF DELHI,014999,14 Others,13,0,13
07,NCT OF DELHI,015000,15 ODIA,37645,331,37314
07,NCT OF DELHI,015006,Bhatri,6,0,6
07,NCT OF DELHI,015043,Odia,37602,331,37271
07,NCT OF DELHI,015058,Sambalpuri,11,0,11
07,NCT OF DELHI,015999,15 Others,26,0,26
07,NCT OF DELHI,016000,16 PUNJABI,873477,4826,868651
07,NCT OF DELHI,016002,Bagri,70,0,70
07,NCT OF DELHI,016038,Punjabi,873305,4826,868479
07,NCT OF DELHI,016999,16 Others,102,0,102
07,NCT OF DELHI,017000,17 SANSKRIT,648,54,594
07,NCT OF DELHI,017002,Sanskrit,648,54,594
07,NCT OF DELHI,018000,18 SANTALI,521,7,514
07,NCT OF DELHI,018011,Mahili,2,0,2
07,NCT OF DELHI,018040,Santali,510,7,503
07,NCT OF DELHI,018999,18 Others,9,0,9
07,NCT OF DELHI,019000,19 SINDHI,31177,26,31151
07,NCT OF DELHI,019008,Kachchhi,26,0,26
07,NCT OF DELHI,019014,Sindhi,31126,26,31100
07,NCT OF DELHI,019999,19 Others,25,0,25
07,NCT OF DELHI,020000,20 TAMIL,82719,106,82613
07,NCT OF DELHI,020009,Kaikadi,1,0,1
07,NCT OF DELHI,020015,Korava,40,0,40
07,NCT OF DELHI,020027,Tamil,82665,106,82559
07,NCT OF DELHI,020999,20 Others,13,0,13
07,NCT OF DELHI,021000,21 TELUGU,25934,109,25825
07,NCT OF DELHI,021046,Telugu,25882,105,25777
07,NCT OF DELHI,021999,21 Others,52,4,48
07,NCT OF DELHI,022000,22 URDU,867673,2921,864752
07,NCT OF DELHI,022015,Urdu,866879,2892,863987
07,NCT OF DELHI,022016,Bhansari,277,19,258
07,NCT OF DELHI,022999,22 Others,517,10,507
07,NCT OF DELHI,023000,23 ADI,32,0,32
07,NCT OF DELHI,023003,Adi,20,0,20
07,NCT OF DELHI,023006,Adi Gallong/Gallong,1,0,1
07,NCT OF DELHI,023999,23 Others,11,0,11
07,NCT OF DELHI,024000,24 AFGHANI/KABULI/PASHTO,1768,1,1767
07,NCT OF DELHI,024001,Afghani/Kabuli/Pashto,1768,1,1767
07,NCT OF DELHI,025000,25 ANAL,42,0,42
07,NCT OF DELHI,025001,Anal,35,0,35
07,NCT OF DELHI,025999,25 Others,7,0,7
07,NCT OF DELHI,026000,26 ANGAMI,79,0,79
07,NCT OF DELHI,026002,Angami,55,0,55
07,NCT OF DELHI,026999,26 Others,24,0,24
07,NCT OF DELHI,027000,27 AO,100,0,100
07,NCT OF DELHI,027001,Ao,60,0,60
07,NCT OF DELHI,027005,Mongsen,8,0,8
07,NCT OF DELHI,027999,27 Others,32,0,32
07,NCT OF DELHI,028000,28 ARABIC/ARBI,696,42,654
07,NCT OF DELHI,028001,Arabic/Arbi,696,42,654
07,NCT OF DELHI,030000,30 BHILI/BHILODI,304,0,304
07,NCT OF DELHI,030002,Baori,8,0,8
07,NCT OF DELHI,030007,Bhili/Bhilodi,1,0,1
07,NCT OF DELHI,030015,Dhodia,7,0,7
07,NCT OF DELHI,030021,Garasia,2,0,2
07,NCT OF DELHI,030035,Kokna/Kokni/Kukna,197,0,197
07,NCT OF DELHI,030049,Mawchi,2,0,2
07,NCT OF DELHI,030070,Rathi,1,0,1
07,NCT OF DELHI,030076,Vasava,5,0,5
07,NCT OF DELHI,030078,Wagdi,6,0,6
07,NCT OF DELHI,030999,30 Others,75,0,75
07,NCT OF DELHI,031000,31 BHOTIA,372,0,372
07,NCT OF DELHI,031001,Bhotia,291,0,291
07,NCT OF DELHI,031011,Bauti,2,0,2
07,NCT OF DELHI,031999,31 Others,79,0,79
07,NCT OF DELHI,032000,32 BHUMIJ,9,0,9
07,NCT OF DELHI,032999,32 Others,9,0,9
07,NCT OF DELHI,033000,33 BISHNUPURIYA,25,0,25
07,NCT OF DELHI,033003,Bishnupriya Manipuri/Manipuri Bishnupriya,9,0,9
07,NCT OF DELHI,033999,33 Others,16,0,16
07,NCT OF DELHI,034000,34 CHAKHESANG,6,0,6
07,NCT OF DELHI,034001,Chakhesang,6,0,6
07,NCT OF DELHI,035000,35 CHAKRU/CHOKRI,4,0,4
07,NCT OF DELHI,035001,Chakru/Chokri,4,0,4
07,NCT OF DELHI,036000,36 CHANG,10,0,10
07,NCT OF DELHI,036001,Chang,10,0,10
07,NCT OF DELHI,037000,37 COORGI/KODAGU,59,0,59
07,NCT OF DELHI,037001,Coorgi/Kodagu,59,0,59
07,NCT OF DELHI,038000,38 DEORI,5,0,5
07,NCT OF DELHI,038001,Deori,5,0,5
07,NCT OF DELHI,039000,39 DIMASA,17,0,17
07,NCT OF DELHI,039002,Dimasa,11,0,11
07,NCT OF DELHI,039999,39 Others,6,0,6
07,NCT OF DELHI,040000,40 ENGLISH,6236,40,6196
07,NCT OF DELHI,040001,English,6236,40,6196
07,NCT OF DELHI,042000,42 GANGTE,83,0,83
07,NCT OF DELHI,042001,Gangte,83,0,83
07,NCT OF DELHI,043000,43 GARO,92,0,92
07,NCT OF DELHI,043005,Garo,75,0,75
07,NCT OF DELHI,043999,43 Others,17,0,17
07,NCT OF DELHI,044000,44 GONDI,147,0,147
07,NCT OF DELHI,044007,Gondi,8,0,8
07,NCT OF DELHI,044017,Maria/ Muria,5,0,5
07,NCT OF DELHI,044999,44 Others,134,0,134
07,NCT OF DELHI,045000,45 HALABI,60,0,60
07,NCT OF DELHI,045001,Halabi,60,0,60
07,NCT OF DELHI,046000,46 HALAM,28,0,28
07,NCT OF DELHI,046003,Halam,14,0,14
07,NCT OF DELHI,046999,46 Others,14,0,14
07,NCT OF DELHI,047000,47 HMAR,197,0,197
07,NCT OF DELHI,047001,Hmar,197,0,197
07,NCT OF DELHI,048000,48 HO,70,0,70
07,NCT OF DELHI,048004,Ho,62,0,62
07,NCT OF DELHI,048007,Lohara,8,0,8
07,NCT OF DELHI,049000,49 JATAPU,2,0,2
07,NCT OF DELHI,049999,49 Others,2,0,2
07,NCT OF DELHI,051000,51 KABUI,157,0,157
07,NCT OF DELHI,051003,Kabui,43,0,43
07,NCT OF DELHI,051005,Rongmei,114,0,114
07,NCT OF DELHI,052000,52 KARBI/MIKIR,10,0,10
07,NCT OF DELHI,052002,Karbi/Mikir,10,0,10
07,NCT OF DELHI,053000,53 KHANDESHI,178,1,177
07,NCT OF DELHI,053002,Ahirani,10,0,10
07,NCT OF DELHI,053005,Gujari,168,1,167
07,NCT OF DELHI,054000,54 KHARIA,430,6,424
07,NCT OF DELHI,054005,Kharia,418,6,412
07,NCT OF DELHI,054999,54 Others,12,0,12
07,NCT OF DELHI,055000,55 KHASI,202,0,202
07,NCT OF DELHI,055007,Khasi,182,0,182
07,NCT OF DELHI,055012,Pnar/Synteng,1,0,1
07,NCT OF DELHI,055999,55 Others,19,0,19
07,NCT OF DELHI,056000,56 KHEZHA,21,0,21
07,NCT OF DELHI,056003,Khezha,1,0,1
07,NCT OF DELHI,056999,56 Others,20,0,20
07,NCT OF DELHI,057000,57 KHIEMNUNGAN,3,0,3
07,NCT OF DELHI,057001,Khiemnungan,3,0,3
07,NCT OF DELHI,058000,58 KHOND/KONDH,11,0,11
07,NCT OF DELHI,058001,Khond/Kondh,1,0,1
07,NCT OF DELHI,058006,Kuvi,10,0,10
07,NCT OF DELHI,059000,59 KINNAURI,41,0,41
07,NCT OF DELHI,059003,Kinnauri,39,0,39
07,NCT OF DELHI,059999,59 Others,2,0,2
07,NCT OF DELHI,062000,62 KODA/KORA,3,2,1
07,NCT OF DELHI,062003,Koda/Kora,3,2,1
07,NCT OF DELHI,064000,64 KOM,11,0,11
07,NCT OF DELHI,064001,Kom,11,0,11
07,NCT OF DELHI,065000,65 KONDA,4,0,4
07,NCT OF DELHI,065003,Konda,1,0,1
07,NCT OF DELHI,065999,65 Others,3,0,3
07,NCT OF DELHI,066000,66 KONYAK,6,0,6
07,NCT OF DELHI,066001,Konyak,6,0,6
07,NCT OF DELHI,068000,68 KORWA,8,0,8
07,NCT OF DELHI,068999,68 Others,8,0,8
07,NCT OF DELHI,071000,71 KUKI,296,0,296
07,NCT OF DELHI,071008,Kuki,293,0,293
07,NCT OF DELHI,071999,71 Others,3,0,3
07,NCT OF DELHI,072000,72 KURUKH/ORAON,2753,14,2739
07,NCT OF DELHI,072024,Kurukh/Oraon,2753,14,2739
07,NCT OF DELHI,073000,73 LADAKHI,371,0,371
07,NCT OF DELHI,073003,Ladakhi,371,0,371
07,NCT OF DELHI,074000,74 LAHAULI,16,0,16
07,NCT OF DELHI,074002,Lahauli,16,0,16
07,NCT OF DELHI,075000,75 LAHNDA,4070,7,4063
07,NCT OF DELHI,075001,Bahawal Puri,265,0,265
07,NCT OF DELHI,075006,Hindi Multani,3533,6,3527
07,NCT OF DELHI,075999,75 Others,272,1,271
07,NCT OF DELHI,076000,76 LAKHER,21,0,21
07,NCT OF DELHI,076002,Mara,21,0,21
07,NCT OF DELHI,078000,78 LEPCHA,33,0,33
07,NCT OF DELHI,078001,Lepcha,33,0,33
07,NCT OF DELHI,079000,79 LIANGMEI,46,0,46
07,NCT OF DELHI,079002,Liangmei,46,0,46
07,NCT OF DELHI,080000,80 LIMBU,6,0,6
07,NCT OF DELHI,080999,80 Others,6,0,6
07,NCT OF DELHI,081000,81 LOTHA,43,0,43
07,NCT OF DELHI,081001,Lotha,43,0,43
07,NCT OF DELHI,082000,82 LUSHAI/MIZO,715,0,715
07,NCT OF DELHI,082005,Lushai/Mizo,709,0,709
07,NCT OF DELHI,082999,82 Others,6,0,6
07,NCT OF DELHI,084000,84 MAO,176,0,176
07,NCT OF DELHI,084001,Mao,153,0,153
07,NCT OF DELHI,084003,Paola,23,0,23
07,NCT OF DELHI,085000,85 MARAM,8,0,8
07,NCT OF DELHI,085001,Maram,8,0,8
07,NCT OF DELHI,086000,86 MARING,16,0,16
07,NCT OF DELHI,086001,Maring,16,0,16
07,NCT OF DELHI,087000,87 MIRI/MISHING,8,1,7
07,NCT OF DELHI,087003,Miri/Mishing,8,1,7
07,NCT OF DELHI,088000,88 MISHMI,7,0,7
07,NCT OF DELHI,088007,Mishmi,7,0,7
07,NCT OF DELHI,089000,89 MOGH,24,0,24
07,NCT OF DELHI,089004,Mogh,24,0,24
07,NCT OF DELHI,090000,90 MONPA,22,0,22
07,NCT OF DELHI,090003,Monpa,22,0,22
07,NCT OF DELHI,091000,91 MUNDA,783,9,774
07,NCT OF DELHI,091009,Munda,346,9,337
07,NCT OF DELHI,091999,91 Others,437,0,437
07,NCT OF DELHI,092000,92 MUNDARI,330,2,328
07,NCT OF DELHI,092005,Mundari,329,2,327
07,NCT OF DELHI,092999,92 Others,1,0,1
07,NCT OF DELHI,094000,94 NISSI/DAFLA,76,1,75
07,NCT OF DELHI,094001,Apatani,29,0,29
07,NCT OF DELHI,094007,Nissi/Dafla,20,0,20
07,NCT OF DELHI,094008,Tagin,5,0,5
07,NCT OF DELHI,094999,94 Others,22,1,21
07,NCT OF DELHI,095000,95 NOCTE,10,0,10
07,NCT OF DELHI,095003,Nocte,10,0,10
07,NCT OF DELHI,096000,96 PAITE,496,0,496
07,NCT OF DELHI,096002,Paite,495,0,495
07,NCT OF DELHI,096999,96 Others,1,0,1
07,NCT OF DELHI,097000,97 PARJI,1,0,1
07,NCT OF DELHI,097999,97 Others,1,0,1
07,NCT OF DELHI,100000,100 PHOM,4,0,4
07,NCT OF DELHI,100001,Phom,4,0,4
07,NCT OF DELHI,101000,101 POCHURY,2,0,2
07,NCT OF DELHI,101006,Pochury,2,0,2
07,NCT OF DELHI,102000,102 RABHA,8,0,8
07,NCT OF DELHI,102002,Rabha,8,0,8
07,NCT OF DELHI,103000,103 RAI,1,0,1
07,NCT OF DELHI,103003,Rai,1,0,1
07,NCT OF DELHI,104000,104 RENGMA,10,0,10
07,NCT OF DELHI,104001,Rengma,10,0,10
07,NCT OF DELHI,105000,105 SANGTAM,1,0,1
07,NCT OF DELHI,105004,Sangtam,1,0,1
07,NCT OF DELHI,106000,106 SAVARA,49,0,49
07,NCT OF DELHI,106004,Savara,49,0,49
07,NCT OF DELHI,107000,107 SEMA,16,0,16
07,NCT OF DELHI,107002,Sema,16,0,16
07,NCT OF DELHI,108000,108 SHERPA,17,0,17
07,NCT OF DELHI,108001,Sherpa,17,0,17
07,NCT OF DELHI,109000,109 SHINA,4,0,4
07,NCT OF DELHI,109999,109 Others,4,0,4
07,NCT OF DELHI,111000,111 TAMANG,33,0,33
07,NCT OF DELHI,111001,Tamang,33,0,33
07,NCT OF DELHI,112000,112 TANGKHUL,310,0,310
07,NCT OF DELHI,112008,Tangkhul,307,0,307
07,NCT OF DELHI,112999,112 Others,3,0,3
07,NCT OF DELHI,113000,113 TANGSA,4,0,4
07,NCT OF DELHI,113999,113 Others,4,0,4
07,NCT OF DELHI,114000,114 THADO,165,0,165
07,NCT OF DELHI,114015,Thado,165,0,165
07,NCT OF DELHI,115000,115 TIBETAN,1900,4,1896
07,NCT OF DELHI,115008,Tibetan,1880,4,1876
07,NCT OF DELHI,115011,Purkhi,7,0,7
07,NCT OF DELHI,115999,115 Others,13,0,13
07,NCT OF DELHI,116000,116 TRIPURI,58,0,58
07,NCT OF DELHI,116007,Kokbarak,30,0,30
07,NCT OF DELHI,116011,Reang,4,0,4
07,NCT OF DELHI,116014,Tripuri,24,0,24
07,NCT OF DELHI,117000,117 TULU,209,1,208
07,NCT OF DELHI,117009,Tulu,199,0,199
07,NCT OF DELHI,117999,117 Others,10,1,9
07,NCT OF DELHI,118000,118 VAIPHEI,90,0,90
07,NCT OF DELHI,118002,Vaiphei,90,0,90
07,NCT OF DELHI,119000,119 WANCHO,9,0,9
07,NCT OF DELHI,119001,Wancho,9,0,9
07,NCT OF DELHI,120000,120 YIMCHUNGRE,13,0,13
07,NCT OF DELHI,120001,Chirr,3,0,3
07,NCT OF DELHI,120004,Tikhir,2,0,2
07,NCT OF DELHI,120005,Yimchungre,8,0,8
07,NCT OF DELHI,121000,121 ZELIANG,1,0,1
07,NCT OF DELHI,121001,Zeliang,1,0,1
07,NCT OF DELHI,122000,122 ZEMI,15,0,15
07,NCT OF DELHI,122003,Zemi,15,0,15
07,NCT OF DELHI,123000,123 ZOU,54,0,54
07,NCT OF DELHI,123001,Zou,54,0,54
07,NCT OF DELHI,124000,124 OTHERS,6100,17,6083
08,RAJASTHAN,001000,1 ASSAMESE,2877,972,1905
08,RAJASTHAN,001002,Assamese,2789,966,1823
08,RAJASTHAN,001999,1 Others,88,6,82
08,RAJASTHAN,002000,2 BENGALI,81658,31423,50235
08,RAJASTHAN,002007,Bengali,81564,31359,50205
08,RAJASTHAN,002011,Chakma,55,45,10
08,RAJASTHAN,002015,Haijong/Hajong,1,0,1
08,RAJASTHAN,002999,2 Others,38,19,19
08,RAJASTHAN,003000,3 BODO,106,26,80
08,RAJASTHAN,003001,Bodo/Boro,102,24,78
08,RAJASTHAN,003003,Kachari,3,2,1
08,RAJASTHAN,003004,Mech/Mechhia,1,0,1
08,RAJASTHAN,004000,4 DOGRI,5120,1583,3537
08,RAJASTHAN,004001,Dogri,5120,1583,3537
08,RAJASTHAN,005000,5 GUJARATI,67490,29036,38454
08,RAJASTHAN,005018,Gujarati,66849,28534,38315
08,RAJASTHAN,005019,Gujrao/Gujrau,13,0,13
08,RAJASTHAN,005052,Pattani,8,8,0
08,RAJASTHAN,005054,Ponchi,95,54,41
08,RAJASTHAN,005057,Saurashtra/Saurashtri,7,1,6
08,RAJASTHAN,005999,5 Others,518,439,79
08,RAJASTHAN,006000,6 HINDI,61274274,45740708,15533566
08,RAJASTHAN,006030,Awadhi,7351,5630,1721
08,RAJASTHAN,006040,Baghati/Baghati Pahari,150,117,33
08,RAJASTHAN,006042,Bagheli/Baghel Khandi,178,137,41
08,RAJASTHAN,006045,Bagri Rajasthani,668,551,117
08,RAJASTHAN,006066,Banjari,8719,8504,215
08,RAJASTHAN,006086,Bhadrawahi,66,8,58
08,RAJASTHAN,006096,Bharmauri/Gaddi,138,120,18
08,RAJASTHAN,006102,Bhojpuri,48483,9507,38976
08,RAJASTHAN,006119,Bishnoi,305,305,0
08,RAJASTHAN,006123,Brajbhasha,814162,637068,177094
08,RAJASTHAN,006125,Bundeli/Bundel khandi,2227,1659,568
08,RAJASTHAN,006133,Chambeali/Chamrali,99,99,0
08,RAJASTHAN,006142,Chhattisgarhi,2053,1737,316
08,RAJASTHAN,006149,Churahi,1,1,0
08,RAJASTHAN,006173,Dhundhari,1473032,1193896,279136
08,RAJASTHAN,006195,Garhwali,4080,460,3620
08,RAJASTHAN,006198,Gawari,441,139,302
08,RAJASTHAN,006207,Gojri/Gujjari/Gujar,308,118,190
08,RAJASTHAN,006231,Handuri,116,63,53
08,RAJASTHAN,006232,Hara/Harauti,2944228,2289945,654283
08,RAJASTHAN,006235,Haryanvi,66831,48709,18122
08,RAJASTHAN,006240,Hindi,18742450,11200920,7541530
08,RAJASTHAN,006265,Jaunpuri/Jaunsari,94,32,62
08,RAJASTHAN,006291,Kangri,63,32,31
08,RAJASTHAN,006311,Khari Boli,10923,9355,1568
08,RAJASTHAN,006320,Khortha/Khotta,291,180,111
08,RAJASTHAN,006336,Kulvi,1,1,0
08,RAJASTHAN,006340,Kumauni,3223,325,2898
08,RAJASTHAN,006345,Kurmali Thar,4,0,4
08,RAJASTHAN,006353,Lamani/Lambadi,4244,3870,374
08,RAJASTHAN,006376,Magadhi/Magahi,935,192,743
08,RAJASTHAN,006391,Malvi,529348,496268,33080
08,RAJASTHAN,006394,Mandeali,57,40,17
08,RAJASTHAN,006400,Marwari,6201702,5269364,932338
08,RAJASTHAN,006408,Mewari,4179940,3651858,528082
08,RAJASTHAN,006409,Mewati,421044,404102,16942
08,RAJASTHAN,006420,Nagpuria,31,27,4
08,RAJASTHAN,006432,Nimadi,107,50,57
08,RAJASTHAN,006439,Pahari,3519,1935,1584
08,RAJASTHAN,006451,Panch Pargania,3,3,0
08,RAJASTHAN,006466,Pawari/Powari,48,46,2
08,RAJASTHAN,006476,Puran/Puran Bhasha,1,0,1
08,RAJASTHAN,006489,Rajasthani,25279304,20008311,5270993
08,RAJASTHAN,006503,Sadan/Sadri,211102,211033,69
08,RAJASTHAN,006535,Sondwari,202258,201518,740
08,RAJASTHAN,006548,Surjapuri,62,29,33
08,RAJASTHAN,006999,6 Others,109884,82444,27440
08,RAJASTHAN,007000,7 KANNADA,5931,1639,4292
08,RAJASTHAN,007002,Badaga,15,9,6
08,RAJASTHAN,007016,Kannada,3905,1291,2614
08,RAJASTHAN,007041,Prakritha/Prakritha Bhasha,1964,298,1666
08,RAJASTHAN,007999,7 Others,47,41,6
08,RAJASTHAN,008000,8 KASHMIRI,4164,2372,1792
08,RAJASTHAN,008005,Kashmiri,4139,2362,1777
08,RAJASTHAN,008010,Kishtwari,7,5,2
08,RAJASTHAN,008018,Siraji,1,1,0
08,RAJASTHAN,008019,Dardi,8,4,4
08,RAJASTHAN,008999,8 Others,9,0,9
08,RAJASTHAN,009000,9 KONKANI,255,140,115
08,RAJASTHAN,009011,Konkani,111,19,92
08,RAJASTHAN,009016,Malwani,6,5,1
08,RAJASTHAN,009020,Nawait,1,1,0
08,RAJASTHAN,009028,Gorboli/Goru/Gorwani,21,11,10
08,RAJASTHAN,009999,9 Others,116,104,12
08,RAJASTHAN,010000,10 MAITHILI,11666,2646,9020
08,RAJASTHAN,010008,Maithili,11292,2440,8852
08,RAJASTHAN,010011,Purbi Maithili,188,140,48
08,RAJASTHAN,010013,Thati,175,63,112
08,RAJASTHAN,010014,Tharu,11,3,8
08,RAJASTHAN,011000,11 MALAYALAM,24439,6431,18008
08,RAJASTHAN,011016,Malayalam,22707,5266,17441
08,RAJASTHAN,011999,11 Others,1732,1165,567
08,RAJASTHAN,012000,12 MANIPURI,2168,1295,873
08,RAJASTHAN,012003,Manipuri,2166,1295,871
08,RAJASTHAN,012999,12 Others,2,0,2
08,RAJASTHAN,013000,13 MARATHI,23240,6902,16338
08,RAJASTHAN,013060,Koli,26,5,21
08,RAJASTHAN,013071,Marathi,22905,6641,16264
08,RAJASTHAN,013999,13 Others,309,256,53
08,RAJASTHAN,014000,14 NEPALI,7636,1849,5787
08,RAJASTHAN,014011,Nepali,7633,1849,5784
08,RAJASTHAN,014999,14 Others,3,0,3
08,RAJASTHAN,015000,15 ODIA,17047,6047,11000
08,RAJASTHAN,015043,Odia,16882,5915,10967
08,RAJASTHAN,015999,15 Others,165,132,33
08,RAJASTHAN,016000,16 PUNJABI,2274342,1860271,414071
08,RAJASTHAN,016002,Bagri,1119675,1003843,115832
08,RAJASTHAN,016038,Punjabi,1154622,856400,298222
08,RAJASTHAN,016999,16 Others,45,28,17
08,RAJASTHAN,017000,17 SANSKRIT,2375,1461,914
08,RAJASTHAN,017002,Sanskrit,2375,1461,914
08,RAJASTHAN,018000,18 SANTALI,258,156,102
08,RAJASTHAN,018010,Karmali,2,0,2
08,RAJASTHAN,018011,Mahili,6,0,6
08,RAJASTHAN,018040,Santali,240,154,86
08,RAJASTHAN,018999,18 Others,10,2,8
08,RAJASTHAN,019000,19 SINDHI,386569,152665,233904
08,RAJASTHAN,019002,Bhatia,3,0,3
08,RAJASTHAN,019008,Kachchhi,177,132,45
08,RAJASTHAN,019014,Sindhi,353806,120461,233345
08,RAJASTHAN,019999,19 Others,32583,32072,511
08,RAJASTHAN,020000,20 TAMIL,8939,2450,6489
08,RAJASTHAN,020009,Kaikadi,6,0,6
08,RAJASTHAN,020027,Tamil,8921,2447,6474
08,RAJASTHAN,020999,20 Others,12,3,9
08,RAJASTHAN,021000,21 TELUGU,8350,2548,5802
08,RAJASTHAN,021046,Telugu,8298,2521,5777
08,RAJASTHAN,021999,21 Others,52,27,25
08,RAJASTHAN,022000,22 URDU,664915,113738,551177
08,RAJASTHAN,022015,Urdu,660186,110307,549879
08,RAJASTHAN,022016,Bhansari,201,157,44
08,RAJASTHAN,022999,22 Others,4528,3274,1254
08,RAJASTHAN,023000,23 ADI,892,701,191
08,RAJASTHAN,023003,Adi,758,675,83
08,RAJASTHAN,023006,Adi Gallong/Gallong,9,7,2
08,RAJASTHAN,023040,Talgalo,93,6,87
08,RAJASTHAN,023999,23 Others,32,13,19
08,RAJASTHAN,024000,24 AFGHANI/KABULI/PASHTO,174,50,124
08,RAJASTHAN,024001,Afghani/Kabuli/Pashto,173,49,124
08,RAJASTHAN,024999,24 Others,1,1,0
08,RAJASTHAN,025000,25 ANAL,7,0,7
08,RAJASTHAN,025001,Anal,7,0,7
08,RAJASTHAN,026000,26 ANGAMI,3,0,3
08,RAJASTHAN,026002,Angami,2,0,2
08,RAJASTHAN,026999,26 Others,1,0,1
08,RAJASTHAN,027000,27 AO,9,4,5
08,RAJASTHAN,027001,Ao,9,4,5
08,RAJASTHAN,028000,28 ARABIC/ARBI,891,393,498
08,RAJASTHAN,028001,Arabic/Arbi,890,393,497
08,RAJASTHAN,028999,28 Others,1,0,1
08,RAJASTHAN,029000,29 BALTI,10,0,10
08,RAJASTHAN,029002,Balti,10,0,10
08,RAJASTHAN,030000,30 BHILI/BHILODI,3592208,3468974,123234
08,RAJASTHAN,030002,Baori,51692,50640,1052
08,RAJASTHAN,030003,Barel,21,21,0
08,RAJASTHAN,030006,Bhilali,127,127,0
08,RAJASTHAN,030007,Bhili/Bhilodi,46664,44930,1734
08,RAJASTHAN,030020,Gamti/Gavit,130,120,10
08,RAJASTHAN,030021,Garasia,67312,66967,345
08,RAJASTHAN,030035,Kokna/Kokni/Kukna,96,13,83
08,RAJASTHAN,030049,Mawchi,59,53,6
08,RAJASTHAN,030070,Rathi,38291,37896,395
08,RAJASTHAN,030073,Tadavi,1,1,0
08,RAJASTHAN,030078,Wagdi,3387133,3267615,119518
08,RAJASTHAN,030999,30 Others,682,591,91
08,RAJASTHAN,031000,31 BHOTIA,33,29,4
08,RAJASTHAN,031001,Bhotia,23,21,2
08,RAJASTHAN,031999,31 Others,10,8,2
08,RAJASTHAN,032000,32 BHUMIJ,7,5,2
08,RAJASTHAN,032999,32 Others,7,5,2
08,RAJASTHAN,034000,34 CHAKHESANG,1,1,0
08,RAJASTHAN,034001,Chakhesang,1,1,0
08,RAJASTHAN,035000,35 CHAKRU/CHOKRI,57,51,6
08,RAJASTHAN,035001,Chakru/Chokri,57,51,6
08,RAJASTHAN,036000,36 CHANG,4,4,0
08,RAJASTHAN,036001,Chang,4,4,0
08,RAJASTHAN,037000,37 COORGI/KODAGU,3,3,0
08,RAJASTHAN,037001,Coorgi/Kodagu,3,3,0
08,RAJASTHAN,038000,38 DEORI,8,2,6
08,RAJASTHAN,038001,Deori,8,2,6
08,RAJASTHAN,039000,39 DIMASA,3,3,0
08,RAJASTHAN,039999,39 Others,3,3,0
08,RAJASTHAN,040000,40 ENGLISH,13202,9084,4118
08,RAJASTHAN,040001,English,13202,9084,4118
08,RAJASTHAN,041000,41 GADABA,9,9,0
08,RAJASTHAN,041001,Gadaba,9,9,0
08,RAJASTHAN,042000,42 GANGTE,6,0,6
08,RAJASTHAN,042001,Gangte,6,0,6
08,RAJASTHAN,043000,43 GARO,26,5,21
08,RAJASTHAN,043005,Garo,26,5,21
08,RAJASTHAN,044000,44 GONDI,1712,1230,482
08,RAJASTHAN,044002,Dorli,1,1,0
08,RAJASTHAN,044007,Gondi,315,93,222
08,RAJASTHAN,044013,Kalari,1,1,0
08,RAJASTHAN,044017,Maria/ Muria,4,3,1
08,RAJASTHAN,044999,44 Others,1391,1132,259
08,RAJASTHAN,045000,45 HALABI,5,0,5
08,RAJASTHAN,045001,Halabi,5,0,5
08,RAJASTHAN,046000,46 HALAM,92,80,12
08,RAJASTHAN,046003,Halam,5,4,1
08,RAJASTHAN,046999,46 Others,87,76,11
08,RAJASTHAN,047000,47 HMAR,2,0,2
08,RAJASTHAN,047001,Hmar,2,0,2
08,RAJASTHAN,048000,48 HO,713,347,366
08,RAJASTHAN,048004,Ho,56,36,20
08,RAJASTHAN,048007,Lohara,657,311,346
08,RAJASTHAN,049000,49 JATAPU,2,2,0
08,RAJASTHAN,049002,Jatapu,2,2,0
08,RAJASTHAN,051000,51 KABUI,15,0,15
08,RAJASTHAN,051003,Kabui,4,0,4
08,RAJASTHAN,051005,Rongmei,11,0,11
08,RAJASTHAN,052000,52 KARBI/MIKIR,3,2,1
08,RAJASTHAN,052002,Karbi/Mikir,3,2,1
08,RAJASTHAN,053000,53 KHANDESHI,153,100,53
08,RAJASTHAN,053002,Ahirani,1,1,0
08,RAJASTHAN,053004,Dangi,22,5,17
08,RAJASTHAN,053005,Gujari,119,83,36
08,RAJASTHAN,053999,53 Others,11,11,0
08,RAJASTHAN,054000,54 KHARIA,77,37,40
08,RAJASTHAN,054005,Kharia,77,37,40
08,RAJASTHAN,055000,55 KHASI,65,51,14
08,RAJASTHAN,055007,Khasi,64,51,13
08,RAJASTHAN,055999,55 Others,1,0,1
08,RAJASTHAN,056000,56 KHEZHA,5,0,5
08,RAJASTHAN,056999,56 Others,5,0,5
08,RAJASTHAN,057000,57 KHIEMNUNGAN,10,10,0
08,RAJASTHAN,057001,Khiemnungan,10,10,0
08,RAJASTHAN,058000,58 KHOND/KONDH,1,0,1
08,RAJASTHAN,058006,Kuvi,1,0,1
08,RAJASTHAN,059000,59 KINNAURI,16,13,3
08,RAJASTHAN,059003,Kinnauri,16,13,3
08,RAJASTHAN,061000,61 KOCH,1,0,1
08,RAJASTHAN,061002,Koch,1,0,1
08,RAJASTHAN,064000,64 KOM,7,0,7
08,RAJASTHAN,064001,Kom,7,0,7
08,RAJASTHAN,067000,67 KORKU,46,45,1
08,RAJASTHAN,067001,Korku,15,15,0
08,RAJASTHAN,067004,Muwasi,30,30,0
08,RAJASTHAN,067999,67 Others,1,0,1
08,RAJASTHAN,068000,68 KORWA,23,16,7
08,RAJASTHAN,068999,68 Others,23,16,7
08,RAJASTHAN,071000,71 KUKI,61,9,52
08,RAJASTHAN,071008,Kuki,61,9,52
08,RAJASTHAN,072000,72 KURUKH/ORAON,251,178,73
08,RAJASTHAN,072024,Kurukh/Oraon,198,129,69
08,RAJASTHAN,072999,72 Others,53,49,4
08,RAJASTHAN,073000,73 LADAKHI,33,7,26
08,RAJASTHAN,073003,Ladakhi,33,7,26
08,RAJASTHAN,075000,75 LAHNDA,15882,12114,3768
08,RAJASTHAN,075001,Bahawal Puri,2109,1454,655
08,RAJASTHAN,075006,Hindi Multani,3984,1322,2662
08,RAJASTHAN,075999,75 Others,9789,9338,451
08,RAJASTHAN,076000,76 LAKHER,92,68,24
08,RAJASTHAN,076002,Mara,92,68,24
08,RAJASTHAN,078000,78 LEPCHA,1,1,0
08,RAJASTHAN,078001,Lepcha,1,1,0
08,RAJASTHAN,080000,80 LIMBU,6,5,1
08,RAJASTHAN,080002,Limbu,1,0,1
08,RAJASTHAN,080999,80 Others,5,5,0
08,RAJASTHAN,081000,81 LOTHA,7,0,7
08,RAJASTHAN,081001,Lotha,7,0,7
08,RAJASTHAN,082000,82 LUSHAI/MIZO,185,34,151
08,RAJASTHAN,082005,Lushai/Mizo,179,28,151
08,RAJASTHAN,082999,82 Others,6,6,0
08,RAJASTHAN,084000,84 MAO,295,45,250
08,RAJASTHAN,084001,Mao,54,32,22
08,RAJASTHAN,084003,Paola,241,13,228
08,RAJASTHAN,085000,85 MARAM,3,2,1
08,RAJASTHAN,085001,Maram,3,2,1
08,RAJASTHAN,087000,87 MIRI/MISHING,3,3,0
08,RAJASTHAN,087003,Miri/Mishing,3,3,0
08,RAJASTHAN,088000,88 MISHMI,17,9,8
08,RAJASTHAN,088007,Mishmi,8,1,7
08,RAJASTHAN,088999,88 Others,9,8,1
08,RAJASTHAN,089000,89 MOGH,2,0,2
08,RAJASTHAN,089004,Mogh,2,0,2
08,RAJASTHAN,090000,90 MONPA,2,0,2
08,RAJASTHAN,090003,Monpa,2,0,2
08,RAJASTHAN,091000,91 MUNDA,2767,1739,1028
08,RAJASTHAN,091009,Munda,60,38,22
08,RAJASTHAN,091999,91 Others,2707,1701,1006
08,RAJASTHAN,092000,92 MUNDARI,121,97,24
08,RAJASTHAN,092005,Mundari,116,93,23
08,RAJASTHAN,092999,92 Others,5,4,1
08,RAJASTHAN,094000,94 NISSI/DAFLA,59,10,49
08,RAJASTHAN,094001,Apatani,7,7,0
08,RAJASTHAN,094007,Nissi/Dafla,2,0,2
08,RAJASTHAN,094999,94 Others,50,3,47
08,RAJASTHAN,095000,95 NOCTE,5,0,5
08,RAJASTHAN,095003,Nocte,5,0,5
08,RAJASTHAN,096000,96 PAITE,7,3,4
08,RAJASTHAN,096002,Paite,7,3,4
08,RAJASTHAN,097000,97 PARJI,1,0,1
08,RAJASTHAN,097001,Dhurwa,1,0,1
08,RAJASTHAN,102000,102 RABHA,634,383,251
08,RAJASTHAN,102002,Rabha,634,383,251
08,RAJASTHAN,103000,103 RAI,176,168,8
08,RAJASTHAN,103003,Rai,176,168,8
08,RAJASTHAN,105000,105 SANGTAM,1,1,0
08,RAJASTHAN,105004,Sangtam,1,1,0
08,RAJASTHAN,106000,106 SAVARA,36,31,5
08,RAJASTHAN,106004,Savara,36,31,5
08,RAJASTHAN,109000,109 SHINA,4,1,3
08,RAJASTHAN,109005,Shina,4,1,3
08,RAJASTHAN,111000,111 TAMANG,3,0,3
08,RAJASTHAN,111001,Tamang,3,0,3
08,RAJASTHAN,112000,112 TANGKHUL,15,3,12
08,RAJASTHAN,112008,Tangkhul,12,0,12
08,RAJASTHAN,112999,112 Others,3,3,0
08,RAJASTHAN,113000,113 TANGSA,1,0,1
08,RAJASTHAN,113999,113 Others,1,0,1
08,RAJASTHAN,114000,114 THADO,9,4,5
08,RAJASTHAN,114015,Thado,5,3,2
08,RAJASTHAN,114999,114 Others,4,1,3
08,RAJASTHAN,115000,115 TIBETAN,38,1,37
08,RAJASTHAN,115008,Tibetan,38,1,37
08,RAJASTHAN,116000,116 TRIPURI,169,25,144
08,RAJASTHAN,116007,Kokbarak,85,16,69
08,RAJASTHAN,116011,Reang,10,2,8
08,RAJASTHAN,116014,Tripuri,74,7,67
08,RAJASTHAN,117000,117 TULU,119,61,58
08,RAJASTHAN,117009,Tulu,19,8,11
08,RAJASTHAN,117999,117 Others,100,53,47
08,RAJASTHAN,118000,118 VAIPHEI,2,1,1
08,RAJASTHAN,118002,Vaiphei,2,1,1
08,RAJASTHAN,119000,119 WANCHO,1,0,1
08,RAJASTHAN,119001,Wancho,1,0,1
08,RAJASTHAN,120000,120 YIMCHUNGRE,1,0,1
08,RAJASTHAN,120999,120 Others,1,0,1
08,RAJASTHAN,123000,123 ZOU,4,0,4
08,RAJASTHAN,123001,Zou,4,0,4
08,RAJASTHAN,124000,124 OTHERS,43104,37740,5364
09,UTTAR PRADESH,001000,1 ASSAMESE,10356,2489,7867
09,UTTAR PRADESH,001002,Assamese,10288,2473,7815
09,UTTAR PRADESH,001999,1 Others,68,16,52
09,UTTAR PRADESH,002000,2 BENGALI,241007,129389,111618
09,UTTAR PRADESH,002007,Bengali,240966,129371,111595
09,UTTAR PRADESH,002011,Chakma,18,1,17
09,UTTAR PRADESH,002015,Haijong/Hajong,8,5,3
09,UTTAR PRADESH,002044,Rajbangsi,7,7,0
09,UTTAR PRADESH,002999,2 Others,8,5,3
09,UTTAR PRADESH,003000,3 BODO,226,48,178
09,UTTAR PRADESH,003001,Bodo/Boro,222,44,178
09,UTTAR PRADESH,003003,Kachari,2,2,0
09,UTTAR PRADESH,003999,3 Others,2,2,0
09,UTTAR PRADESH,004000,4 DOGRI,2695,269,2426
09,UTTAR PRADESH,004001,Dogri,2695,269,2426
09,UTTAR PRADESH,005000,5 GUJARATI,15442,6708,8734
09,UTTAR PRADESH,005018,Gujarati,11938,4201,7737
09,UTTAR PRADESH,005019,Gujrao/Gujrau,1204,1200,4
09,UTTAR PRADESH,005057,Saurashtra/Saurashtri,46,0,46
09,UTTAR PRADESH,005999,5 Others,2254,1307,947
09,UTTAR PRADESH,006000,6 HINDI,187979055,149936334,38042721
09,UTTAR PRADESH,006030,Awadhi,3801743,3715556,86187
09,UTTAR PRADESH,006040,Baghati/Baghati Pahari,16,16,0
09,UTTAR PRADESH,006042,Bagheli/Baghel Khandi,2612,2512,100
09,UTTAR PRADESH,006066,Banjari,2548,2541,7
09,UTTAR PRADESH,006086,Bhadrawahi,8,2,6
09,UTTAR PRADESH,006096,Bharmauri/Gaddi,442,125,317
09,UTTAR PRADESH,006102,Bhojpuri,21844783,20572313,1272470
09,UTTAR PRADESH,006123,Brajbhasha,713572,598845,114727
09,UTTAR PRADESH,006125,Bundeli/Bundel khandi,1303940,1089327,214613
09,UTTAR PRADESH,006133,Chambeali/Chamrali,25,24,1
09,UTTAR PRADESH,006142,Chhattisgarhi,12308,10787,1521
09,UTTAR PRADESH,006173,Dhundhari,113,19,94
09,UTTAR PRADESH,006195,Garhwali,22914,6802,16112
09,UTTAR PRADESH,006198,Gawari,15,0,15
09,UTTAR PRADESH,006207,Gojri/Gujjari/Gujar,1758,1628,130
09,UTTAR PRADESH,006231,Handuri,2,0,2
09,UTTAR PRADESH,006235,Haryanvi,16166,11244,4922
09,UTTAR PRADESH,006240,Hindi,160159977,123866244,36293733
09,UTTAR PRADESH,006265,Jaunpuri/Jaunsari,221,122,99
09,UTTAR PRADESH,006291,Kangri,48,3,45
09,UTTAR PRADESH,006311,Khari Boli,16355,13214,3141
09,UTTAR PRADESH,006320,Khortha/Khotta,124,62,62
09,UTTAR PRADESH,006336,Kulvi,2,2,0
09,UTTAR PRADESH,006340,Kumauni,11059,1839,9220
09,UTTAR PRADESH,006345,Kurmali Thar,21,1,20
09,UTTAR PRADESH,006353,Lamani/Lambadi,192,2,190
09,UTTAR PRADESH,006355,Laria,2,1,1
09,UTTAR PRADESH,006376,Magadhi/Magahi,1597,521,1076
09,UTTAR PRADESH,006391,Malvi,32,9,23
09,UTTAR PRADESH,006394,Mandeali,23,15,8
09,UTTAR PRADESH,006400,Marwari,5786,2037,3749
09,UTTAR PRADESH,006408,Mewari,17,10,7
09,UTTAR PRADESH,006409,Mewati,9234,9222,12
09,UTTAR PRADESH,006420,Nagpuria,417,400,17
09,UTTAR PRADESH,006432,Nimadi,17,6,11
09,UTTAR PRADESH,006438,Padari,2,0,2
09,UTTAR PRADESH,006439,Pahari,2591,359,2232
09,UTTAR PRADESH,006451,Panch Pargania,64,64,0
09,UTTAR PRADESH,006452,Pando/Pandwani,112,44,68
09,UTTAR PRADESH,006476,Puran/Puran Bhasha,15,13,2
09,UTTAR PRADESH,006489,Rajasthani,13382,7533,5849
09,UTTAR PRADESH,006503,Sadan/Sadri,2676,2495,181
09,UTTAR PRADESH,006535,Sondwari,4,0,4
09,UTTAR PRADESH,006547,Surgujia,96,67,29
09,UTTAR PRADESH,006548,Surjapuri,78,2,76
09,UTTAR PRADESH,006999,6 Others,31946,20306,11640
09,UTTAR PRADESH,007000,7 KANNADA,6435,1340,5095
09,UTTAR PRADESH,007002,Badaga,3,0,3
09,UTTAR PRADESH,007016,Kannada,4362,600,3762
09,UTTAR PRADESH,007027,Kuruba/Kurumba,15,15,0
09,UTTAR PRADESH,007041,Prakritha/Prakritha Bhasha,1560,245,1315
09,UTTAR PRADESH,007999,7 Others,495,480,15
09,UTTAR PRADESH,008000,8 KASHMIRI,6123,120,6003
09,UTTAR PRADESH,008005,Kashmiri,6123,120,6003
09,UTTAR PRADESH,009000,9 KONKANI,335,30,305
09,UTTAR PRADESH,009011,Konkani,230,24,206
09,UTTAR PRADESH,009013,Kudubi/Kudumbi,1,1,0
09,UTTAR PRADESH,009016,Malwani,22,3,19
09,UTTAR PRADESH,009020,Nawait,3,0,3
09,UTTAR PRADESH,009028,Gorboli/Goru/Gorwani,8,0,8
09,UTTAR PRADESH,009999,9 Others,71,2,69
09,UTTAR PRADESH,010000,10 MAITHILI,24831,8695,16136
09,UTTAR PRADESH,010008,Maithili,16989,1756,15233
09,UTTAR PRADESH,010011,Purbi Maithili,2178,1864,314
09,UTTAR PRADESH,010013,Thati,961,391,570
09,UTTAR PRADESH,010014,Tharu,4702,4684,18
09,UTTAR PRADESH,010999,10 Others,1,0,1
09,UTTAR PRADESH,011000,11 MALAYALAM,24450,2281,22169
09,UTTAR PRADESH,011016,Malayalam,24338,2189,22149
09,UTTAR PRADESH,011999,11 Others,112,92,20
09,UTTAR PRADESH,012000,12 MANIPURI,1204,243,961
09,UTTAR PRADESH,012003,Manipuri,1203,243,960
09,UTTAR PRADESH,012999,12 Others,1,0,1
09,UTTAR PRADESH,013000,13 MARATHI,24280,2896,21384
09,UTTAR PRADESH,013071,Marathi,24115,2769,21346
09,UTTAR PRADESH,013999,13 Others,165,127,38
09,UTTAR PRADESH,014000,14 NEPALI,18743,3943,14800
09,UTTAR PRADESH,014011,Nepali,18734,3939,14795
09,UTTAR PRADESH,014999,14 Others,9,4,5
09,UTTAR PRADESH,015000,15 ODIA,24729,7671,17058
09,UTTAR PRADESH,015006,Bhatri,500,28,472
09,UTTAR PRADESH,015007,Bhuiya/Bhuyan[Ori],101,97,4
09,UTTAR PRADESH,015043,Odia,24071,7519,16552
09,UTTAR PRADESH,015058,Sambalpuri,10,0,10
09,UTTAR PRADESH,015999,15 Others,47,27,20
09,UTTAR PRADESH,016000,16 PUNJABI,508736,332759,175977
09,UTTAR PRADESH,016002,Bagri,57,9,48
09,UTTAR PRADESH,016006,Bilaspuri Kahluri,8,8,0
09,UTTAR PRADESH,016038,Punjabi,508599,332678,175921
09,UTTAR PRADESH,016999,16 Others,72,64,8
09,UTTAR PRADESH,017000,17 SANSKRIT,3062,1394,1668
09,UTTAR PRADESH,017002,Sanskrit,3062,1394,1668
09,UTTAR PRADESH,018000,18 SANTALI,858,436,422
09,UTTAR PRADESH,018010,Karmali,1,0,1
09,UTTAR PRADESH,018011,Mahili,16,3,13
09,UTTAR PRADESH,018040,Santali,701,309,392
09,UTTAR PRADESH,018999,18 Others,140,124,16
09,UTTAR PRADESH,019000,19 SINDHI,28952,945,28007
09,UTTAR PRADESH,019008,Kachchhi,12,1,11
09,UTTAR PRADESH,019014,Sindhi,28937,942,27995
09,UTTAR PRADESH,019999,19 Others,3,2,1
09,UTTAR PRADESH,020000,20 TAMIL,14444,978,13466
09,UTTAR PRADESH,020009,Kaikadi,7,0,7
09,UTTAR PRADESH,020027,Tamil,14426,975,13451
09,UTTAR PRADESH,020999,20 Others,11,3,8
09,UTTAR PRADESH,021000,21 TELUGU,13977,1015,12962
09,UTTAR PRADESH,021046,Telugu,13918,982,12936
09,UTTAR PRADESH,021999,21 Others,59,33,26
09,UTTAR PRADESH,022000,22 URDU,10820232,4851370,5968862
09,UTTAR PRADESH,022015,Urdu,10793391,4827136,5966255
09,UTTAR PRADESH,022016,Bhansari,20993,19924,1069
09,UTTAR PRADESH,022999,22 Others,5848,4310,1538
09,UTTAR PRADESH,023000,23 ADI,75,42,33
09,UTTAR PRADESH,023003,Adi,25,12,13
09,UTTAR PRADESH,023006,Adi Gallong/Gallong,27,26,1
09,UTTAR PRADESH,023040,Talgalo,20,2,18
09,UTTAR PRADESH,023999,23 Others,3,2,1
09,UTTAR PRADESH,024000,24 AFGHANI/KABULI/PASHTO,171,166,5
09,UTTAR PRADESH,024001,Afghani/Kabuli/Pashto,10,5,5
09,UTTAR PRADESH,024999,24 Others,161,161,0
09,UTTAR PRADESH,025000,25 ANAL,9,0,9
09,UTTAR PRADESH,025001,Anal,6,0,6
09,UTTAR PRADESH,025999,25 Others,3,0,3
09,UTTAR PRADESH,026000,26 ANGAMI,14,1,13
09,UTTAR PRADESH,026002,Angami,12,1,11
09,UTTAR PRADESH,026999,26 Others,2,0,2
09,UTTAR PRADESH,027000,27 AO,24,2,22
09,UTTAR PRADESH,027001,Ao,19,2,17
09,UTTAR PRADESH,027005,Mongsen,4,0,4
09,UTTAR PRADESH,027999,27 Others,1,0,1
09,UTTAR PRADESH,028000,28 ARABIC/ARBI,7693,4873,2820
09,UTTAR PRADESH,028001,Arabic/Arbi,7693,4873,2820
09,UTTAR PRADESH,029000,29 BALTI,3,0,3
09,UTTAR PRADESH,029002,Balti,3,0,3
09,UTTAR PRADESH,030000,30 BHILI/BHILODI,1283,489,794
09,UTTAR PRADESH,030002,Baori,356,347,9
09,UTTAR PRADESH,030003,Barel,9,0,9
09,UTTAR PRADESH,030007,Bhili/Bhilodi,5,5,0
09,UTTAR PRADESH,030011,Chodhari,1,1,0
09,UTTAR PRADESH,030015,Dhodia,7,1,6
09,UTTAR PRADESH,030020,Gamti/Gavit,1,0,1
09,UTTAR PRADESH,030021,Garasia,5,0,5
09,UTTAR PRADESH,030035,Kokna/Kokni/Kukna,128,4,124
09,UTTAR PRADESH,030073,Tadavi,602,0,602
09,UTTAR PRADESH,030076,Vasava,3,0,3
09,UTTAR PRADESH,030078,Wagdi,1,1,0
09,UTTAR PRADESH,030999,30 Others,165,130,35
09,UTTAR PRADESH,031000,31 BHOTIA,276,77,199
09,UTTAR PRADESH,031001,Bhotia,234,66,168
09,UTTAR PRADESH,031999,31 Others,42,11,31
09,UTTAR PRADESH,032000,32 BHUMIJ,55,20,35
09,UTTAR PRADESH,032999,32 Others,55,20,35
09,UTTAR PRADESH,033000,33 BISHNUPURIYA,10,2,8
09,UTTAR PRADESH,033003,Bishnupriya Manipuri/Manipuri Bishnupriya,9,2,7
09,UTTAR PRADESH,033999,33 Others,1,0,1
09,UTTAR PRADESH,036000,36 CHANG,2,0,2
09,UTTAR PRADESH,036001,Chang,2,0,2
09,UTTAR PRADESH,037000,37 COORGI/KODAGU,18,6,12
09,UTTAR PRADESH,037001,Coorgi/Kodagu,17,6,11
09,UTTAR PRADESH,037003,Kodava,1,0,1
09,UTTAR PRADESH,039000,39 DIMASA,26,14,12
09,UTTAR PRADESH,039002,Dimasa,4,0,4
09,UTTAR PRADESH,039999,39 Others,22,14,8
09,UTTAR PRADESH,040000,40 ENGLISH,13085,5891,7194
09,UTTAR PRADESH,040001,English,13085,5891,7194
09,UTTAR PRADESH,041000,41 GADABA,5,0,5
09,UTTAR PRADESH,041001,Gadaba,4,0,4
09,UTTAR PRADESH,041999,41 Others,1,0,1
09,UTTAR PRADESH,042000,42 GANGTE,9,0,9
09,UTTAR PRADESH,042001,Gangte,9,0,9
09,UTTAR PRADESH,043000,43 GARO,27,7,20
09,UTTAR PRADESH,043005,Garo,24,5,19
09,UTTAR PRADESH,043999,43 Others,3,2,1
09,UTTAR PRADESH,044000,44 GONDI,5768,5592,176
09,UTTAR PRADESH,044002,Dorli,17,1,16
09,UTTAR PRADESH,044007,Gondi,4832,4782,50
09,UTTAR PRADESH,044017,Maria/ Muria,40,36,4
09,UTTAR PRADESH,044999,44 Others,879,773,106
09,UTTAR PRADESH,045000,45 HALABI,35,2,33
09,UTTAR PRADESH,045001,Halabi,35,2,33
09,UTTAR PRADESH,048000,48 HO,102,77,25
09,UTTAR PRADESH,048004,Ho,83,60,23
09,UTTAR PRADESH,048007,Lohara,19,17,2
09,UTTAR PRADESH,051000,51 KABUI,12,0,12
09,UTTAR PRADESH,051003,Kabui,4,0,4
09,UTTAR PRADESH,051005,Rongmei,8,0,8
09,UTTAR PRADESH,052000,52 KARBI/MIKIR,4,0,4
09,UTTAR PRADESH,052002,Karbi/Mikir,4,0,4
09,UTTAR PRADESH,053000,53 KHANDESHI,475,277,198
09,UTTAR PRADESH,053002,Ahirani,269,101,168
09,UTTAR PRADESH,053005,Gujari,206,176,30
09,UTTAR PRADESH,054000,54 KHARIA,185,69,116
09,UTTAR PRADESH,054005,Kharia,171,57,114
09,UTTAR PRADESH,054999,54 Others,14,12,2
09,UTTAR PRADESH,055000,55 KHASI,50,4,46
09,UTTAR PRADESH,055007,Khasi,47,4,43
09,UTTAR PRADESH,055999,55 Others,3,0,3
09,UTTAR PRADESH,056000,56 KHEZHA,2,2,0
09,UTTAR PRADESH,056999,56 Others,2,2,0
09,UTTAR PRADESH,058000,58 KHOND/KONDH,8,3,5
09,UTTAR PRADESH,058001,Khond/Kondh,7,3,4
09,UTTAR PRADESH,058006,Kuvi,1,0,1
09,UTTAR PRADESH,059000,59 KINNAURI,14,6,8
09,UTTAR PRADESH,059003,Kinnauri,8,6,2
09,UTTAR PRADESH,059999,59 Others,6,0,6
09,UTTAR PRADESH,060000,60 KISAN,4,3,1
09,UTTAR PRADESH,060002,Kisan,4,3,1
09,UTTAR PRADESH,061000,61 KOCH,2,2,0
09,UTTAR PRADESH,061002,Koch,2,2,0
09,UTTAR PRADESH,063000,63 KOLAMI,1,0,1
09,UTTAR PRADESH,063001,Kolami,1,0,1
09,UTTAR PRADESH,064000,64 KOM,1,0,1
09,UTTAR PRADESH,064001,Kom,1,0,1
09,UTTAR PRADESH,065000,65 KONDA,20,20,0
09,UTTAR PRADESH,065002,Kodu,20,20,0
09,UTTAR PRADESH,067000,67 KORKU,2,0,2
09,UTTAR PRADESH,067999,67 Others,2,0,2
09,UTTAR PRADESH,068000,68 KORWA,17,15,2
09,UTTAR PRADESH,068003,Koraku,1,1,0
09,UTTAR PRADESH,068999,68 Others,16,14,2
09,UTTAR PRADESH,071000,71 KUKI,153,10,143
09,UTTAR PRADESH,071008,Kuki,153,10,143
09,UTTAR PRADESH,072000,72 KURUKH/ORAON,4495,3793,702
09,UTTAR PRADESH,072024,Kurukh/Oraon,4300,3677,623
09,UTTAR PRADESH,072999,72 Others,195,116,79
09,UTTAR PRADESH,073000,73 LADAKHI,79,37,42
09,UTTAR PRADESH,073003,Ladakhi,79,37,42
09,UTTAR PRADESH,074000,74 LAHAULI,2,0,2
09,UTTAR PRADESH,074002,Lahauli,1,0,1
09,UTTAR PRADESH,074999,74 Others,1,0,1
09,UTTAR PRADESH,075000,75 LAHNDA,1000,461,539
09,UTTAR PRADESH,075001,Bahawal Puri,16,0,16
09,UTTAR PRADESH,075006,Hindi Multani,444,361,83
09,UTTAR PRADESH,075999,75 Others,540,100,440
09,UTTAR PRADESH,076000,76 LAKHER,12,0,12
09,UTTAR PRADESH,076002,Mara,12,0,12
09,UTTAR PRADESH,078000,78 LEPCHA,7,1,6
09,UTTAR PRADESH,078001,Lepcha,7,1,6
09,UTTAR PRADESH,080000,80 LIMBU,5,0,5
09,UTTAR PRADESH,080002,Limbu,5,0,5
09,UTTAR PRADESH,081000,81 LOTHA,27,2,25
09,UTTAR PRADESH,081001,Lotha,27,2,25
09,UTTAR PRADESH,082000,82 LUSHAI/MIZO,228,48,180
09,UTTAR PRADESH,082005,Lushai/Mizo,228,48,180
09,UTTAR PRADESH,083000,83 MALTO,2,0,2
09,UTTAR PRADESH,083002,Pahariya,2,0,2
09,UTTAR PRADESH,084000,84 MAO,17,1,16
09,UTTAR PRADESH,084001,Mao,17,1,16
09,UTTAR PRADESH,087000,87 MIRI/MISHING,6,6,0
09,UTTAR PRADESH,087003,Miri/Mishing,6,6,0
09,UTTAR PRADESH,088000,88 MISHMI,274,239,35
09,UTTAR PRADESH,088007,Mishmi,2,2,0
09,UTTAR PRADESH,088999,88 Others,272,237,35
09,UTTAR PRADESH,089000,89 MOGH,3,2,1
09,UTTAR PRADESH,089004,Mogh,3,2,1
09,UTTAR PRADESH,090000,90 MONPA,7,5,2
09,UTTAR PRADESH,090003,Monpa,7,5,2
09,UTTAR PRADESH,091000,91 MUNDA,1415,1192,223
09,UTTAR PRADESH,091006,Kol,6,6,0
09,UTTAR PRADESH,091009,Munda,249,102,147
09,UTTAR PRADESH,091999,91 Others,1160,1084,76
09,UTTAR PRADESH,092000,92 MUNDARI,277,199,78
09,UTTAR PRADESH,092005,Mundari,277,199,78
09,UTTAR PRADESH,094000,94 NISSI/DAFLA,47,20,27
09,UTTAR PRADESH,094001,Apatani,2,2,0
09,UTTAR PRADESH,094007,Nissi/Dafla,13,3,10
09,UTTAR PRADESH,094008,Tagin,8,2,6
09,UTTAR PRADESH,094999,94 Others,24,13,11
09,UTTAR PRADESH,095000,95 NOCTE,1,0,1
09,UTTAR PRADESH,095003,Nocte,1,0,1
09,UTTAR PRADESH,096000,96 PAITE,9,1,8
09,UTTAR PRADESH,096002,Paite,9,1,8
09,UTTAR PRADESH,097000,97 PARJI,21,5,16
09,UTTAR PRADESH,097001,Dhurwa,13,5,8
09,UTTAR PRADESH,097999,97 Others,8,0,8
09,UTTAR PRADESH,100000,100 PHOM,2,0,2
09,UTTAR PRADESH,100001,Phom,2,0,2
09,UTTAR PRADESH,101000,101 POCHURY,1,1,0
09,UTTAR PRADESH,101006,Pochury,1,1,0
09,UTTAR PRADESH,102000,102 RABHA,3,1,2
09,UTTAR PRADESH,102002,Rabha,3,1,2
09,UTTAR PRADESH,103000,103 RAI,12,0,12
09,UTTAR PRADESH,103003,Rai,12,0,12
09,UTTAR PRADESH,104000,104 RENGMA,1,0,1
09,UTTAR PRADESH,104001,Rengma,1,0,1
09,UTTAR PRADESH,106000,106 SAVARA,13,0,13
09,UTTAR PRADESH,106004,Savara,13,0,13
09,UTTAR PRADESH,107000,107 SEMA,15,0,15
09,UTTAR PRADESH,107002,Sema,15,0,15
09,UTTAR PRADESH,108000,108 SHERPA,7,0,7
09,UTTAR PRADESH,108001,Sherpa,7,0,7
09,UTTAR PRADESH,109000,109 SHINA,11,0,11
09,UTTAR PRADESH,109005,Shina,11,0,11
09,UTTAR PRADESH,112000,112 TANGKHUL,13,1,12
09,UTTAR PRADESH,112008,Tangkhul,13,1,12
09,UTTAR PRADESH,113000,113 TANGSA,1,0,1
09,UTTAR PRADESH,113999,113 Others,1,0,1
09,UTTAR PRADESH,114000,114 THADO,197,187,10
09,UTTAR PRADESH,114015,Thado,196,187,9
09,UTTAR PRADESH,114999,114 Others,1,0,1
09,UTTAR PRADESH,115000,115 TIBETAN,315,258,57
09,UTTAR PRADESH,115008,Tibetan,196,144,52
09,UTTAR PRADESH,115011,Purkhi,113,112,1
09,UTTAR PRADESH,115999,115 Others,6,2,4
09,UTTAR PRADESH,116000,116 TRIPURI,63,3,60
09,UTTAR PRADESH,116007,Kokbarak,30,0,30
09,UTTAR PRADESH,116011,Reang,1,1,0
09,UTTAR PRADESH,116014,Tripuri,32,2,30
09,UTTAR PRADESH,117000,117 TULU,102,30,72
09,UTTAR PRADESH,117009,Tulu,49,2,47
09,UTTAR PRADESH,117999,117 Others,53,28,25
09,UTTAR PRADESH,118000,118 VAIPHEI,2,1,1
09,UTTAR PRADESH,118002,Vaiphei,2,1,1
09,UTTAR PRADESH,119000,119 WANCHO,11,1,10
09,UTTAR PRADESH,119001,Wancho,11,1,10
09,UTTAR PRADESH,120000,120 YIMCHUNGRE,7,0,7
09,UTTAR PRADESH,120005,Yimchungre,7,0,7
09,UTTAR PRADESH,122000,122 ZEMI,3,1,2
09,UTTAR PRADESH,122003,Zemi,1,0,1
09,UTTAR PRADESH,122999,122 Others,2,1,1
09,UTTAR PRADESH,123000,123 ZOU,8,8,0
09,UTTAR PRADESH,123001,Zou,8,8,0
09,UTTAR PRADESH,124000,124 OTHERS,3808,1749,2059
10,BIHAR,001000,1 ASSAMESE,2087,1447,640
10,BIHAR,001002,Assamese,2084,1444,640
10,BIHAR,001999,1 Others,3,3,0
10,BIHAR,002000,2 BENGALI,810771,734058,76713
10,BIHAR,002007,Bengali,807743,731331,76412
10,BIHAR,002011,Chakma,18,3,15
10,BIHAR,002044,Rajbangsi,941,911,30
10,BIHAR,002999,2 Others,2069,1813,256
10,BIHAR,003000,3 BODO,19,12,7
10,BIHAR,003001,Bodo/Boro,16,11,5
10,BIHAR,003003,Kachari,2,0,2
10,BIHAR,003004,Mech/Mechhia,1,1,0
10,BIHAR,004000,4 DOGRI,254,150,104
10,BIHAR,004001,Dogri,254,150,104
10,BIHAR,005000,5 GUJARATI,8297,6711,1586
10,BIHAR,005018,Gujarati,2216,668,1548
10,BIHAR,005052,Pattani,1113,1100,13
10,BIHAR,005999,5 Others,4968,4943,25
10,BIHAR,006000,6 HINDI,80698466,71381862,9316604
10,BIHAR,006030,Awadhi,373,223,150
10,BIHAR,006042,Bagheli/Baghel Khandi,26,0,26
10,BIHAR,006096,Bharmauri/Gaddi,20,17,3
10,BIHAR,006102,Bhojpuri,25881691,23870948,2010743
10,BIHAR,006119,Bishnoi,10927,9372,1555
10,BIHAR,006123,Brajbhasha,1602,1342,260
10,BIHAR,006125,Bundeli/Bundel khandi,6,2,4
10,BIHAR,006142,Chhattisgarhi,130,119,11
10,BIHAR,006173,Dhundhari,223,57,166
10,BIHAR,006195,Garhwali,68,29,39
10,BIHAR,006198,Gawari,10040,10003,37
10,BIHAR,006207,Gojri/Gujjari/Gujar,3,2,1
10,BIHAR,006231,Handuri,1,1,0
10,BIHAR,006232,Hara/Harauti,1,1,0
10,BIHAR,006235,Haryanvi,809,218,591
10,BIHAR,006240,Hindi,26590625,21551655,5038970
10,BIHAR,006265,Jaunpuri/Jaunsari,1,1,0
10,BIHAR,006291,Kangri,1,1,0
10,BIHAR,006311,Khari Boli,278,245,33
10,BIHAR,006320,Khortha/Khotta,134395,134235,160
10,BIHAR,006340,Kumauni,301,53,248
10,BIHAR,006345,Kurmali Thar,103,103,0
10,BIHAR,006376,Magadhi/Magahi,11316313,9961576,1354737
10,BIHAR,006391,Malvi,5,1,4
10,BIHAR,006394,Mandeali,456,452,4
10,BIHAR,006400,Marwari,19167,4693,14474
10,BIHAR,006408,Mewari,1,0,1
10,BIHAR,006420,Nagpuria,1235,1170,65
10,BIHAR,006432,Nimadi,1,1,0
10,BIHAR,006439,Pahari,3843,3767,76
10,BIHAR,006449,Palmuha,43,43,0
10,BIHAR,006451,Panch Pargania,7,1,6
10,BIHAR,006489,Rajasthani,6419,1248,5171
10,BIHAR,006503,Sadan/Sadri,4523,4167,356
10,BIHAR,006547,Surgujia,3,3,0
10,BIHAR,006548,Surjapuri,1857930,1824757,33173
10,BIHAR,006999,6 Others,14856896,14001356,855540
10,BIHAR,007000,7 KANNADA,492,293,199
10,BIHAR,007002,Badaga,14,5,9
10,BIHAR,007016,Kannada,226,151,75
10,BIHAR,007041,Prakritha/Prakritha Bhasha,113,0,113
10,BIHAR,007999,7 Others,139,137,2
10,BIHAR,008000,8 KASHMIRI,986,756,230
10,BIHAR,008005,Kashmiri,985,756,229
10,BIHAR,008999,8 Others,1,0,1
10,BIHAR,009000,9 KONKANI,23,6,17
10,BIHAR,009011,Konkani,3,1,2
10,BIHAR,009016,Malwani,1,1,0
10,BIHAR,009999,9 Others,19,4,15
10,BIHAR,010000,10 MAITHILI,13063042,12395984,667058
10,BIHAR,010008,Maithili,12918324,12263376,654948
10,BIHAR,010011,Purbi Maithili,5,5,0
10,BIHAR,010013,Thati,144675,132565,12110
10,BIHAR,010014,Tharu,38,38,0
10,BIHAR,011000,11 MALAYALAM,1220,202,1018
10,BIHAR,011016,Malayalam,1207,202,1005
10,BIHAR,011999,11 Others,13,0,13
10,BIHAR,012000,12 MANIPURI,238,157,81
10,BIHAR,012003,Manipuri,231,150,81
10,BIHAR,012999,12 Others,7,7,0
10,BIHAR,013000,13 MARATHI,1975,1164,811
10,BIHAR,013004,Are,1,1,0
10,BIHAR,013060,Koli,128,128,0
10,BIHAR,013071,Marathi,1768,965,803
10,BIHAR,013999,13 Others,78,70,8
10,BIHAR,014000,14 NEPALI,5727,3840,1887
10,BIHAR,014011,Nepali,5715,3838,1877
10,BIHAR,014999,14 Others,12,2,10
10,BIHAR,015000,15 ODIA,3188,2114,1074
10,BIHAR,015007,Bhuiya/Bhuyan[Ori],19,19,0
10,BIHAR,015014,Desia,249,249,0
10,BIHAR,015043,Odia,2905,1840,1065
10,BIHAR,015058,Sambalpuri,5,0,5
10,BIHAR,015999,15 Others,10,6,4
10,BIHAR,016000,16 PUNJABI,10467,2933,7534
10,BIHAR,016002,Bagri,3,2,1
10,BIHAR,016005,Bhateali,22,0,22
10,BIHAR,016038,Punjabi,10120,2620,7500
10,BIHAR,016999,16 Others,322,311,11
10,BIHAR,017000,17 SANSKRIT,3388,3041,347
10,BIHAR,017002,Sanskrit,3388,3041,347
10,BIHAR,018000,18 SANTALI,458949,447771,11178
10,BIHAR,018010,Karmali,2896,2863,33
10,BIHAR,018011,Mahili,26,26,0
10,BIHAR,018040,Santali,455664,444528,11136
10,BIHAR,018999,18 Others,363,354,9
10,BIHAR,019000,19 SINDHI,2227,1041,1186
10,BIHAR,019002,Bhatia,848,831,17
10,BIHAR,019014,Sindhi,1269,102,1167
10,BIHAR,019999,19 Others,110,108,2
10,BIHAR,020000,20 TAMIL,986,400,586
10,BIHAR,020027,Tamil,975,400,575
10,BIHAR,020999,20 Others,11,0,11
10,BIHAR,021000,21 TELUGU,1467,705,762
10,BIHAR,021046,Telugu,1212,451,761
10,BIHAR,021999,21 Others,255,254,1
10,BIHAR,022000,22 URDU,8770002,7122078,1647924
10,BIHAR,022015,Urdu,8769007,7121597,1647410
10,BIHAR,022999,22 Others,995,481,514
10,BIHAR,023000,23 ADI,44,23,21
10,BIHAR,023003,Adi,7,7,0
10,BIHAR,023006,Adi Gallong/Gallong,6,0,6
10,BIHAR,023040,Talgalo,8,3,5
10,BIHAR,023999,23 Others,23,13,10
10,BIHAR,024000,24 AFGHANI/KABULI/PASHTO,5,5,0
10,BIHAR,024999,24 Others,5,5,0
10,BIHAR,025000,25 ANAL,1,1,0
10,BIHAR,025999,25 Others,1,1,0
10,BIHAR,026000,26 ANGAMI,2,1,1
10,BIHAR,026002,Angami,2,1,1
10,BIHAR,028000,28 ARABIC/ARBI,25144,22051,3093
10,BIHAR,028001,Arabic/Arbi,25144,22051,3093
10,BIHAR,029000,29 BALTI,108,108,0
10,BIHAR,029999,29 Others,108,108,0
10,BIHAR,030000,30 BHILI/BHILODI,1448,1436,12
10,BIHAR,030002,Baori,984,979,5
10,BIHAR,030007,Bhili/Bhilodi,316,316,0
10,BIHAR,030011,Chodhari,44,44,0
10,BIHAR,030020,Gamti/Gavit,91,91,0
10,BIHAR,030035,Kokna/Kokni/Kukna,7,1,6
10,BIHAR,030070,Rathi,1,1,0
10,BIHAR,030073,Tadavi,1,1,0
10,BIHAR,030999,30 Others,4,3,1
10,BIHAR,031000,31 BHOTIA,15,6,9
10,BIHAR,031001,Bhotia,10,3,7
10,BIHAR,031999,31 Others,5,3,2
10,BIHAR,032000,32 BHUMIJ,963,957,6
10,BIHAR,032999,32 Others,963,957,6
10,BIHAR,033000,33 BISHNUPURIYA,1616,1616,0
10,BIHAR,033999,33 Others,1616,1616,0
10,BIHAR,036000,36 CHANG,123,41,82
10,BIHAR,036001,Chang,123,41,82
10,BIHAR,037000,37 COORGI/KODAGU,489,402,87
10,BIHAR,037001,Coorgi/Kodagu,489,402,87
10,BIHAR,039000,39 DIMASA,2,2,0
10,BIHAR,039002,Dimasa,1,1,0
10,BIHAR,039999,39 Others,1,1,0
10,BIHAR,040000,40 ENGLISH,4652,2498,2154
10,BIHAR,040001,English,4652,2498,2154
10,BIHAR,041000,41 GADABA,1,1,0
10,BIHAR,041001,Gadaba,1,1,0
10,BIHAR,043000,43 GARO,4,4,0
10,BIHAR,043005,Garo,4,4,0
10,BIHAR,044000,44 GONDI,21,5,16
10,BIHAR,044017,Maria/ Muria,1,0,1
10,BIHAR,044999,44 Others,20,5,15
10,BIHAR,045000,45 HALABI,1,0,1
10,BIHAR,045001,Halabi,1,0,1
10,BIHAR,046000,46 HALAM,2,0,2
10,BIHAR,046999,46 Others,2,0,2
10,BIHAR,048000,48 HO,1890,1659,231
10,BIHAR,048004,Ho,577,454,123
10,BIHAR,048007,Lohara,1313,1205,108
10,BIHAR,049000,49 JATAPU,5,0,5
10,BIHAR,049999,49 Others,5,0,5
10,BIHAR,051000,51 KABUI,2,2,0
10,BIHAR,051005,Rongmei,2,2,0
10,BIHAR,053000,53 KHANDESHI,4,2,2
10,BIHAR,053005,Gujari,4,2,2
10,BIHAR,054000,54 KHARIA,1600,1536,64
10,BIHAR,054005,Kharia,1600,1536,64
10,BIHAR,055000,55 KHASI,1,1,0
10,BIHAR,055007,Khasi,1,1,0
10,BIHAR,056000,56 KHEZHA,237,236,1
10,BIHAR,056003,Khezha,236,236,0
10,BIHAR,056999,56 Others,1,0,1
10,BIHAR,058000,58 KHOND/KONDH,6,0,6
10,BIHAR,058001,Khond/Kondh,6,0,6
10,BIHAR,059000,59 KINNAURI,4,3,1
10,BIHAR,059003,Kinnauri,3,3,0
10,BIHAR,059999,59 Others,1,0,1
10,BIHAR,061000,61 KOCH,73,72,1
10,BIHAR,061002,Koch,73,72,1
10,BIHAR,062000,62 KODA/KORA,468,392,76
10,BIHAR,062003,Koda/Kora,468,392,76
10,BIHAR,065000,65 KONDA,3,0,3
10,BIHAR,065003,Konda,3,0,3
10,BIHAR,066000,66 KONYAK,2,2,0
10,BIHAR,066001,Konyak,2,2,0
10,BIHAR,067000,67 KORKU,98,98,0
10,BIHAR,067001,Korku,98,98,0
10,BIHAR,068000,68 KORWA,31,18,13
10,BIHAR,068999,68 Others,31,18,13
10,BIHAR,071000,71 KUKI,7,4,3
10,BIHAR,071008,Kuki,6,3,3
10,BIHAR,071999,71 Others,1,1,0
10,BIHAR,072000,72 KURUKH/ORAON,87995,77894,10101
10,BIHAR,072024,Kurukh/Oraon,83996,74289,9707
10,BIHAR,072999,72 Others,3999,3605,394
10,BIHAR,073000,73 LADAKHI,25,25,0
10,BIHAR,073003,Ladakhi,25,25,0
10,BIHAR,074000,74 LAHAULI,26,12,14
10,BIHAR,074002,Lahauli,1,1,0
10,BIHAR,074999,74 Others,25,11,14
10,BIHAR,075000,75 LAHNDA,1,1,0
10,BIHAR,075999,75 Others,1,1,0
10,BIHAR,076000,76 LAKHER,10,8,2
10,BIHAR,076002,Mara,10,8,2
10,BIHAR,078000,78 LEPCHA,1,1,0
10,BIHAR,078001,Lepcha,1,1,0
10,BIHAR,080000,80 LIMBU,2,2,0
10,BIHAR,080999,80 Others,2,2,0
10,BIHAR,081000,81 LOTHA,1,0,1
10,BIHAR,081001,Lotha,1,0,1
10,BIHAR,082000,82 LUSHAI/MIZO,92,64,28
10,BIHAR,082005,Lushai/Mizo,92,64,28
10,BIHAR,083000,83 MALTO,75986,75900,86
10,BIHAR,083002,Pahariya,75,75,0
10,BIHAR,083004,Kulehiya,75776,75690,86
10,BIHAR,083999,83 Others,135,135,0
10,BIHAR,084000,84 MAO,3,0,3
10,BIHAR,084001,Mao,3,0,3
10,BIHAR,087000,87 MIRI/MISHING,4,2,2
10,BIHAR,087003,Miri/Mishing,4,2,2
10,BIHAR,088000,88 MISHMI,6,6,0
10,BIHAR,088007,Mishmi,3,3,0
10,BIHAR,088999,88 Others,3,3,0
10,BIHAR,089000,89 MOGH,6,5,1
10,BIHAR,089004,Mogh,5,4,1
10,BIHAR,089999,89 Others,1,1,0
10,BIHAR,090000,90 MONPA,1,1,0
10,BIHAR,090003,Monpa,1,1,0
10,BIHAR,091000,91 MUNDA,1612,1472,140
10,BIHAR,091006,Kol,373,373,0
10,BIHAR,091009,Munda,1239,1099,140
10,BIHAR,092000,92 MUNDARI,2468,1985,483
10,BIHAR,092005,Mundari,2468,1985,483
10,BIHAR,094000,94 NISSI/DAFLA,14,6,8
10,BIHAR,094001,Apatani,2,1,1
10,BIHAR,094007,Nissi/Dafla,3,1,2
10,BIHAR,094008,Tagin,6,3,3
10,BIHAR,094999,94 Others,3,1,2
10,BIHAR,095000,95 NOCTE,1,1,0
10,BIHAR,095999,95 Others,1,1,0
10,BIHAR,096000,96 PAITE,1,0,1
10,BIHAR,096002,Paite,1,0,1
10,BIHAR,102000,102 RABHA,2,1,1
10,BIHAR,102002,Rabha,2,1,1
10,BIHAR,103000,103 RAI,159,159,0
10,BIHAR,103003,Rai,157,157,0
10,BIHAR,103999,103 Others,2,2,0
10,BIHAR,106000,106 SAVARA,125,125,0
10,BIHAR,106004,Savara,125,125,0
10,BIHAR,112000,112 TANGKHUL,5,3,2
10,BIHAR,112008,Tangkhul,5,3,2
10,BIHAR,113000,113 TANGSA,3,3,0
10,BIHAR,113999,113 Others,3,3,0
10,BIHAR,114000,114 THADO,6,6,0
10,BIHAR,114015,Thado,6,6,0
10,BIHAR,115000,115 TIBETAN,20,3,17
10,BIHAR,115008,Tibetan,17,0,17
10,BIHAR,115999,115 Others,3,3,0
10,BIHAR,116000,116 TRIPURI,7,3,4
10,BIHAR,116007,Kokbarak,4,2,2
10,BIHAR,116014,Tripuri,2,1,1
10,BIHAR,116999,116 Others,1,0,1
10,BIHAR,117000,117 TULU,434,409,25
10,BIHAR,117009,Tulu,9,9,0
10,BIHAR,117999,117 Others,425,400,25
10,BIHAR,120000,120 YIMCHUNGRE,1,1,0
10,BIHAR,120004,Tikhir,1,1,0
10,BIHAR,124000,124 OTHERS,47092,43431,3661
11,SIKKIM,001000,1 ASSAMESE,848,550,298
11,SIKKIM,001002,Assamese,829,531,298
11,SIKKIM,001999,1 Others,19,19,0
11,SIKKIM,002000,2 BENGALI,6986,2956,4030
11,SIKKIM,002007,Bengali,6870,2883,3987
11,SIKKIM,002011,Chakma,2,1,1
11,SIKKIM,002015,Haijong/Hajong,51,26,25
11,SIKKIM,002044,Rajbangsi,57,44,13
11,SIKKIM,002999,2 Others,6,2,4
11,SIKKIM,003000,3 BODO,65,46,19
11,SIKKIM,003001,Bodo/Boro,65,46,19
11,SIKKIM,004000,4 DOGRI,261,210,51
11,SIKKIM,004001,Dogri,261,210,51
11,SIKKIM,005000,5 GUJARATI,197,85,112
11,SIKKIM,005018,Gujarati,195,83,112
11,SIKKIM,005999,5 Others,2,2,0
11,SIKKIM,006000,6 HINDI,48586,17938,30648
11,SIKKIM,006030,Awadhi,13,7,6
11,SIKKIM,006096,Bharmauri/Gaddi,1,1,0
11,SIKKIM,006102,Bhojpuri,9948,2967,6981
11,SIKKIM,006123,Brajbhasha,9,0,9
11,SIKKIM,006125,Bundeli/Bundel khandi,6,0,6
11,SIKKIM,006142,Chhattisgarhi,3,3,0
11,SIKKIM,006173,Dhundhari,6,6,0
11,SIKKIM,006195,Garhwali,92,64,28
11,SIKKIM,006235,Haryanvi,124,47,77
11,SIKKIM,006240,Hindi,34052,13657,20395
11,SIKKIM,006291,Kangri,2,0,2
11,SIKKIM,006320,Khortha/Khotta,78,77,1
11,SIKKIM,006340,Kumauni,90,53,37
11,SIKKIM,006345,Kurmali Thar,1,1,0
11,SIKKIM,006376,Magadhi/Magahi,43,14,29
11,SIKKIM,006391,Malvi,5,5,0
11,SIKKIM,006400,Marwari,1459,280,1179
11,SIKKIM,006408,Mewari,24,23,1
11,SIKKIM,006420,Nagpuria,2,2,0
11,SIKKIM,006439,Pahari,42,34,8
11,SIKKIM,006489,Rajasthani,125,49,76
11,SIKKIM,006503,Sadan/Sadri,148,65,83
11,SIKKIM,006548,Surjapuri,212,73,139
11,SIKKIM,006999,6 Others,2101,510,1591
11,SIKKIM,007000,7 KANNADA,367,277,90
11,SIKKIM,007016,Kannada,366,277,89
11,SIKKIM,007999,7 Others,1,0,1
11,SIKKIM,008000,8 KASHMIRI,30,11,19
11,SIKKIM,008005,Kashmiri,30,11,19
11,SIKKIM,009000,9 KONKANI,27,8,19
11,SIKKIM,009011,Konkani,25,7,18
11,SIKKIM,009999,9 Others,2,1,1
11,SIKKIM,010000,10 MAITHILI,596,352,244
11,SIKKIM,010008,Maithili,582,345,237
11,SIKKIM,010013,Thati,9,2,7
11,SIKKIM,010014,Tharu,5,5,0
11,SIKKIM,011000,11 MALAYALAM,899,529,370
11,SIKKIM,011016,Malayalam,899,529,370
11,SIKKIM,012000,12 MANIPURI,383,172,211
11,SIKKIM,012003,Manipuri,383,172,211
11,SIKKIM,013000,13 MARATHI,1138,586,552
11,SIKKIM,013071,Marathi,1108,573,535
11,SIKKIM,013999,13 Others,30,13,17
11,SIKKIM,014000,14 NEPALI,382200,291531,90669
11,SIKKIM,014011,Nepali,382171,291509,90662
11,SIKKIM,014999,14 Others,29,22,7
11,SIKKIM,015000,15 ODIA,985,435,550
11,SIKKIM,015007,Bhuiya/Bhuyan[Ori],1,1,0
11,SIKKIM,015043,Odia,976,431,545
11,SIKKIM,015999,15 Others,8,3,5
11,SIKKIM,016000,16 PUNJABI,1954,1704,250
11,SIKKIM,016038,Punjabi,1945,1697,248
11,SIKKIM,016999,16 Others,9,7,2
11,SIKKIM,018000,18 SANTALI,310,280,30
11,SIKKIM,018011,Mahili,1,1,0
11,SIKKIM,018040,Santali,309,279,30
11,SIKKIM,019000,19 SINDHI,2,2,0
11,SIKKIM,019008,Kachchhi,2,2,0
11,SIKKIM,020000,20 TAMIL,762,547,215
11,SIKKIM,020027,Tamil,762,547,215
11,SIKKIM,021000,21 TELUGU,1035,739,296
11,SIKKIM,021046,Telugu,1032,739,293
11,SIKKIM,021999,21 Others,3,0,3
11,SIKKIM,022000,22 URDU,2001,597,1404
11,SIKKIM,022015,Urdu,1986,587,1399
11,SIKKIM,022999,22 Others,15,10,5
11,SIKKIM,023000,23 ADI,9,7,2
11,SIKKIM,023003,Adi,1,1,0
11,SIKKIM,023040,Talgalo,5,5,0
11,SIKKIM,023999,23 Others,3,1,2
11,SIKKIM,026000,26 ANGAMI,16,12,4
11,SIKKIM,026002,Angami,1,0,1
11,SIKKIM,026999,26 Others,15,12,3
11,SIKKIM,027000,27 AO,5,4,1
11,SIKKIM,027001,Ao,5,4,1
11,SIKKIM,028000,28 ARABIC/ARBI,9,0,9
11,SIKKIM,028001,Arabic/Arbi,9,0,9
11,SIKKIM,031000,31 BHOTIA,41889,29216,12673
11,SIKKIM,031001,Bhotia,41844,29186,12658
11,SIKKIM,031999,31 Others,45,30,15
11,SIKKIM,033000,33 BISHNUPURIYA,8,7,1
11,SIKKIM,033003,Bishnupriya Manipuri/Manipuri Bishnupriya,2,2,0
11,SIKKIM,033999,33 Others,6,5,1
11,SIKKIM,036000,36 CHANG,6,1,5
11,SIKKIM,036001,Chang,6,1,5
11,SIKKIM,039000,39 DIMASA,1,1,0
11,SIKKIM,039002,Dimasa,1,1,0
11,SIKKIM,040000,40 ENGLISH,112,60,52
11,SIKKIM,040001,English,112,60,52
11,SIKKIM,042000,42 GANGTE,1,1,0
11,SIKKIM,042001,Gangte,1,1,0
11,SIKKIM,043000,43 GARO,15,12,3
11,SIKKIM,043005,Garo,14,11,3
11,SIKKIM,043999,43 Others,1,1,0
11,SIKKIM,044000,44 GONDI,203,175,28
11,SIKKIM,044999,44 Others,203,175,28
11,SIKKIM,047000,47 HMAR,3,3,0
11,SIKKIM,047001,Hmar,3,3,0
11,SIKKIM,051000,51 KABUI,10,3,7
11,SIKKIM,051003,Kabui,3,3,0
11,SIKKIM,051005,Rongmei,7,0,7
11,SIKKIM,052000,52 KARBI/MIKIR,8,0,8
11,SIKKIM,052002,Karbi/Mikir,8,0,8
11,SIKKIM,053000,53 KHANDESHI,1,1,0
11,SIKKIM,053002,Ahirani,1,1,0
11,SIKKIM,054000,54 KHARIA,16,12,4
11,SIKKIM,054005,Kharia,16,12,4
11,SIKKIM,055000,55 KHASI,50,35,15
11,SIKKIM,055007,Khasi,23,15,8
11,SIKKIM,055009,Lyngngam,19,19,0
11,SIKKIM,055012,Pnar/Synteng,5,0,5
11,SIKKIM,055999,55 Others,3,1,2
11,SIKKIM,056000,56 KHEZHA,1,1,0
11,SIKKIM,056003,Khezha,1,1,0
11,SIKKIM,059000,59 KINNAURI,2,0,2
11,SIKKIM,059003,Kinnauri,2,0,2
11,SIKKIM,062000,62 KODA/KORA,33,33,0
11,SIKKIM,062003,Koda/Kora,33,33,0
11,SIKKIM,068000,68 KORWA,1,1,0
11,SIKKIM,068999,68 Others,1,1,0
11,SIKKIM,071000,71 KUKI,4,4,0
11,SIKKIM,071008,Kuki,4,4,0
11,SIKKIM,072000,72 KURUKH/ORAON,85,67,18
11,SIKKIM,072024,Kurukh/Oraon,85,67,18
11,SIKKIM,073000,73 LADAKHI,80,70,10
11,SIKKIM,073003,Ladakhi,80,70,10
11,SIKKIM,077000,77 LALUNG,5,5,0
11,SIKKIM,077001,Lalung,5,5,0
11,SIKKIM,078000,78 LEPCHA,38313,34545,3768
11,SIKKIM,078001,Lepcha,38313,34545,3768
11,SIKKIM,079000,79 LIANGMEI,3,3,0
11,SIKKIM,079002,Liangmei,2,2,0
11,SIKKIM,079999,79 Others,1,1,0
11,SIKKIM,080000,80 LIMBU,38733,37200,1533
11,SIKKIM,080002,Limbu,36120,34877,1243
11,SIKKIM,080999,80 Others,2613,2323,290
11,SIKKIM,081000,81 LOTHA,7,7,0
11,SIKKIM,081001,Lotha,7,7,0
11,SIKKIM,082000,82 LUSHAI/MIZO,49,37,12
11,SIKKIM,082005,Lushai/Mizo,49,37,12
11,SIKKIM,084000,84 MAO,6,2,4
11,SIKKIM,084001,Mao,6,2,4
11,SIKKIM,085000,85 MARAM,2,2,0
11,SIKKIM,085001,Maram,2,2,0
11,SIKKIM,087000,87 MIRI/MISHING,1,1,0
11,SIKKIM,087003,Miri/Mishing,1,1,0
11,SIKKIM,088000,88 MISHMI,5,5,0
11,SIKKIM,088999,88 Others,5,5,0
11,SIKKIM,090000,90 MONPA,89,88,1
11,SIKKIM,090003,Monpa,89,88,1
11,SIKKIM,091000,91 MUNDA,35,20,15
11,SIKKIM,091009,Munda,34,19,15
11,SIKKIM,091999,91 Others,1,1,0
11,SIKKIM,092000,92 MUNDARI,16,9,7
11,SIKKIM,092005,Mundari,16,9,7
11,SIKKIM,093000,93 NICOBARESE,26,1,25
11,SIKKIM,093001,Nicobarese,26,1,25
11,SIKKIM,094000,94 NISSI/DAFLA,3,2,1
11,SIKKIM,094001,Apatani,1,1,0
11,SIKKIM,094007,Nissi/Dafla,1,1,0
11,SIKKIM,094008,Tagin,1,0,1
11,SIKKIM,096000,96 PAITE,10,6,4
11,SIKKIM,096002,Paite,10,6,4
11,SIKKIM,097000,97 PARJI,1,1,0
11,SIKKIM,097999,97 Others,1,1,0
11,SIKKIM,102000,102 RABHA,19,12,7
11,SIKKIM,102002,Rabha,19,12,7
11,SIKKIM,103000,103 RAI,7471,6999,472
11,SIKKIM,103003,Rai,7048,6597,451
11,SIKKIM,103999,103 Others,423,402,21
11,SIKKIM,107000,107 SEMA,1,0,1
11,SIKKIM,107002,Sema,1,0,1
11,SIKKIM,108000,108 SHERPA,13681,12348,1333
11,SIKKIM,108001,Sherpa,13681,12348,1333
11,SIKKIM,111000,111 TAMANG,11734,10280,1454
11,SIKKIM,111001,Tamang,11734,10280,1454
11,SIKKIM,112000,112 TANGKHUL,12,3,9
11,SIKKIM,112008,Tangkhul,12,3,9
11,SIKKIM,114000,114 THADO,20,7,13
11,SIKKIM,114015,Thado,9,0,9
11,SIKKIM,114999,114 Others,11,7,4
11,SIKKIM,115000,115 TIBETAN,2785,1716,1069
11,SIKKIM,115008,Tibetan,2761,1699,1062
11,SIKKIM,115999,115 Others,24,17,7
11,SIKKIM,116000,116 TRIPURI,14,9,5
11,SIKKIM,116007,Kokbarak,12,8,4
11,SIKKIM,116014,Tripuri,2,1,1
11,SIKKIM,118000,118 VAIPHEI,2,2,0
11,SIKKIM,118002,Vaiphei,2,2,0
11,SIKKIM,119000,119 WANCHO,1,1,0
11,SIKKIM,119001,Wancho,1,1,0
11,SIKKIM,124000,124 OTHERS,5333,4407,926
12,ARUNACHAL PRADESH,001000,1 ASSAMESE,53951,35165,18786
12,ARUNACHAL PRADESH,001002,Assamese,53791,35102,18689
12,ARUNACHAL PRADESH,001999,1 Others,160,63,97
12,ARUNACHAL PRADESH,002000,2 BENGALI,100579,66674,33905
12,ARUNACHAL PRADESH,002007,Bengali,50543,17086,33457
12,ARUNACHAL PRADESH,002011,Chakma,47073,46908,165
12,ARUNACHAL PRADESH,002015,Haijong/Hajong,2711,2489,222
12,ARUNACHAL PRADESH,002044,Rajbangsi,224,174,50
12,ARUNACHAL PRADESH,002999,2 Others,28,17,11
12,ARUNACHAL PRADESH,003000,3 BODO,7095,5058,2037
12,ARUNACHAL PRADESH,003001,Bodo/Boro,5392,3508,1884
12,ARUNACHAL PRADESH,003003,Kachari,1703,1550,153
12,ARUNACHAL PRADESH,004000,4 DOGRI,994,566,428
12,ARUNACHAL PRADESH,004001,Dogri,994,566,428
12,ARUNACHAL PRADESH,005000,5 GUJARATI,362,264,98
12,ARUNACHAL PRADESH,005018,Gujarati,249,182,67
12,ARUNACHAL PRADESH,005054,Ponchi,1,1,0
12,ARUNACHAL PRADESH,005999,5 Others,112,81,31
12,ARUNACHAL PRADESH,006000,6 HINDI,98187,50692,47495
12,ARUNACHAL PRADESH,006030,Awadhi,117,41,76
12,ARUNACHAL PRADESH,006040,Baghati/Baghati Pahari,1,0,1
12,ARUNACHAL PRADESH,006042,Bagheli/Baghel Khandi,1,0,1
12,ARUNACHAL PRADESH,006066,Banjari,13,13,0
12,ARUNACHAL PRADESH,006086,Bhadrawahi,1,0,1
12,ARUNACHAL PRADESH,006089,Bhagoria,17,5,12
12,ARUNACHAL PRADESH,006096,Bharmauri/Gaddi,8,5,3
12,ARUNACHAL PRADESH,006102,Bhojpuri,28186,10933,17253
12,ARUNACHAL PRADESH,006123,Brajbhasha,59,31,28
12,ARUNACHAL PRADESH,006125,Bundeli/Bundel khandi,27,16,11
12,ARUNACHAL PRADESH,006142,Chhattisgarhi,38,30,8
12,ARUNACHAL PRADESH,006173,Dhundhari,5,3,2
12,ARUNACHAL PRADESH,006195,Garhwali,443,232,211
12,ARUNACHAL PRADESH,006207,Gojri/Gujjari/Gujar,2,1,1
12,ARUNACHAL PRADESH,006231,Handuri,4,4,0
12,ARUNACHAL PRADESH,006232,Hara/Harauti,5,1,4
12,ARUNACHAL PRADESH,006235,Haryanvi,495,234,261
12,ARUNACHAL PRADESH,006240,Hindi,47740,21738,26002
12,ARUNACHAL PRADESH,006265,Jaunpuri/Jaunsari,7,6,1
12,ARUNACHAL PRADESH,006291,Kangri,6,5,1
12,ARUNACHAL PRADESH,006311,Khari Boli,3,0,3
12,ARUNACHAL PRADESH,006320,Khortha/Khotta,44,34,10
12,ARUNACHAL PRADESH,006340,Kumauni,573,282,291
12,ARUNACHAL PRADESH,006345,Kurmali Thar,1,1,0
12,ARUNACHAL PRADESH,006358,Lodhi,1,1,0
12,ARUNACHAL PRADESH,006376,Magadhi/Magahi,153,78,75
12,ARUNACHAL PRADESH,006391,Malvi,3,3,0
12,ARUNACHAL PRADESH,006394,Mandeali,133,125,8
12,ARUNACHAL PRADESH,006400,Marwari,653,181,472
12,ARUNACHAL PRADESH,006409,Mewati,2,0,2
12,ARUNACHAL PRADESH,006420,Nagpuria,22,20,2
12,ARUNACHAL PRADESH,006439,Pahari,217,173,44
12,ARUNACHAL PRADESH,006476,Puran/Puran Bhasha,1,1,0
12,ARUNACHAL PRADESH,006489,Rajasthani,984,374,610
12,ARUNACHAL PRADESH,006503,Sadan/Sadri,14333,13962,371
12,ARUNACHAL PRADESH,006547,Surgujia,3,0,3
12,ARUNACHAL PRADESH,006999,6 Others,3886,2159,1727
12,ARUNACHAL PRADESH,007000,7 KANNADA,536,317,219
12,ARUNACHAL PRADESH,007016,Kannada,520,304,216
12,ARUNACHAL PRADESH,007027,Kuruba/Kurumba,1,0,1
12,ARUNACHAL PRADESH,007999,7 Others,15,13,2
12,ARUNACHAL PRADESH,008000,8 KASHMIRI,108,40,68
12,ARUNACHAL PRADESH,008005,Kashmiri,107,39,68
12,ARUNACHAL PRADESH,008019,Dardi,1,1,0
12,ARUNACHAL PRADESH,009000,9 KONKANI,55,26,29
12,ARUNACHAL PRADESH,009011,Konkani,41,23,18
12,ARUNACHAL PRADESH,009016,Malwani,4,0,4
12,ARUNACHAL PRADESH,009028,Gorboli/Goru/Gorwani,1,1,0
12,ARUNACHAL PRADESH,009999,9 Others,9,2,7
12,ARUNACHAL PRADESH,010000,10 MAITHILI,2963,1159,1804
12,ARUNACHAL PRADESH,010008,Maithili,2933,1156,1777
12,ARUNACHAL PRADESH,010013,Thati,28,1,27
12,ARUNACHAL PRADESH,010014,Tharu,1,1,0
12,ARUNACHAL PRADESH,010999,10 Others,1,1,0
12,ARUNACHAL PRADESH,011000,11 MALAYALAM,4012,1552,2460
12,ARUNACHAL PRADESH,011016,Malayalam,4012,1552,2460
12,ARUNACHAL PRADESH,012000,12 MANIPURI,2835,1131,1704
12,ARUNACHAL PRADESH,012003,Manipuri,2835,1131,1704
12,ARUNACHAL PRADESH,013000,13 MARATHI,2297,1508,789
12,ARUNACHAL PRADESH,013071,Marathi,2262,1479,783
12,ARUNACHAL PRADESH,013999,13 Others,35,29,6
12,ARUNACHAL PRADESH,014000,14 NEPALI,95317,65134,30183
12,ARUNACHAL PRADESH,014011,Nepali,95308,65131,30177
12,ARUNACHAL PRADESH,014999,14 Others,9,3,6
12,ARUNACHAL PRADESH,015000,15 ODIA,6820,4718,2102
12,ARUNACHAL PRADESH,015007,Bhuiya/Bhuyan[Ori],1,1,0
12,ARUNACHAL PRADESH,015043,Odia,6804,4707,2097
12,ARUNACHAL PRADESH,015058,Sambalpuri,3,0,3
12,ARUNACHAL PRADESH,015999,15 Others,12,10,2
12,ARUNACHAL PRADESH,016000,16 PUNJABI,3674,1712,1962
12,ARUNACHAL PRADESH,016002,Bagri,3,3,0
12,ARUNACHAL PRADESH,016038,Punjabi,3663,1701,1962
12,ARUNACHAL PRADESH,016999,16 Others,8,8,0
12,ARUNACHAL PRADESH,017000,17 SANSKRIT,28,24,4
12,ARUNACHAL PRADESH,017002,Sanskrit,28,24,4
12,ARUNACHAL PRADESH,018000,18 SANTALI,1689,1578,111
12,ARUNACHAL PRADESH,018040,Santali,1447,1342,105
12,ARUNACHAL PRADESH,018999,18 Others,242,236,6
12,ARUNACHAL PRADESH,019000,19 SINDHI,12,2,10
12,ARUNACHAL PRADESH,019014,Sindhi,6,1,5
12,ARUNACHAL PRADESH,019999,19 Others,6,1,5
12,ARUNACHAL PRADESH,020000,20 TAMIL,1246,814,432
12,ARUNACHAL PRADESH,020027,Tamil,1245,814,431
12,ARUNACHAL PRADESH,020999,20 Others,1,0,1
12,ARUNACHAL PRADESH,021000,21 TELUGU,1653,946,707
12,ARUNACHAL PRADESH,021046,Telugu,1632,936,696
12,ARUNACHAL PRADESH,021999,21 Others,21,10,11
12,ARUNACHAL PRADESH,022000,22 URDU,1294,615,679
12,ARUNACHAL PRADESH,022015,Urdu,1238,582,656
12,ARUNACHAL PRADESH,022999,22 Others,56,33,23
12,ARUNACHAL PRADESH,023000,23 ADI,240026,192761,47265
12,ARUNACHAL PRADESH,023003,Adi,105158,87878,17280
12,ARUNACHAL PRADESH,023006,Adi Gallong/Gallong,27720,22785,4935
12,ARUNACHAL PRADESH,023010,Adi Miniyong/Miniyong,13319,10263,3056
12,ARUNACHAL PRADESH,023040,Talgalo,68828,50098,18730
12,ARUNACHAL PRADESH,023999,23 Others,25001,21737,3264
12,ARUNACHAL PRADESH,024000,24 AFGHANI/KABULI/PASHTO,202,202,0
12,ARUNACHAL PRADESH,024001,Afghani/Kabuli/Pashto,202,202,0
12,ARUNACHAL PRADESH,025000,25 ANAL,12,8,4
12,ARUNACHAL PRADESH,025001,Anal,10,8,2
12,ARUNACHAL PRADESH,025999,25 Others,2,0,2
12,ARUNACHAL PRADESH,026000,26 ANGAMI,44,25,19
12,ARUNACHAL PRADESH,026002,Angami,35,16,19
12,ARUNACHAL PRADESH,026999,26 Others,9,9,0
12,ARUNACHAL PRADESH,027000,27 AO,1891,1667,224
12,ARUNACHAL PRADESH,027001,Ao,195,111,84
12,ARUNACHAL PRADESH,027003,Chungli,1681,1546,135
12,ARUNACHAL PRADESH,027005,Mongsen,2,0,2
12,ARUNACHAL PRADESH,027999,27 Others,13,10,3
12,ARUNACHAL PRADESH,028000,28 ARABIC/ARBI,12,10,2
12,ARUNACHAL PRADESH,028001,Arabic/Arbi,12,10,2
12,ARUNACHAL PRADESH,029000,29 BALTI,2,1,1
12,ARUNACHAL PRADESH,029002,Balti,2,1,1
12,ARUNACHAL PRADESH,030000,30 BHILI/BHILODI,8,4,4
12,ARUNACHAL PRADESH,030002,Baori,2,2,0
12,ARUNACHAL PRADESH,030003,Barel,2,0,2
12,ARUNACHAL PRADESH,030035,Kokna/Kokni/Kukna,1,0,1
12,ARUNACHAL PRADESH,030999,30 Others,3,2,1
12,ARUNACHAL PRADESH,031000,31 BHOTIA,62458,54954,7504
12,ARUNACHAL PRADESH,031001,Bhotia,61923,54447,7476
12,ARUNACHAL PRADESH,031011,Bauti,3,3,0
12,ARUNACHAL PRADESH,031999,31 Others,532,504,28
12,ARUNACHAL PRADESH,032000,32 BHUMIJ,2,2,0
12,ARUNACHAL PRADESH,032002,Bhumij,2,2,0
12,ARUNACHAL PRADESH,033000,33 BISHNUPURIYA,64,35,29
12,ARUNACHAL PRADESH,033003,Bishnupriya Manipuri/Manipuri Bishnupriya,56,31,25
12,ARUNACHAL PRADESH,033999,33 Others,8,4,4
12,ARUNACHAL PRADESH,034000,34 CHAKHESANG,2,0,2
12,ARUNACHAL PRADESH,034001,Chakhesang,2,0,2
12,ARUNACHAL PRADESH,035000,35 CHAKRU/CHOKRI,3,1,2
12,ARUNACHAL PRADESH,035001,Chakru/Chokri,3,1,2
12,ARUNACHAL PRADESH,036000,36 CHANG,762,761,1
12,ARUNACHAL PRADESH,036001,Chang,762,761,1
12,ARUNACHAL PRADESH,037000,37 COORGI/KODAGU,1,1,0
12,ARUNACHAL PRADESH,037001,Coorgi/Kodagu,1,1,0
12,ARUNACHAL PRADESH,038000,38 DEORI,4844,4398,446
12,ARUNACHAL PRADESH,038001,Deori,4844,4398,446
12,ARUNACHAL PRADESH,039000,39 DIMASA,215,207,8
12,ARUNACHAL PRADESH,039002,Dimasa,171,164,7
12,ARUNACHAL PRADESH,039999,39 Others,44,43,1
12,ARUNACHAL PRADESH,040000,40 ENGLISH,108,69,39
12,ARUNACHAL PRADESH,040001,English,108,69,39
12,ARUNACHAL PRADESH,041000,41 GADABA,1,1,0
12,ARUNACHAL PRADESH,041999,41 Others,1,1,0
12,ARUNACHAL PRADESH,042000,42 GANGTE,4,1,3
12,ARUNACHAL PRADESH,042001,Gangte,4,1,3
12,ARUNACHAL PRADESH,043000,43 GARO,6597,6211,386
12,ARUNACHAL PRADESH,043005,Garo,6492,6145,347
12,ARUNACHAL PRADESH,043999,43 Others,105,66,39
12,ARUNACHAL PRADESH,044000,44 GONDI,46,44,2
12,ARUNACHAL PRADESH,044002,Dorli,1,1,0
12,ARUNACHAL PRADESH,044007,Gondi,1,1,0
12,ARUNACHAL PRADESH,044999,44 Others,44,42,2
12,ARUNACHAL PRADESH,045000,45 HALABI,1,0,1
12,ARUNACHAL PRADESH,045001,Halabi,1,0,1
12,ARUNACHAL PRADESH,046000,46 HALAM,31,30,1
12,ARUNACHAL PRADESH,046003,Halam,30,30,0
12,ARUNACHAL PRADESH,046999,46 Others,1,0,1
12,ARUNACHAL PRADESH,047000,47 HMAR,14,7,7
12,ARUNACHAL PRADESH,047001,Hmar,14,7,7
12,ARUNACHAL PRADESH,048000,48 HO,6,0,6
12,ARUNACHAL PRADESH,048007,Lohara,6,0,6
12,ARUNACHAL PRADESH,051000,51 KABUI,44,22,22
12,ARUNACHAL PRADESH,051003,Kabui,3,0,3
12,ARUNACHAL PRADESH,051005,Rongmei,41,22,19
12,ARUNACHAL PRADESH,052000,52 KARBI/MIKIR,1536,1368,168
12,ARUNACHAL PRADESH,052002,Karbi/Mikir,1536,1368,168
12,ARUNACHAL PRADESH,054000,54 KHARIA,218,175,43
12,ARUNACHAL PRADESH,054005,Kharia,218,175,43
12,ARUNACHAL PRADESH,055000,55 KHASI,210,103,107
12,ARUNACHAL PRADESH,055007,Khasi,180,93,87
12,ARUNACHAL PRADESH,055012,Pnar/Synteng,14,7,7
12,ARUNACHAL PRADESH,055015,War,11,1,10
12,ARUNACHAL PRADESH,055999,55 Others,5,2,3
12,ARUNACHAL PRADESH,056000,56 KHEZHA,7,7,0
12,ARUNACHAL PRADESH,056003,Khezha,3,3,0
12,ARUNACHAL PRADESH,056999,56 Others,4,4,0
12,ARUNACHAL PRADESH,057000,57 KHIEMNUNGAN,9,1,8
12,ARUNACHAL PRADESH,057999,57 Others,9,1,8
12,ARUNACHAL PRADESH,059000,59 KINNAURI,6,3,3
12,ARUNACHAL PRADESH,059003,Kinnauri,6,3,3
12,ARUNACHAL PRADESH,060000,60 KISAN,101,101,0
12,ARUNACHAL PRADESH,060002,Kisan,101,101,0
12,ARUNACHAL PRADESH,061000,61 KOCH,11,4,7
12,ARUNACHAL PRADESH,061002,Koch,10,3,7
12,ARUNACHAL PRADESH,061999,61 Others,1,1,0
12,ARUNACHAL PRADESH,064000,64 KOM,2,2,0
12,ARUNACHAL PRADESH,064001,Kom,2,2,0
12,ARUNACHAL PRADESH,066000,66 KONYAK,8,7,1
12,ARUNACHAL PRADESH,066001,Konyak,8,7,1
12,ARUNACHAL PRADESH,067000,67 KORKU,8,1,7
12,ARUNACHAL PRADESH,067001,Korku,7,0,7
12,ARUNACHAL PRADESH,067999,67 Others,1,1,0
12,ARUNACHAL PRADESH,068000,68 KORWA,69,69,0
12,ARUNACHAL PRADESH,068999,68 Others,69,69,0
12,ARUNACHAL PRADESH,069000,69 KOYA,1,1,0
12,ARUNACHAL PRADESH,069002,Koya,1,1,0
12,ARUNACHAL PRADESH,070000,70 KUI,1,0,1
12,ARUNACHAL PRADESH,070001,Kui,1,0,1
12,ARUNACHAL PRADESH,071000,71 KUKI,121,38,83
12,ARUNACHAL PRADESH,071008,Kuki,119,38,81
12,ARUNACHAL PRADESH,071999,71 Others,2,0,2
12,ARUNACHAL PRADESH,072000,72 KURUKH/ORAON,969,700,269
12,ARUNACHAL PRADESH,072024,Kurukh/Oraon,969,700,269
12,ARUNACHAL PRADESH,073000,73 LADAKHI,17,6,11
12,ARUNACHAL PRADESH,073003,Ladakhi,17,6,11
12,ARUNACHAL PRADESH,074000,74 LAHAULI,12,12,0
12,ARUNACHAL PRADESH,074002,Lahauli,11,11,0
12,ARUNACHAL PRADESH,074999,74 Others,1,1,0
12,ARUNACHAL PRADESH,075000,75 LAHNDA,2,0,2
12,ARUNACHAL PRADESH,075999,75 Others,2,0,2
12,ARUNACHAL PRADESH,076000,76 LAKHER,10,3,7
12,ARUNACHAL PRADESH,076002,Mara,4,2,2
12,ARUNACHAL PRADESH,076999,76 Others,6,1,5
12,ARUNACHAL PRADESH,077000,77 LALUNG,10,9,1
12,ARUNACHAL PRADESH,077001,Lalung,10,9,1
12,ARUNACHAL PRADESH,078000,78 LEPCHA,10,2,8
12,ARUNACHAL PRADESH,078001,Lepcha,10,2,8
12,ARUNACHAL PRADESH,079000,79 LIANGMEI,1,0,1
12,ARUNACHAL PRADESH,079002,Liangmei,1,0,1
12,ARUNACHAL PRADESH,080000,80 LIMBU,120,68,52
12,ARUNACHAL PRADESH,080002,Limbu,118,66,52
12,ARUNACHAL PRADESH,080999,80 Others,2,2,0
12,ARUNACHAL PRADESH,081000,81 LOTHA,54,38,16
12,ARUNACHAL PRADESH,081001,Lotha,54,38,16
12,ARUNACHAL PRADESH,082000,82 LUSHAI/MIZO,1431,998,433
12,ARUNACHAL PRADESH,082005,Lushai/Mizo,1431,998,433
12,ARUNACHAL PRADESH,083000,83 MALTO,2,2,0
12,ARUNACHAL PRADESH,083002,Pahariya,1,1,0
12,ARUNACHAL PRADESH,083999,83 Others,1,1,0
12,ARUNACHAL PRADESH,084000,84 MAO,89,29,60
12,ARUNACHAL PRADESH,084001,Mao,78,27,51
12,ARUNACHAL PRADESH,084003,Paola,11,2,9
12,ARUNACHAL PRADESH,085000,85 MARAM,49,41,8
12,ARUNACHAL PRADESH,085001,Maram,49,41,8
12,ARUNACHAL PRADESH,086000,86 MARING,1,0,1
12,ARUNACHAL PRADESH,086001,Maring,1,0,1
12,ARUNACHAL PRADESH,087000,87 MIRI/MISHING,10402,7872,2530
12,ARUNACHAL PRADESH,087003,Miri/Mishing,10402,7872,2530
12,ARUNACHAL PRADESH,088000,88 MISHMI,42017,37044,4973
12,ARUNACHAL PRADESH,088007,Mishmi,15756,13808,1948
12,ARUNACHAL PRADESH,088999,88 Others,26261,23236,3025
12,ARUNACHAL PRADESH,089000,89 MOGH,55,47,8
12,ARUNACHAL PRADESH,089004,Mogh,55,47,8
12,ARUNACHAL PRADESH,090000,90 MONPA,12398,8966,3432
12,ARUNACHAL PRADESH,090003,Monpa,12398,8966,3432
12,ARUNACHAL PRADESH,091000,91 MUNDA,1427,1178,249
12,ARUNACHAL PRADESH,091009,Munda,1424,1175,249
12,ARUNACHAL PRADESH,091999,91 Others,3,3,0
12,ARUNACHAL PRADESH,092000,92 MUNDARI,1378,1294,84
12,ARUNACHAL PRADESH,092005,Mundari,1378,1294,84
12,ARUNACHAL PRADESH,093000,93 NICOBARESE,1,0,1
12,ARUNACHAL PRADESH,093001,Nicobarese,1,0,1
12,ARUNACHAL PRADESH,094000,94 NISSI/DAFLA,395745,319442,76303
12,ARUNACHAL PRADESH,094001,Apatani,44353,28872,15481
12,ARUNACHAL PRADESH,094007,Nissi/Dafla,286770,238160,48610
12,ARUNACHAL PRADESH,094008,Tagin,62729,50870,11859
12,ARUNACHAL PRADESH,094999,94 Others,1893,1540,353
12,ARUNACHAL PRADESH,095000,95 NOCTE,30308,24141,6167
12,ARUNACHAL PRADESH,095003,Nocte,29293,23262,6031
12,ARUNACHAL PRADESH,095999,95 Others,1015,879,136
12,ARUNACHAL PRADESH,096000,96 PAITE,60,27,33
12,ARUNACHAL PRADESH,096002,Paite,58,25,33
12,ARUNACHAL PRADESH,096999,96 Others,2,2,0
12,ARUNACHAL PRADESH,097000,97 PARJI,89,88,1
12,ARUNACHAL PRADESH,097999,97 Others,89,88,1
12,ARUNACHAL PRADESH,100000,100 PHOM,649,642,7
12,ARUNACHAL PRADESH,100001,Phom,649,642,7
12,ARUNACHAL PRADESH,102000,102 RABHA,89,57,32
12,ARUNACHAL PRADESH,102002,Rabha,89,57,32
12,ARUNACHAL PRADESH,103000,103 RAI,3897,3795,102
12,ARUNACHAL PRADESH,103003,Rai,79,73,6
12,ARUNACHAL PRADESH,103999,103 Others,3818,3722,96
12,ARUNACHAL PRADESH,104000,104 RENGMA,30,2,28
12,ARUNACHAL PRADESH,104001,Rengma,30,2,28
12,ARUNACHAL PRADESH,105000,105 SANGTAM,3,3,0
12,ARUNACHAL PRADESH,105004,Sangtam,1,1,0
12,ARUNACHAL PRADESH,105999,105 Others,2,2,0
12,ARUNACHAL PRADESH,106000,106 SAVARA,243,101,142
12,ARUNACHAL PRADESH,106004,Savara,243,101,142
12,ARUNACHAL PRADESH,107000,107 SEMA,93,73,20
12,ARUNACHAL PRADESH,107002,Sema,93,73,20
12,ARUNACHAL PRADESH,108000,108 SHERPA,211,131,80
12,ARUNACHAL PRADESH,108001,Sherpa,211,131,80
12,ARUNACHAL PRADESH,111000,111 TAMANG,1057,696,361
12,ARUNACHAL PRADESH,111001,Tamang,1057,696,361
12,ARUNACHAL PRADESH,112000,112 TANGKHUL,50,15,35
12,ARUNACHAL PRADESH,112008,Tangkhul,50,15,35
12,ARUNACHAL PRADESH,113000,113 TANGSA,36546,33121,3425
12,ARUNACHAL PRADESH,113024,Tutcha Tangsa,10208,9391,817
12,ARUNACHAL PRADESH,113999,113 Others,26338,23730,2608
12,ARUNACHAL PRADESH,114000,114 THADO,58,34,24
12,ARUNACHAL PRADESH,114015,Thado,25,7,18
12,ARUNACHAL PRADESH,114999,114 Others,33,27,6
12,ARUNACHAL PRADESH,115000,115 TIBETAN,4557,3609,948
12,ARUNACHAL PRADESH,115008,Tibetan,2096,1905,191
12,ARUNACHAL PRADESH,115011,Purkhi,397,397,0
12,ARUNACHAL PRADESH,115999,115 Others,2064,1307,757
12,ARUNACHAL PRADESH,116000,116 TRIPURI,90,35,55
12,ARUNACHAL PRADESH,116007,Kokbarak,47,17,30
12,ARUNACHAL PRADESH,116011,Reang,10,2,8
12,ARUNACHAL PRADESH,116014,Tripuri,30,16,14
12,ARUNACHAL PRADESH,116999,116 Others,3,0,3
12,ARUNACHAL PRADESH,117000,117 TULU,1,0,1
12,ARUNACHAL PRADESH,117009,Tulu,1,0,1
12,ARUNACHAL PRADESH,118000,118 VAIPHEI,9,5,4
12,ARUNACHAL PRADESH,118002,Vaiphei,9,5,4
12,ARUNACHAL PRADESH,119000,119 WANCHO,58450,52985,5465
12,ARUNACHAL PRADESH,119001,Wancho,58450,52985,5465
12,ARUNACHAL PRADESH,120000,120 YIMCHUNGRE,5,1,4
12,ARUNACHAL PRADESH,120001,Chirr,1,0,1
12,ARUNACHAL PRADESH,120005,Yimchungre,4,1,3
12,ARUNACHAL PRADESH,121000,121 ZELIANG,6,5,1
12,ARUNACHAL PRADESH,121001,Zeliang,6,5,1
12,ARUNACHAL PRADESH,122000,122 ZEMI,3,2,1
12,ARUNACHAL PRADESH,122003,Zemi,3,2,1
12,ARUNACHAL PRADESH,123000,123 ZOU,2,2,0
12,ARUNACHAL PRADESH,123001,Zou,2,2,0
12,ARUNACHAL PRADESH,124000,124 OTHERS,75606,66040,9566
13,NAGALAND,001000,1 ASSAMESE,17201,8861,8340
13,NAGALAND,001002,Assamese,13103,6724,6379
13,NAGALAND,001999,1 Others,4098,2137,1961
13,NAGALAND,002000,2 BENGALI,74753,23777,50976
13,NAGALAND,002007,Bengali,74561,23709,50852
13,NAGALAND,002011,Chakma,156,60,96
13,NAGALAND,002015,Haijong/Hajong,22,3,19
13,NAGALAND,002044,Rajbangsi,13,5,8
13,NAGALAND,002999,2 Others,1,0,1
13,NAGALAND,003000,3 BODO,7372,4713,2659
13,NAGALAND,003001,Bodo/Boro,2490,1725,765
13,NAGALAND,003003,Kachari,4863,2972,1891
13,NAGALAND,003004,Mech/Mechhia,19,16,3
13,NAGALAND,004000,4 DOGRI,1269,662,607
13,NAGALAND,004001,Dogri,1269,662,607
13,NAGALAND,005000,5 GUJARATI,277,87,190
13,NAGALAND,005018,Gujarati,239,73,166
13,NAGALAND,005054,Ponchi,2,0,2
13,NAGALAND,005999,5 Others,36,14,22
13,NAGALAND,006000,6 HINDI,62942,17280,45662
13,NAGALAND,006030,Awadhi,46,28,18
13,NAGALAND,006042,Bagheli/Baghel Khandi,8,3,5
13,NAGALAND,006086,Bhadrawahi,11,1,10
13,NAGALAND,006102,Bhojpuri,14289,2883,11406
13,NAGALAND,006123,Brajbhasha,35,22,13
13,NAGALAND,006125,Bundeli/Bundel khandi,27,4,23
13,NAGALAND,006142,Chhattisgarhi,114,49,65
13,NAGALAND,006173,Dhundhari,1,0,1
13,NAGALAND,006195,Garhwali,965,343,622
13,NAGALAND,006207,Gojri/Gujjari/Gujar,7,0,7
13,NAGALAND,006235,Haryanvi,297,163,134
13,NAGALAND,006240,Hindi,31441,8680,22761
13,NAGALAND,006265,Jaunpuri/Jaunsari,3,2,1
13,NAGALAND,006291,Kangri,4,0,4
13,NAGALAND,006311,Khari Boli,2,0,2
13,NAGALAND,006320,Khortha/Khotta,73,49,24
13,NAGALAND,006340,Kumauni,922,393,529
13,NAGALAND,006345,Kurmali Thar,3,0,3
13,NAGALAND,006353,Lamani/Lambadi,3,0,3
13,NAGALAND,006358,Lodhi,2,0,2
13,NAGALAND,006376,Magadhi/Magahi,56,15,41
13,NAGALAND,006391,Malvi,1,1,0
13,NAGALAND,006394,Mandeali,31,23,8
13,NAGALAND,006400,Marwari,2473,126,2347
13,NAGALAND,006409,Mewati,2,0,2
13,NAGALAND,006420,Nagpuria,30,26,4
13,NAGALAND,006439,Pahari,60,30,30
13,NAGALAND,006454,Pangwali,27,3,24
13,NAGALAND,006489,Rajasthani,672,227,445
13,NAGALAND,006503,Sadan/Sadri,2385,2179,206
13,NAGALAND,006547,Surgujia,4,4,0
13,NAGALAND,006548,Surjapuri,2,1,1
13,NAGALAND,006999,6 Others,8946,2025,6921
13,NAGALAND,007000,7 KANNADA,337,152,185
13,NAGALAND,007016,Kannada,328,147,181
13,NAGALAND,007041,Prakritha/Prakritha Bhasha,1,0,1
13,NAGALAND,007999,7 Others,8,5,3
13,NAGALAND,008000,8 KASHMIRI,77,39,38
13,NAGALAND,008005,Kashmiri,77,39,38
13,NAGALAND,009000,9 KONKANI,51,24,27
13,NAGALAND,009011,Konkani,33,14,19
13,NAGALAND,009016,Malwani,2,0,2
13,NAGALAND,009020,Nawait,1,0,1
13,NAGALAND,009999,9 Others,15,10,5
13,NAGALAND,010000,10 MAITHILI,1473,319,1154
13,NAGALAND,010008,Maithili,1473,319,1154
13,NAGALAND,011000,11 MALAYALAM,2916,929,1987
13,NAGALAND,011016,Malayalam,2914,929,1985
13,NAGALAND,011999,11 Others,2,0,2
13,NAGALAND,012000,12 MANIPURI,9511,2430,7081
13,NAGALAND,012003,Manipuri,9500,2430,7070
13,NAGALAND,012999,12 Others,11,0,11
13,NAGALAND,013000,13 MARATHI,2659,1072,1587
13,NAGALAND,013060,Koli,3,0,3
13,NAGALAND,013071,Marathi,2606,1059,1547
13,NAGALAND,013999,13 Others,50,13,37
13,NAGALAND,014000,14 NEPALI,43481,21746,21735
13,NAGALAND,014011,Nepali,43481,21746,21735
13,NAGALAND,015000,15 ODIA,4565,2278,2287
13,NAGALAND,015043,Odia,3847,1597,2250
13,NAGALAND,015058,Sambalpuri,2,1,1
13,NAGALAND,015999,15 Others,716,680,36
13,NAGALAND,016000,16 PUNJABI,2249,1199,1050
13,NAGALAND,016038,Punjabi,2236,1190,1046
13,NAGALAND,016999,16 Others,13,9,4
13,NAGALAND,018000,18 SANTALI,156,119,37
13,NAGALAND,018011,Mahili,1,1,0
13,NAGALAND,018040,Santali,155,118,37
13,NAGALAND,019000,19 SINDHI,82,66,16
13,NAGALAND,019008,Kachchhi,2,0,2
13,NAGALAND,019014,Sindhi,15,1,14
13,NAGALAND,019999,19 Others,65,65,0
13,NAGALAND,020000,20 TAMIL,1127,364,763
13,NAGALAND,020009,Kaikadi,1,1,0
13,NAGALAND,020027,Tamil,1125,363,762
13,NAGALAND,020999,20 Others,1,0,1
13,NAGALAND,021000,21 TELUGU,1188,358,830
13,NAGALAND,021046,Telugu,1150,336,814
13,NAGALAND,021999,21 Others,38,22,16
13,NAGALAND,022000,22 URDU,1095,326,769
13,NAGALAND,022015,Urdu,1056,313,743
13,NAGALAND,022999,22 Others,39,13,26
13,NAGALAND,023000,23 ADI,95,48,47
13,NAGALAND,023003,Adi,60,27,33
13,NAGALAND,023006,Adi Gallong/Gallong,6,5,1
13,NAGALAND,023040,Talgalo,20,12,8
13,NAGALAND,023999,23 Others,9,4,5
13,NAGALAND,024000,24 AFGHANI/KABULI/PASHTO,5,0,5
13,NAGALAND,024001,Afghani/Kabuli/Pashto,5,0,5
13,NAGALAND,025000,25 ANAL,184,106,78
13,NAGALAND,025001,Anal,176,104,72
13,NAGALAND,025999,25 Others,8,2,6
13,NAGALAND,026000,26 ANGAMI,151883,98152,53731
13,NAGALAND,026002,Angami,40008,25535,14473
13,NAGALAND,026999,26 Others,111875,72617,39258
13,NAGALAND,027000,27 AO,231084,144211,86873
13,NAGALAND,027001,Ao,114588,43490,71098
13,NAGALAND,027003,Chungli,69045,58070,10975
13,NAGALAND,027005,Mongsen,47304,42635,4669
13,NAGALAND,027999,27 Others,147,16,131
13,NAGALAND,028000,28 ARABIC/ARBI,21,5,16
13,NAGALAND,028001,Arabic/Arbi,21,5,16
13,NAGALAND,030000,30 BHILI/BHILODI,20,5,15
13,NAGALAND,030007,Bhili/Bhilodi,17,3,14
13,NAGALAND,030011,Chodhari,1,1,0
13,NAGALAND,030070,Rathi,1,1,0
13,NAGALAND,030999,30 Others,1,0,1
13,NAGALAND,031000,31 BHOTIA,136,3,133
13,NAGALAND,031001,Bhotia,126,3,123
13,NAGALAND,031999,31 Others,10,0,10
13,NAGALAND,032000,32 BHUMIJ,10,0,10
13,NAGALAND,032999,32 Others,10,0,10
13,NAGALAND,033000,33 BISHNUPURIYA,125,11,114
13,NAGALAND,033003,Bishnupriya Manipuri/Manipuri Bishnupriya,54,10,44
13,NAGALAND,033999,33 Others,71,1,70
13,NAGALAND,034000,34 CHAKHESANG,17919,10317,7602
13,NAGALAND,034001,Chakhesang,17919,10317,7602
13,NAGALAND,035000,35 CHAKRU/CHOKRI,91010,77489,13521
13,NAGALAND,035001,Chakru/Chokri,91010,77489,13521
13,NAGALAND,036000,36 CHANG,65632,47984,17648
13,NAGALAND,036001,Chang,65632,47984,17648
13,NAGALAND,037000,37 COORGI/KODAGU,2,1,1
13,NAGALAND,037001,Coorgi/Kodagu,2,1,1
13,NAGALAND,038000,38 DEORI,5,3,2
13,NAGALAND,038001,Deori,5,3,2
13,NAGALAND,039000,39 DIMASA,4871,4731,140
13,NAGALAND,039002,Dimasa,4855,4722,133
13,NAGALAND,039999,39 Others,16,9,7
13,NAGALAND,040000,40 ENGLISH,419,163,256
13,NAGALAND,040001,English,419,163,256
13,NAGALAND,042000,42 GANGTE,10,0,10
13,NAGALAND,042001,Gangte,10,0,10
13,NAGALAND,043000,43 GARO,2351,1592,759
13,NAGALAND,043005,Garo,2330,1576,754
13,NAGALAND,043999,43 Others,21,16,5
13,NAGALAND,044000,44 GONDI,17,7,10
13,NAGALAND,044013,Kalari,1,0,1
13,NAGALAND,044017,Maria/ Muria,1,1,0
13,NAGALAND,044999,44 Others,15,6,9
13,NAGALAND,046000,46 HALAM,4,2,2
13,NAGALAND,046003,Halam,1,1,0
13,NAGALAND,046999,46 Others,3,1,2
13,NAGALAND,047000,47 HMAR,61,7,54
13,NAGALAND,047001,Hmar,61,7,54
13,NAGALAND,048000,48 HO,11,2,9
13,NAGALAND,048004,Ho,9,1,8
13,NAGALAND,048007,Lohara,2,1,1
13,NAGALAND,050000,50 JUANG,1,1,0
13,NAGALAND,050001,Juang,1,1,0
13,NAGALAND,051000,51 KABUI,6968,3814,3154
13,NAGALAND,051003,Kabui,25,16,9
13,NAGALAND,051005,Rongmei,6940,3798,3142
13,NAGALAND,051999,51 Others,3,0,3
13,NAGALAND,052000,52 KARBI/MIKIR,584,276,308
13,NAGALAND,052002,Karbi/Mikir,584,276,308
13,NAGALAND,053000,53 KHANDESHI,5,1,4
13,NAGALAND,053002,Ahirani,1,0,1
13,NAGALAND,053004,Dangi,1,1,0
13,NAGALAND,053999,53 Others,3,0,3
13,NAGALAND,054000,54 KHARIA,164,134,30
13,NAGALAND,054005,Kharia,164,134,30
13,NAGALAND,055000,55 KHASI,721,486,235
13,NAGALAND,055007,Khasi,664,438,226
13,NAGALAND,055012,Pnar/Synteng,20,13,7
13,NAGALAND,055015,War,6,4,2
13,NAGALAND,055999,55 Others,31,31,0
13,NAGALAND,056000,56 KHEZHA,34218,26700,7518
13,NAGALAND,056003,Khezha,34118,26639,7479
13,NAGALAND,056999,56 Others,100,61,39
13,NAGALAND,057000,57 KHIEMNUNGAN,61906,55212,6694
13,NAGALAND,057001,Khiemnungan,61906,55212,6694
13,NAGALAND,058000,58 KHOND/KONDH,1,0,1
13,NAGALAND,058001,Khond/Kondh,1,0,1
13,NAGALAND,059000,59 KINNAURI,5,5,0
13,NAGALAND,059003,Kinnauri,5,5,0
13,NAGALAND,060000,60 KISAN,8,0,8
13,NAGALAND,060002,Kisan,8,0,8
13,NAGALAND,061000,61 KOCH,8,5,3
13,NAGALAND,061002,Koch,8,5,3
13,NAGALAND,064000,64 KOM,49,23,26
13,NAGALAND,064001,Kom,49,23,26
13,NAGALAND,066000,66 KONYAK,244135,211736,32399
13,NAGALAND,066001,Konyak,244135,211736,32399
13,NAGALAND,069000,69 KOYA,3,0,3
13,NAGALAND,069002,Koya,3,0,3
13,NAGALAND,071000,71 KUKI,18392,15177,3215
13,NAGALAND,071008,Kuki,18389,15177,3212
13,NAGALAND,071999,71 Others,3,0,3
13,NAGALAND,072000,72 KURUKH/ORAON,993,738,255
13,NAGALAND,072024,Kurukh/Oraon,993,738,255
13,NAGALAND,075000,75 LAHNDA,3,2,1
13,NAGALAND,075999,75 Others,3,2,1
13,NAGALAND,076000,76 LAKHER,12,9,3
13,NAGALAND,076002,Mara,11,8,3
13,NAGALAND,076999,76 Others,1,1,0
13,NAGALAND,077000,77 LALUNG,24,17,7
13,NAGALAND,077001,Lalung,24,17,7
13,NAGALAND,078000,78 LEPCHA,45,7,38
13,NAGALAND,078001,Lepcha,45,7,38
13,NAGALAND,079000,79 LIANGMEI,3923,3528,395
13,NAGALAND,079002,Liangmei,3919,3525,394
13,NAGALAND,079999,79 Others,4,3,1
13,NAGALAND,080000,80 LIMBU,32,31,1
13,NAGALAND,080002,Limbu,30,29,1
13,NAGALAND,080999,80 Others,2,2,0
13,NAGALAND,081000,81 LOTHA,177488,126859,50629
13,NAGALAND,081001,Lotha,177488,126859,50629
13,NAGALAND,082000,82 LUSHAI/MIZO,1194,207,987
13,NAGALAND,082005,Lushai/Mizo,1190,207,983
13,NAGALAND,082999,82 Others,4,0,4
13,NAGALAND,084000,84 MAO,14490,8363,6127
13,NAGALAND,084001,Mao,7250,1902,5348
13,NAGALAND,084003,Paola,7239,6461,778
13,NAGALAND,084999,84 Others,1,0,1
13,NAGALAND,085000,85 MARAM,240,70,170
13,NAGALAND,085001,Maram,240,70,170
13,NAGALAND,086000,86 MARING,96,37,59
13,NAGALAND,086001,Maring,96,37,59
13,NAGALAND,087000,87 MIRI/MISHING,86,59,27
13,NAGALAND,087003,Miri/Mishing,86,59,27
13,NAGALAND,088000,88 MISHMI,33,28,5
13,NAGALAND,088007,Mishmi,17,15,2
13,NAGALAND,088999,88 Others,16,13,3
13,NAGALAND,089000,89 MOGH,9,9,0
13,NAGALAND,089004,Mogh,2,2,0
13,NAGALAND,089999,89 Others,7,7,0
13,NAGALAND,090000,90 MONPA,11,4,7
13,NAGALAND,090003,Monpa,11,4,7
13,NAGALAND,091000,91 MUNDA,279,157,122
13,NAGALAND,091006,Kol,1,1,0
13,NAGALAND,091009,Munda,236,127,109
13,NAGALAND,091999,91 Others,42,29,13
13,NAGALAND,092000,92 MUNDARI,219,169,50
13,NAGALAND,092005,Mundari,214,169,45
13,NAGALAND,092999,92 Others,5,0,5
13,NAGALAND,094000,94 NISSI/DAFLA,111,54,57
13,NAGALAND,094001,Apatani,27,4,23
13,NAGALAND,094007,Nissi/Dafla,38,16,22
13,NAGALAND,094008,Tagin,42,32,10
13,NAGALAND,094999,94 Others,4,2,2
13,NAGALAND,095000,95 NOCTE,75,31,44
13,NAGALAND,095003,Nocte,69,26,43
13,NAGALAND,095999,95 Others,6,5,1
13,NAGALAND,096000,96 PAITE,150,58,92
13,NAGALAND,096002,Paite,150,58,92
13,NAGALAND,097000,97 PARJI,9,0,9
13,NAGALAND,097999,97 Others,9,0,9
13,NAGALAND,098000,98 PAWI,9,8,1
13,NAGALAND,098001,Pawi,9,8,1
13,NAGALAND,100000,100 PHOM,53674,43142,10532
13,NAGALAND,100001,Phom,53674,43142,10532
13,NAGALAND,101000,101 POCHURY,21446,20400,1046
13,NAGALAND,101006,Pochury,21424,20399,1025
13,NAGALAND,101999,101 Others,22,1,21
13,NAGALAND,102000,102 RABHA,131,85,46
13,NAGALAND,102002,Rabha,131,85,46
13,NAGALAND,103000,103 RAI,17,15,2
13,NAGALAND,103003,Rai,6,4,2
13,NAGALAND,103999,103 Others,11,11,0
13,NAGALAND,104000,104 RENGMA,61537,51671,9866
13,NAGALAND,104001,Rengma,61537,51671,9866
13,NAGALAND,105000,105 SANGTAM,75841,55054,20787
13,NAGALAND,105004,Sangtam,75530,54982,20548
13,NAGALAND,105999,105 Others,311,72,239
13,NAGALAND,106000,106 SAVARA,14,4,10
13,NAGALAND,106004,Savara,14,4,10
13,NAGALAND,107000,107 SEMA,8268,2544,5724
13,NAGALAND,107002,Sema,8268,2544,5724
13,NAGALAND,108000,108 SHERPA,13,7,6
13,NAGALAND,108001,Sherpa,13,7,6
13,NAGALAND,111000,111 TAMANG,135,40,95
13,NAGALAND,111001,Tamang,135,40,95
13,NAGALAND,112000,112 TANGKHUL,2018,619,1399
13,NAGALAND,112008,Tangkhul,2018,619,1399
13,NAGALAND,113000,113 TANGSA,151,63,88
13,NAGALAND,113024,Tutcha Tangsa,9,1,8
13,NAGALAND,113999,113 Others,142,62,80
13,NAGALAND,114000,114 THADO,148,117,31
13,NAGALAND,114015,Thado,15,9,6
13,NAGALAND,114999,114 Others,133,108,25
13,NAGALAND,115000,115 TIBETAN,207,16,191
13,NAGALAND,115008,Tibetan,172,2,170
13,NAGALAND,115999,115 Others,35,14,21
13,NAGALAND,116000,116 TRIPURI,339,108,231
13,NAGALAND,116007,Kokbarak,203,66,137
13,NAGALAND,116011,Reang,6,4,2
13,NAGALAND,116014,Tripuri,124,36,88
13,NAGALAND,116999,116 Others,6,2,4
13,NAGALAND,117000,117 TULU,1,1,0
13,NAGALAND,117009,Tulu,1,1,0
13,NAGALAND,118000,118 VAIPHEI,107,8,99
13,NAGALAND,118002,Vaiphei,107,8,99
13,NAGALAND,119000,119 WANCHO,92,44,48
13,NAGALAND,119001,Wancho,92,44,48
13,NAGALAND,120000,120 YIMCHUNGRE,74156,60882,13274
13,NAGALAND,120001,Chirr,3396,3336,60
13,NAGALAND,120004,Tikhir,11028,9304,1724
13,NAGALAND,120005,Yimchungre,56399,44925,11474
13,NAGALAND,120999,120 Others,3333,3317,16
13,NAGALAND,121000,121 ZELIANG,60399,46692,13707
13,NAGALAND,121001,Zeliang,60399,46692,13707
13,NAGALAND,122000,122 ZEMI,11165,10123,1042
13,NAGALAND,122003,Zemi,11165,10123,1042
13,NAGALAND,123000,123 ZOU,31,18,13
13,NAGALAND,123001,Zou,31,18,13
13,NAGALAND,124000,124 OTHERS,241257,190228,51029
14,MANIPUR,001000,1 ASSAMESE,2453,1627,826
14,MANIPUR,001002,Assamese,1882,1197,685
14,MANIPUR,001999,1 Others,571,430,141
14,MANIPUR,002000,2 BENGALI,30611,25140,5471
14,MANIPUR,002007,Bengali,30561,25106,5455
14,MANIPUR,002011,Chakma,31,18,13
14,MANIPUR,002015,Haijong/Hajong,7,4,3
14,MANIPUR,002044,Rajbangsi,11,11,0
14,MANIPUR,002999,2 Others,1,1,0
14,MANIPUR,003000,3 BODO,174,111,63
14,MANIPUR,003001,Bodo/Boro,148,96,52
14,MANIPUR,003003,Kachari,26,15,11
14,MANIPUR,004000,4 DOGRI,1853,1675,178
14,MANIPUR,004001,Dogri,1853,1675,178
14,MANIPUR,005000,5 GUJARATI,164,100,64
14,MANIPUR,005018,Gujarati,156,93,63
14,MANIPUR,005999,5 Others,8,7,1
14,MANIPUR,006000,6 HINDI,31703,15201,16502
14,MANIPUR,006030,Awadhi,18,9,9
14,MANIPUR,006042,Bagheli/Baghel Khandi,1,1,0
14,MANIPUR,006066,Banjari,2,2,0
14,MANIPUR,006086,Bhadrawahi,8,2,6
14,MANIPUR,006102,Bhojpuri,5311,1575,3736
14,MANIPUR,006123,Brajbhasha,18,14,4
14,MANIPUR,006125,Bundeli/Bundel khandi,3,3,0
14,MANIPUR,006142,Chhattisgarhi,14,12,2
14,MANIPUR,006173,Dhundhari,2,2,0
14,MANIPUR,006195,Garhwali,723,541,182
14,MANIPUR,006207,Gojri/Gujjari/Gujar,3,0,3
14,MANIPUR,006231,Handuri,3,1,2
14,MANIPUR,006232,Hara/Harauti,1,0,1
14,MANIPUR,006235,Haryanvi,253,212,41
14,MANIPUR,006240,Hindi,21096,10981,10115
14,MANIPUR,006291,Kangri,1,1,0
14,MANIPUR,006311,Khari Boli,1,1,0
14,MANIPUR,006320,Khortha/Khotta,1,1,0
14,MANIPUR,006340,Kumauni,1127,910,217
14,MANIPUR,006353,Lamani/Lambadi,8,1,7
14,MANIPUR,006376,Magadhi/Magahi,19,13,6
14,MANIPUR,006391,Malvi,1,1,0
14,MANIPUR,006394,Mandeali,3,3,0
14,MANIPUR,006400,Marwari,689,138,551
14,MANIPUR,006420,Nagpuria,13,10,3
14,MANIPUR,006439,Pahari,67,53,14
14,MANIPUR,006454,Pangwali,1,1,0
14,MANIPUR,006476,Puran/Puran Bhasha,1,1,0
14,MANIPUR,006489,Rajasthani,407,228,179
14,MANIPUR,006503,Sadan/Sadri,30,24,6
14,MANIPUR,006999,6 Others,1878,460,1418
14,MANIPUR,007000,7 KANNADA,639,472,167
14,MANIPUR,007016,Kannada,634,467,167
14,MANIPUR,007999,7 Others,5,5,0
14,MANIPUR,008000,8 KASHMIRI,48,44,4
14,MANIPUR,008005,Kashmiri,48,44,4
14,MANIPUR,009000,9 KONKANI,32,24,8
14,MANIPUR,009011,Konkani,11,5,6
14,MANIPUR,009016,Malwani,8,7,1
14,MANIPUR,009999,9 Others,13,12,1
14,MANIPUR,010000,10 MAITHILI,213,115,98
14,MANIPUR,010008,Maithili,213,115,98
14,MANIPUR,011000,11 MALAYALAM,1519,901,618
14,MANIPUR,011016,Malayalam,1519,901,618
14,MANIPUR,012000,12 MANIPURI,1522132,833666,688466
14,MANIPUR,012003,Manipuri,1522132,833666,688466
14,MANIPUR,013000,13 MARATHI,1583,1358,225
14,MANIPUR,013071,Marathi,1552,1328,224
14,MANIPUR,013999,13 Others,31,30,1
14,MANIPUR,014000,14 NEPALI,63756,57201,6555
14,MANIPUR,014011,Nepali,63756,57201,6555
14,MANIPUR,015000,15 ODIA,931,594,337
14,MANIPUR,015007,Bhuiya/Bhuyan[Ori],1,1,0
14,MANIPUR,015043,Odia,925,588,337
14,MANIPUR,015999,15 Others,5,5,0
14,MANIPUR,016000,16 PUNJABI,1370,661,709
14,MANIPUR,016038,Punjabi,1370,661,709
14,MANIPUR,017000,17 SANSKRIT,1,0,1
14,MANIPUR,017002,Sanskrit,1,0,1
14,MANIPUR,018000,18 SANTALI,18,15,3
14,MANIPUR,018040,Santali,17,14,3
14,MANIPUR,018999,18 Others,1,1,0
14,MANIPUR,020000,20 TAMIL,1657,509,1148
14,MANIPUR,020027,Tamil,1656,508,1148
14,MANIPUR,020999,20 Others,1,1,0
14,MANIPUR,021000,21 TELUGU,1098,665,433
14,MANIPUR,021046,Telugu,1074,642,432
14,MANIPUR,021999,21 Others,24,23,1
14,MANIPUR,022000,22 URDU,247,168,79
14,MANIPUR,022015,Urdu,207,130,77
14,MANIPUR,022016,Bhansari,3,3,0
14,MANIPUR,022999,22 Others,37,35,2
14,MANIPUR,023000,23 ADI,78,67,11
14,MANIPUR,023003,Adi,20,15,5
14,MANIPUR,023006,Adi Gallong/Gallong,3,0,3
14,MANIPUR,023010,Adi Miniyong/Miniyong,2,2,0
14,MANIPUR,023040,Talgalo,11,9,2
14,MANIPUR,023999,23 Others,42,41,1
14,MANIPUR,024000,24 AFGHANI/KABULI/PASHTO,1,1,0
14,MANIPUR,024001,Afghani/Kabuli/Pashto,1,1,0
14,MANIPUR,025000,25 ANAL,26508,25963,545
14,MANIPUR,025001,Anal,23645,23182,463
14,MANIPUR,025999,25 Others,2863,2781,82
14,MANIPUR,026000,26 ANGAMI,76,46,30
14,MANIPUR,026002,Angami,74,45,29
14,MANIPUR,026999,26 Others,2,1,1
14,MANIPUR,027000,27 AO,2529,2463,66
14,MANIPUR,027001,Ao,146,111,35
14,MANIPUR,027003,Chungli,1,1,0
14,MANIPUR,027005,Mongsen,2381,2350,31
14,MANIPUR,027999,27 Others,1,1,0
14,MANIPUR,028000,28 ARABIC/ARBI,5,2,3
14,MANIPUR,028001,Arabic/Arbi,5,2,3
14,MANIPUR,030000,30 BHILI/BHILODI,2,2,0
14,MANIPUR,030999,30 Others,2,2,0
14,MANIPUR,031000,31 BHOTIA,11,9,2
14,MANIPUR,031001,Bhotia,5,4,1
14,MANIPUR,031999,31 Others,6,5,1
14,MANIPUR,033000,33 BISHNUPURIYA,1288,1084,204
14,MANIPUR,033003,Bishnupriya Manipuri/Manipuri Bishnupriya,284,283,1
14,MANIPUR,033999,33 Others,1004,801,203
14,MANIPUR,034000,34 CHAKHESANG,1146,1139,7
14,MANIPUR,034001,Chakhesang,1146,1139,7
14,MANIPUR,035000,35 CHAKRU/CHOKRI,2,1,1
14,MANIPUR,035001,Chakru/Chokri,2,1,1
14,MANIPUR,036000,36 CHANG,5,4,1
14,MANIPUR,036001,Chang,5,4,1
14,MANIPUR,037000,37 COORGI/KODAGU,1,0,1
14,MANIPUR,037001,Coorgi/Kodagu,1,0,1
14,MANIPUR,038000,38 DEORI,2,2,0
14,MANIPUR,038001,Deori,2,2,0
14,MANIPUR,039000,39 DIMASA,36,27,9
14,MANIPUR,039002,Dimasa,17,15,2
14,MANIPUR,039999,39 Others,19,12,7
14,MANIPUR,040000,40 ENGLISH,331,238,93
14,MANIPUR,040001,English,331,238,93
14,MANIPUR,042000,42 GANGTE,15274,13953,1321
14,MANIPUR,042001,Gangte,15274,13953,1321
14,MANIPUR,043000,43 GARO,65,46,19
14,MANIPUR,043005,Garo,62,44,18
14,MANIPUR,043999,43 Others,3,2,1
14,MANIPUR,044000,44 GONDI,3,1,2
14,MANIPUR,044002,Dorli,1,1,0
14,MANIPUR,044017,Maria/ Muria,2,0,2
14,MANIPUR,046000,46 HALAM,16,13,3
14,MANIPUR,046003,Halam,14,12,2
14,MANIPUR,046999,46 Others,2,1,1
14,MANIPUR,047000,47 HMAR,49081,41011,8070
14,MANIPUR,047001,Hmar,49081,41011,8070
14,MANIPUR,048000,48 HO,2,2,0
14,MANIPUR,048004,Ho,2,2,0
14,MANIPUR,051000,51 KABUI,109616,79426,30190
14,MANIPUR,051003,Kabui,54038,38334,15704
14,MANIPUR,051005,Rongmei,55578,41092,14486
14,MANIPUR,052000,52 KARBI/MIKIR,107,91,16
14,MANIPUR,052002,Karbi/Mikir,107,91,16
14,MANIPUR,053000,53 KHANDESHI,1,0,1
14,MANIPUR,053002,Ahirani,1,0,1
14,MANIPUR,054000,54 KHARIA,20,17,3
14,MANIPUR,054005,Kharia,20,17,3
14,MANIPUR,055000,55 KHASI,670,591,79
14,MANIPUR,055007,Khasi,662,587,75
14,MANIPUR,055009,Lyngngam,3,3,0
14,MANIPUR,055012,Pnar/Synteng,2,1,1
14,MANIPUR,055015,War,3,0,3
14,MANIPUR,056000,56 KHEZHA,6977,6965,12
14,MANIPUR,056003,Khezha,1982,1978,4
14,MANIPUR,056999,56 Others,4995,4987,8
14,MANIPUR,057000,57 KHIEMNUNGAN,2,1,1
14,MANIPUR,057001,Khiemnungan,2,1,1
14,MANIPUR,058000,58 KHOND/KONDH,53,53,0
14,MANIPUR,058006,Kuvi,53,53,0
14,MANIPUR,059000,59 KINNAURI,1,1,0
14,MANIPUR,059003,Kinnauri,1,1,0
14,MANIPUR,060000,60 KISAN,179,179,0
14,MANIPUR,060002,Kisan,179,179,0
14,MANIPUR,061000,61 KOCH,2,2,0
14,MANIPUR,061002,Koch,2,2,0
14,MANIPUR,064000,64 KOM,14621,13664,957
14,MANIPUR,064001,Kom,14621,13664,957
14,MANIPUR,066000,66 KONYAK,36,30,6
14,MANIPUR,066001,Konyak,36,30,6
14,MANIPUR,071000,71 KUKI,37805,32424,5381
14,MANIPUR,071008,Kuki,36808,31448,5360
14,MANIPUR,071999,71 Others,997,976,21
14,MANIPUR,072000,72 KURUKH/ORAON,36,28,8
14,MANIPUR,072024,Kurukh/Oraon,36,28,8
14,MANIPUR,073000,73 LADAKHI,3,2,1
14,MANIPUR,073003,Ladakhi,3,2,1
14,MANIPUR,076000,76 LAKHER,4,4,0
14,MANIPUR,076002,Mara,2,2,0
14,MANIPUR,076999,76 Others,2,2,0
14,MANIPUR,078000,78 LEPCHA,16,10,6
14,MANIPUR,078001,Lepcha,16,10,6
14,MANIPUR,079000,79 LIANGMEI,45546,43312,2234
14,MANIPUR,079002,Liangmei,44311,42150,2161
14,MANIPUR,079999,79 Others,1235,1162,73
14,MANIPUR,080000,80 LIMBU,169,167,2
14,MANIPUR,080002,Limbu,169,167,2
14,MANIPUR,081000,81 LOTHA,69,58,11
14,MANIPUR,081001,Lotha,69,58,11
14,MANIPUR,082000,82 LUSHAI/MIZO,6500,4797,1703
14,MANIPUR,082005,Lushai/Mizo,6500,4797,1703
14,MANIPUR,084000,84 MAO,224361,223575,786
14,MANIPUR,084001,Mao,89011,88244,767
14,MANIPUR,084003,Paola,135349,135330,19
14,MANIPUR,084999,84 Others,1,1,0
14,MANIPUR,085000,85 MARAM,32098,32029,69
14,MANIPUR,085001,Maram,32098,32029,69
14,MANIPUR,086000,86 MARING,25657,25239,418
14,MANIPUR,086001,Maring,25657,25239,418
14,MANIPUR,087000,87 MIRI/MISHING,10,10,0
14,MANIPUR,087003,Miri/Mishing,10,10,0
14,MANIPUR,088000,88 MISHMI,11,11,0
14,MANIPUR,088007,Mishmi,6,6,0
14,MANIPUR,088999,88 Others,5,5,0
14,MANIPUR,089000,89 MOGH,7,6,1
14,MANIPUR,089004,Mogh,7,6,1
14,MANIPUR,090000,90 MONPA,27,22,5
14,MANIPUR,090003,Monpa,27,22,5
14,MANIPUR,091000,91 MUNDA,29,26,3
14,MANIPUR,091009,Munda,24,21,3
14,MANIPUR,091999,91 Others,5,5,0
14,MANIPUR,092000,92 MUNDARI,4,3,1
14,MANIPUR,092005,Mundari,4,3,1
14,MANIPUR,093000,93 NICOBARESE,2,0,2
14,MANIPUR,093001,Nicobarese,2,0,2
14,MANIPUR,094000,94 NISSI/DAFLA,21,17,4
14,MANIPUR,094001,Apatani,14,11,3
14,MANIPUR,094007,Nissi/Dafla,5,4,1
14,MANIPUR,094008,Tagin,2,2,0
14,MANIPUR,095000,95 NOCTE,44,40,4
14,MANIPUR,095003,Nocte,43,39,4
14,MANIPUR,095999,95 Others,1,1,0
14,MANIPUR,096000,96 PAITE,55031,50354,4677
14,MANIPUR,096002,Paite,55031,50354,4677
14,MANIPUR,100000,100 PHOM,16,3,13
14,MANIPUR,100001,Phom,16,3,13
14,MANIPUR,101000,101 POCHURY,69,69,0
14,MANIPUR,101006,Pochury,57,57,0
14,MANIPUR,101999,101 Others,12,12,0
14,MANIPUR,102000,102 RABHA,18,13,5
14,MANIPUR,102002,Rabha,18,13,5
14,MANIPUR,103000,103 RAI,146,146,0
14,MANIPUR,103003,Rai,81,81,0
14,MANIPUR,103999,103 Others,65,65,0
14,MANIPUR,104000,104 RENGMA,3,1,2
14,MANIPUR,104001,Rengma,3,1,2
14,MANIPUR,105000,105 SANGTAM,10,10,0
14,MANIPUR,105004,Sangtam,10,10,0
14,MANIPUR,107000,107 SEMA,104,97,7
14,MANIPUR,107002,Sema,104,97,7
14,MANIPUR,108000,108 SHERPA,26,24,2
14,MANIPUR,108001,Sherpa,26,24,2
14,MANIPUR,111000,111 TAMANG,537,523,14
14,MANIPUR,111001,Tamang,537,523,14
14,MANIPUR,112000,112 TANGKHUL,183091,153333,29758
14,MANIPUR,112008,Tangkhul,183091,153333,29758
14,MANIPUR,113000,113 TANGSA,49,39,10
14,MANIPUR,113999,113 Others,49,39,10
14,MANIPUR,114000,114 THADO,223779,208044,15735
14,MANIPUR,114015,Thado,223171,207544,15627
14,MANIPUR,114999,114 Others,608,500,108
14,MANIPUR,115000,115 TIBETAN,3,2,1
14,MANIPUR,115999,115 Others,3,2,1
14,MANIPUR,116000,116 TRIPURI,208,144,64
14,MANIPUR,116007,Kokbarak,132,84,48
14,MANIPUR,116011,Reang,15,13,2
14,MANIPUR,116014,Tripuri,56,44,12
14,MANIPUR,116999,116 Others,5,3,2
14,MANIPUR,117000,117 TULU,15,13,2
14,MANIPUR,117999,117 Others,15,13,2
14,MANIPUR,118000,118 VAIPHEI,39902,36751,3151
14,MANIPUR,118002,Vaiphei,39902,36751,3151
14,MANIPUR,119000,119 WANCHO,42,34,8
14,MANIPUR,119001,Wancho,42,34,8
14,MANIPUR,120000,120 YIMCHUNGRE,8497,8188,309
14,MANIPUR,120001,Chirr,8475,8171,304
14,MANIPUR,120004,Tikhir,6,6,0
14,MANIPUR,120005,Yimchungre,16,11,5
14,MANIPUR,121000,121 ZELIANG,2727,2724,3
14,MANIPUR,121001,Zeliang,2727,2724,3
14,MANIPUR,122000,122 ZEMI,18795,17686,1109
14,MANIPUR,122003,Zemi,18795,17686,1109
14,MANIPUR,123000,123 ZOU,25861,23620,2241
14,MANIPUR,123001,Zou,25861,23620,2241
14,MANIPUR,124000,124 OTHERS,33497,30701,2796
15,MIZORAM,001000,1 ASSAMESE,1266,258,1008
15,MIZORAM,001002,Assamese,1143,241,902
15,MIZORAM,001999,1 Others,123,17,106
15,MIZORAM,002000,2 BENGALI,107840,96777,11063
15,MIZORAM,002007,Bengali,14986,5303,9683
15,MIZORAM,002011,Chakma,92850,91471,1379
15,MIZORAM,002015,Haijong/Hajong,1,1,0
15,MIZORAM,002044,Rajbangsi,3,2,1
15,MIZORAM,003000,3 BODO,203,25,178
15,MIZORAM,003001,Bodo/Boro,75,9,66
15,MIZORAM,003003,Kachari,128,16,112
15,MIZORAM,004000,4 DOGRI,193,41,152
15,MIZORAM,004001,Dogri,193,41,152
15,MIZORAM,005000,5 GUJARATI,59,17,42
15,MIZORAM,005018,Gujarati,58,17,41
15,MIZORAM,005999,5 Others,1,0,1
15,MIZORAM,006000,6 HINDI,10677,2069,8608
15,MIZORAM,006030,Awadhi,2,1,1
15,MIZORAM,006042,Bagheli/Baghel Khandi,1,0,1
15,MIZORAM,006066,Banjari,1,0,1
15,MIZORAM,006102,Bhojpuri,279,48,231
15,MIZORAM,006123,Brajbhasha,2,0,2
15,MIZORAM,006125,Bundeli/Bundel khandi,1,1,0
15,MIZORAM,006142,Chhattisgarhi,6,3,3
15,MIZORAM,006195,Garhwali,46,11,35
15,MIZORAM,006207,Gojri/Gujjari/Gujar,1,1,0
15,MIZORAM,006235,Haryanvi,55,22,33
15,MIZORAM,006240,Hindi,8929,1765,7164
15,MIZORAM,006265,Jaunpuri/Jaunsari,1,0,1
15,MIZORAM,006291,Kangri,2,0,2
15,MIZORAM,006320,Khortha/Khotta,28,20,8
15,MIZORAM,006340,Kumauni,138,22,116
15,MIZORAM,006353,Lamani/Lambadi,3,1,2
15,MIZORAM,006376,Magadhi/Magahi,6,3,3
15,MIZORAM,006400,Marwari,9,3,6
15,MIZORAM,006420,Nagpuria,2,2,0
15,MIZORAM,006439,Pahari,135,9,126
15,MIZORAM,006466,Pawari/Powari,8,0,8
15,MIZORAM,006489,Rajasthani,67,4,63
15,MIZORAM,006503,Sadan/Sadri,92,18,74
15,MIZORAM,006548,Surjapuri,19,6,13
15,MIZORAM,006999,6 Others,844,129,715
15,MIZORAM,007000,7 KANNADA,189,34,155
15,MIZORAM,007016,Kannada,188,33,155
15,MIZORAM,007999,7 Others,1,1,0
15,MIZORAM,008000,8 KASHMIRI,23,7,16
15,MIZORAM,008005,Kashmiri,23,7,16
15,MIZORAM,009000,9 KONKANI,54,11,43
15,MIZORAM,009011,Konkani,49,7,42
15,MIZORAM,009999,9 Others,5,4,1
15,MIZORAM,010000,10 MAITHILI,111,26,85
15,MIZORAM,010008,Maithili,111,26,85
15,MIZORAM,011000,11 MALAYALAM,718,103,615
15,MIZORAM,011016,Malayalam,704,102,602
15,MIZORAM,011999,11 Others,14,1,13
15,MIZORAM,012000,12 MANIPURI,2242,253,1989
15,MIZORAM,012003,Manipuri,2242,253,1989
15,MIZORAM,013000,13 MARATHI,408,192,216
15,MIZORAM,013071,Marathi,401,187,214
15,MIZORAM,013999,13 Others,7,5,2
15,MIZORAM,014000,14 NEPALI,8994,871,8123
15,MIZORAM,014011,Nepali,8990,867,8123
15,MIZORAM,014999,14 Others,4,4,0
15,MIZORAM,015000,15 ODIA,277,43,234
15,MIZORAM,015043,Odia,265,37,228
15,MIZORAM,015999,15 Others,12,6,6
15,MIZORAM,016000,16 PUNJABI,349,84,265
15,MIZORAM,016005,Bhateali,4,0,4
15,MIZORAM,016038,Punjabi,344,84,260
15,MIZORAM,016999,16 Others,1,0,1
15,MIZORAM,018000,18 SANTALI,1150,442,708
15,MIZORAM,018040,Santali,1144,441,703
15,MIZORAM,018999,18 Others,6,1,5
15,MIZORAM,020000,20 TAMIL,306,79,227
15,MIZORAM,020027,Tamil,306,79,227
15,MIZORAM,021000,21 TELUGU,334,104,230
15,MIZORAM,021046,Telugu,333,103,230
15,MIZORAM,021999,21 Others,1,1,0
15,MIZORAM,022000,22 URDU,113,35,78
15,MIZORAM,022015,Urdu,89,17,72
15,MIZORAM,022999,22 Others,24,18,6
15,MIZORAM,023000,23 ADI,26,2,24
15,MIZORAM,023003,Adi,17,1,16
15,MIZORAM,023006,Adi Gallong/Gallong,2,0,2
15,MIZORAM,023010,Adi Miniyong/Miniyong,1,0,1
15,MIZORAM,023040,Talgalo,3,1,2
15,MIZORAM,023999,23 Others,3,0,3
15,MIZORAM,025000,25 ANAL,4,1,3
15,MIZORAM,025001,Anal,3,1,2
15,MIZORAM,025999,25 Others,1,0,1
15,MIZORAM,026000,26 ANGAMI,10,1,9
15,MIZORAM,026002,Angami,9,1,8
15,MIZORAM,026999,26 Others,1,0,1
15,MIZORAM,027000,27 AO,39,4,35
15,MIZORAM,027001,Ao,30,3,27
15,MIZORAM,027005,Mongsen,5,0,5
15,MIZORAM,027999,27 Others,4,1,3
15,MIZORAM,028000,28 ARABIC/ARBI,35,0,35
15,MIZORAM,028001,Arabic/Arbi,35,0,35
15,MIZORAM,030000,30 BHILI/BHILODI,17,7,10
15,MIZORAM,030002,Baori,10,1,9
15,MIZORAM,030076,Vasava,5,5,0
15,MIZORAM,030999,30 Others,2,1,1
15,MIZORAM,031000,31 BHOTIA,1,0,1
15,MIZORAM,031001,Bhotia,1,0,1
15,MIZORAM,032000,32 BHUMIJ,559,550,9
15,MIZORAM,032999,32 Others,559,550,9
15,MIZORAM,033000,33 BISHNUPURIYA,42,0,42
15,MIZORAM,033003,Bishnupriya Manipuri/Manipuri Bishnupriya,33,0,33
15,MIZORAM,033999,33 Others,9,0,9
15,MIZORAM,034000,34 CHAKHESANG,6,3,3
15,MIZORAM,034001,Chakhesang,6,3,3
15,MIZORAM,035000,35 CHAKRU/CHOKRI,5,0,5
15,MIZORAM,035001,Chakru/Chokri,5,0,5
15,MIZORAM,036000,36 CHANG,1,1,0
15,MIZORAM,036001,Chang,1,1,0
15,MIZORAM,037000,37 COORGI/KODAGU,1,0,1
15,MIZORAM,037001,Coorgi/Kodagu,1,0,1
15,MIZORAM,038000,38 DEORI,3,1,2
15,MIZORAM,038001,Deori,3,1,2
15,MIZORAM,039000,39 DIMASA,36,14,22
15,MIZORAM,039002,Dimasa,25,13,12
15,MIZORAM,039999,39 Others,11,1,10
15,MIZORAM,040000,40 ENGLISH,61,13,48
15,MIZORAM,040001,English,61,13,48
15,MIZORAM,042000,42 GANGTE,705,502,203
15,MIZORAM,042001,Gangte,705,502,203
15,MIZORAM,043000,43 GARO,94,26,68
15,MIZORAM,043005,Garo,82,17,65
15,MIZORAM,043999,43 Others,12,9,3
15,MIZORAM,045000,45 HALABI,1,1,0
15,MIZORAM,045001,Halabi,1,1,0
15,MIZORAM,046000,46 HALAM,375,287,88
15,MIZORAM,046003,Halam,242,203,39
15,MIZORAM,046999,46 Others,133,84,49
15,MIZORAM,047000,47 HMAR,17981,14166,3815
15,MIZORAM,047001,Hmar,17981,14166,3815
15,MIZORAM,048000,48 HO,2,0,2
15,MIZORAM,048004,Ho,2,0,2
15,MIZORAM,051000,51 KABUI,15,2,13
15,MIZORAM,051003,Kabui,2,1,1
15,MIZORAM,051005,Rongmei,13,1,12
15,MIZORAM,052000,52 KARBI/MIKIR,8,1,7
15,MIZORAM,052002,Karbi/Mikir,8,1,7
15,MIZORAM,054000,54 KHARIA,6,0,6
15,MIZORAM,054005,Kharia,6,0,6
15,MIZORAM,055000,55 KHASI,707,181,526
15,MIZORAM,055007,Khasi,654,138,516
15,MIZORAM,055012,Pnar/Synteng,42,39,3
15,MIZORAM,055015,War,6,4,2
15,MIZORAM,055999,55 Others,5,0,5
15,MIZORAM,059000,59 KINNAURI,1,0,1
15,MIZORAM,059003,Kinnauri,1,0,1
15,MIZORAM,060000,60 KISAN,1,0,1
15,MIZORAM,060002,Kisan,1,0,1
15,MIZORAM,061000,61 KOCH,3,1,2
15,MIZORAM,061002,Koch,3,1,2
15,MIZORAM,064000,64 KOM,1,0,1
15,MIZORAM,064001,Kom,1,0,1
15,MIZORAM,066000,66 KONYAK,7,2,5
15,MIZORAM,066001,Konyak,7,2,5
15,MIZORAM,071000,71 KUKI,295,108,187
15,MIZORAM,071008,Kuki,295,108,187
15,MIZORAM,072000,72 KURUKH/ORAON,42,4,38
15,MIZORAM,072024,Kurukh/Oraon,42,4,38
15,MIZORAM,073000,73 LADAKHI,4,1,3
15,MIZORAM,073003,Ladakhi,4,1,3
15,MIZORAM,074000,74 LAHAULI,1,1,0
15,MIZORAM,074999,74 Others,1,1,0
15,MIZORAM,076000,76 LAKHER,41876,27826,14050
15,MIZORAM,076002,Mara,38177,25722,12455
15,MIZORAM,076999,76 Others,3699,2104,1595
15,MIZORAM,078000,78 LEPCHA,3,0,3
15,MIZORAM,078001,Lepcha,3,0,3
15,MIZORAM,079000,79 LIANGMEI,1,1,0
15,MIZORAM,079002,Liangmei,1,1,0
15,MIZORAM,080000,80 LIMBU,1,0,1
15,MIZORAM,080002,Limbu,1,0,1
15,MIZORAM,081000,81 LOTHA,9,2,7
15,MIZORAM,081001,Lotha,9,2,7
15,MIZORAM,082000,82 LUSHAI/MIZO,802763,303332,499431
15,MIZORAM,082005,Lushai/Mizo,797839,298472,499367
15,MIZORAM,082999,82 Others,4924,4860,64
15,MIZORAM,084000,84 MAO,13,2,11
15,MIZORAM,084001,Mao,9,1,8
15,MIZORAM,084003,Paola,3,0,3
15,MIZORAM,084999,84 Others,1,1,0
15,MIZORAM,085000,85 MARAM,2,0,2
15,MIZORAM,085001,Maram,2,0,2
15,MIZORAM,086000,86 MARING,2,0,2
15,MIZORAM,086001,Maring,2,0,2
15,MIZORAM,087000,87 MIRI/MISHING,18,9,9
15,MIZORAM,087003,Miri/Mishing,18,9,9
15,MIZORAM,088000,88 MISHMI,4,2,2
15,MIZORAM,088007,Mishmi,1,0,1
15,MIZORAM,088999,88 Others,3,2,1
15,MIZORAM,089000,89 MOGH,330,214,116
15,MIZORAM,089004,Mogh,330,214,116
15,MIZORAM,090000,90 MONPA,4,0,4
15,MIZORAM,090003,Monpa,4,0,4
15,MIZORAM,091000,91 MUNDA,26,12,14
15,MIZORAM,091009,Munda,26,12,14
15,MIZORAM,092000,92 MUNDARI,7,4,3
15,MIZORAM,092005,Mundari,7,4,3
15,MIZORAM,094000,94 NISSI/DAFLA,22,1,21
15,MIZORAM,094001,Apatani,18,0,18
15,MIZORAM,094007,Nissi/Dafla,4,1,3
15,MIZORAM,095000,95 NOCTE,4,0,4
15,MIZORAM,095003,Nocte,4,0,4
15,MIZORAM,096000,96 PAITE,22214,17637,4577
15,MIZORAM,096002,Paite,22190,17625,4565
15,MIZORAM,096999,96 Others,24,12,12
15,MIZORAM,098000,98 PAWI,28624,19123,9501
15,MIZORAM,098001,Pawi,28624,19123,9501
15,MIZORAM,102000,102 RABHA,8,1,7
15,MIZORAM,102002,Rabha,8,1,7
15,MIZORAM,103000,103 RAI,23,3,20
15,MIZORAM,103003,Rai,23,3,20
15,MIZORAM,104000,104 RENGMA,7,0,7
15,MIZORAM,104001,Rengma,7,0,7
15,MIZORAM,105000,105 SANGTAM,1,0,1
15,MIZORAM,105004,Sangtam,1,0,1
15,MIZORAM,106000,106 SAVARA,1,0,1
15,MIZORAM,106004,Savara,1,0,1
15,MIZORAM,107000,107 SEMA,5,0,5
15,MIZORAM,107002,Sema,5,0,5
15,MIZORAM,111000,111 TAMANG,17,3,14
15,MIZORAM,111001,Tamang,17,3,14
15,MIZORAM,112000,112 TANGKHUL,20,2,18
15,MIZORAM,112008,Tangkhul,20,2,18
15,MIZORAM,113000,113 TANGSA,5,2,3
15,MIZORAM,113999,113 Others,5,2,3
15,MIZORAM,114000,114 THADO,476,213,263
15,MIZORAM,114015,Thado,458,201,257
15,MIZORAM,114999,114 Others,18,12,6
15,MIZORAM,115000,115 TIBETAN,1,0,1
15,MIZORAM,115999,115 Others,1,0,1
15,MIZORAM,116000,116 TRIPURI,32634,31459,1175
15,MIZORAM,116007,Kokbarak,15712,14854,858
15,MIZORAM,116011,Reang,16437,16182,255
15,MIZORAM,116014,Tripuri,478,422,56
15,MIZORAM,116999,116 Others,7,1,6
15,MIZORAM,117000,117 TULU,6,6,0
15,MIZORAM,117999,117 Others,6,6,0
15,MIZORAM,118000,118 VAIPHEI,339,172,167
15,MIZORAM,118002,Vaiphei,339,172,167
15,MIZORAM,119000,119 WANCHO,57,8,49
15,MIZORAM,119001,Wancho,57,8,49
15,MIZORAM,121000,121 ZELIANG,9,1,8
15,MIZORAM,121001,Zeliang,9,1,8
15,MIZORAM,122000,122 ZEMI,26,11,15
15,MIZORAM,122003,Zemi,26,11,15
15,MIZORAM,123000,123 ZOU,128,118,10
15,MIZORAM,123001,Zou,128,118,10
15,MIZORAM,124000,124 OTHERS,10919,7920,2999
16,TRIPURA,001000,1 ASSAMESE,2129,1041,1088
16,TRIPURA,001002,Assamese,1888,874,1014
16,TRIPURA,001999,1 Others,241,167,74
16,TRIPURA,002000,2 BENGALI,2414774,1532133,882641
16,TRIPURA,002007,Bengali,2330452,1453530,876922
16,TRIPURA,002011,Chakma,84269,78551,5718
16,TRIPURA,002015,Haijong/Hajong,8,8,0
16,TRIPURA,002044,Rajbangsi,25,24,1
16,TRIPURA,002999,2 Others,20,20,0
16,TRIPURA,003000,3 BODO,511,408,103
16,TRIPURA,003001,Bodo/Boro,500,402,98
16,TRIPURA,003003,Kachari,9,4,5
16,TRIPURA,003004,Mech/Mechhia,2,2,0
16,TRIPURA,004000,4 DOGRI,534,315,219
16,TRIPURA,004001,Dogri,533,314,219
16,TRIPURA,004999,4 Others,1,1,0
16,TRIPURA,005000,5 GUJARATI,1384,1201,183
16,TRIPURA,005018,Gujarati,403,259,144
16,TRIPURA,005999,5 Others,981,942,39
16,TRIPURA,006000,6 HINDI,77701,56503,21198
16,TRIPURA,006030,Awadhi,1,0,1
16,TRIPURA,006040,Baghati/Baghati Pahari,5,5,0
16,TRIPURA,006066,Banjari,5,2,3
16,TRIPURA,006086,Bhadrawahi,1,1,0
16,TRIPURA,006096,Bharmauri/Gaddi,2,2,0
16,TRIPURA,006102,Bhojpuri,13278,9171,4107
16,TRIPURA,006123,Brajbhasha,11,3,8
16,TRIPURA,006125,Bundeli/Bundel khandi,7,1,6
16,TRIPURA,006142,Chhattisgarhi,164,143,21
16,TRIPURA,006173,Dhundhari,2,1,1
16,TRIPURA,006195,Garhwali,272,153,119
16,TRIPURA,006207,Gojri/Gujjari/Gujar,7,7,0
16,TRIPURA,006235,Haryanvi,632,465,167
16,TRIPURA,006240,Hindi,56696,41075,15621
16,TRIPURA,006265,Jaunpuri/Jaunsari,1,0,1
16,TRIPURA,006320,Khortha/Khotta,30,29,1
16,TRIPURA,006340,Kumauni,206,133,73
16,TRIPURA,006345,Kurmali Thar,12,12,0
16,TRIPURA,006353,Lamani/Lambadi,4,1,3
16,TRIPURA,006376,Magadhi/Magahi,34,15,19
16,TRIPURA,006391,Malvi,10,10,0
16,TRIPURA,006400,Marwari,165,62,103
16,TRIPURA,006420,Nagpuria,161,160,1
16,TRIPURA,006439,Pahari,45,26,19
16,TRIPURA,006489,Rajasthani,253,105,148
16,TRIPURA,006503,Sadan/Sadri,2305,2163,142
16,TRIPURA,006999,6 Others,3392,2758,634
16,TRIPURA,007000,7 KANNADA,675,479,196
16,TRIPURA,007016,Kannada,665,472,193
16,TRIPURA,007999,7 Others,10,7,3
16,TRIPURA,008000,8 KASHMIRI,161,135,26
16,TRIPURA,008005,Kashmiri,161,135,26
16,TRIPURA,009000,9 KONKANI,44,40,4
16,TRIPURA,009011,Konkani,14,10,4
16,TRIPURA,009020,Nawait,23,23,0
16,TRIPURA,009999,9 Others,7,7,0
16,TRIPURA,010000,10 MAITHILI,294,180,114
16,TRIPURA,010008,Maithili,114,31,83
16,TRIPURA,010013,Thati,180,149,31
16,TRIPURA,011000,11 MALAYALAM,1173,600,573
16,TRIPURA,011016,Malayalam,1171,599,572
16,TRIPURA,011999,11 Others,2,1,1
16,TRIPURA,012000,12 MANIPURI,23779,16894,6885
16,TRIPURA,012003,Manipuri,23779,16894,6885
16,TRIPURA,013000,13 MARATHI,1412,862,550
16,TRIPURA,013060,Koli,1,1,0
16,TRIPURA,013071,Marathi,1396,846,550
16,TRIPURA,013999,13 Others,15,15,0
16,TRIPURA,014000,14 NEPALI,2787,961,1826
16,TRIPURA,014011,Nepali,2784,961,1823
16,TRIPURA,014999,14 Others,3,0,3
16,TRIPURA,015000,15 ODIA,25967,23911,2056
16,TRIPURA,015007,Bhuiya/Bhuyan[Ori],3,3,0
16,TRIPURA,015043,Odia,25941,23885,2056
16,TRIPURA,015058,Sambalpuri,5,5,0
16,TRIPURA,015999,15 Others,18,18,0
16,TRIPURA,016000,16 PUNJABI,997,636,361
16,TRIPURA,016038,Punjabi,996,635,361
16,TRIPURA,016999,16 Others,1,1,0
16,TRIPURA,017000,17 SANSKRIT,12,11,1
16,TRIPURA,017002,Sanskrit,12,11,1
16,TRIPURA,018000,18 SANTALI,3975,3864,111
16,TRIPURA,018010,Karmali,14,10,4
16,TRIPURA,018040,Santali,3834,3732,102
16,TRIPURA,018999,18 Others,127,122,5
16,TRIPURA,019000,19 SINDHI,30,26,4
16,TRIPURA,019008,Kachchhi,26,26,0
16,TRIPURA,019014,Sindhi,4,0,4
16,TRIPURA,020000,20 TAMIL,929,569,360
16,TRIPURA,020027,Tamil,929,569,360
16,TRIPURA,021000,21 TELUGU,3845,3398,447
16,TRIPURA,021046,Telugu,3838,3396,442
16,TRIPURA,021999,21 Others,7,2,5
16,TRIPURA,022000,22 URDU,526,427,99
16,TRIPURA,022015,Urdu,494,400,94
16,TRIPURA,022999,22 Others,32,27,5
16,TRIPURA,023000,23 ADI,17,10,7
16,TRIPURA,023003,Adi,3,0,3
16,TRIPURA,023010,Adi Miniyong/Miniyong,2,0,2
16,TRIPURA,023040,Talgalo,11,9,2
16,TRIPURA,023999,23 Others,1,1,0
16,TRIPURA,024000,24 AFGHANI/KABULI/PASHTO,2,1,1
16,TRIPURA,024001,Afghani/Kabuli/Pashto,2,1,1
16,TRIPURA,025000,25 ANAL,2,0,2
16,TRIPURA,025001,Anal,2,0,2
16,TRIPURA,026000,26 ANGAMI,3,1,2
16,TRIPURA,026002,Angami,3,1,2
16,TRIPURA,027000,27 AO,19316,19235,81
16,TRIPURA,027001,Ao,12,8,4
16,TRIPURA,027003,Chungli,17,17,0
16,TRIPURA,027005,Mongsen,19278,19210,68
16,TRIPURA,027999,27 Others,9,0,9
16,TRIPURA,028000,28 ARABIC/ARBI,347,175,172
16,TRIPURA,028001,Arabic/Arbi,347,175,172
16,TRIPURA,030000,30 BHILI/BHILODI,397,388,9
16,TRIPURA,030002,Baori,56,52,4
16,TRIPURA,030007,Bhili/Bhilodi,339,335,4
16,TRIPURA,030075,Varli,1,1,0
16,TRIPURA,030999,30 Others,1,0,1
16,TRIPURA,031000,31 BHOTIA,3,0,3
16,TRIPURA,031001,Bhotia,3,0,3
16,TRIPURA,032000,32 BHUMIJ,312,312,0
16,TRIPURA,032002,Bhumij,151,151,0
16,TRIPURA,032999,32 Others,161,161,0
16,TRIPURA,033000,33 BISHNUPURIYA,22112,20400,1712
16,TRIPURA,033003,Bishnupriya Manipuri/Manipuri Bishnupriya,21716,20060,1656
16,TRIPURA,033999,33 Others,396,340,56
16,TRIPURA,035000,35 CHAKRU/CHOKRI,29,29,0
16,TRIPURA,035001,Chakru/Chokri,29,29,0
16,TRIPURA,038000,38 DEORI,2,1,1
16,TRIPURA,038001,Deori,2,1,1
16,TRIPURA,039000,39 DIMASA,16,5,11
16,TRIPURA,039002,Dimasa,15,4,11
16,TRIPURA,039999,39 Others,1,1,0
16,TRIPURA,040000,40 ENGLISH,54,27,27
16,TRIPURA,040001,English,54,27,27
16,TRIPURA,042000,42 GANGTE,18,18,0
16,TRIPURA,042001,Gangte,18,18,0
16,TRIPURA,043000,43 GARO,21019,19816,1203
16,TRIPURA,043005,Garo,12701,11850,851
16,TRIPURA,043999,43 Others,8318,7966,352
16,TRIPURA,044000,44 GONDI,634,620,14
16,TRIPURA,044999,44 Others,634,620,14
16,TRIPURA,045000,45 HALABI,9,5,4
16,TRIPURA,045001,Halabi,9,5,4
16,TRIPURA,046000,46 HALAM,23089,21778,1311
16,TRIPURA,046003,Halam,16379,15119,1260
16,TRIPURA,046999,46 Others,6710,6659,51
16,TRIPURA,047000,47 HMAR,171,167,4
16,TRIPURA,047001,Hmar,171,167,4
16,TRIPURA,048000,48 HO,12,8,4
16,TRIPURA,048004,Ho,6,2,4
16,TRIPURA,048007,Lohara,6,6,0
16,TRIPURA,051000,51 KABUI,10,2,8
16,TRIPURA,051003,Kabui,8,2,6
16,TRIPURA,051005,Rongmei,2,0,2
16,TRIPURA,052000,52 KARBI/MIKIR,12,10,2
16,TRIPURA,052002,Karbi/Mikir,12,10,2
16,TRIPURA,053000,53 KHANDESHI,3,3,0
16,TRIPURA,053005,Gujari,3,3,0
16,TRIPURA,054000,54 KHARIA,265,263,2
16,TRIPURA,054005,Kharia,265,263,2
16,TRIPURA,055000,55 KHASI,1257,1232,25
16,TRIPURA,055007,Khasi,1137,1112,25
16,TRIPURA,055015,War,6,6,0
16,TRIPURA,055999,55 Others,114,114,0
16,TRIPURA,056000,56 KHEZHA,5,0,5
16,TRIPURA,056003,Khezha,5,0,5
16,TRIPURA,057000,57 KHIEMNUNGAN,2,2,0
16,TRIPURA,057001,Khiemnungan,2,2,0
16,TRIPURA,058000,58 KHOND/KONDH,3,3,0
16,TRIPURA,058001,Khond/Kondh,3,3,0
16,TRIPURA,059000,59 KINNAURI,1,0,1
16,TRIPURA,059003,Kinnauri,1,0,1
16,TRIPURA,061000,61 KOCH,67,66,1
16,TRIPURA,061002,Koch,67,66,1
16,TRIPURA,062000,62 KODA/KORA,64,64,0
16,TRIPURA,062003,Koda/Kora,9,9,0
16,TRIPURA,062999,62 Others,55,55,0
16,TRIPURA,064000,64 KOM,1,0,1
16,TRIPURA,064001,Kom,1,0,1
16,TRIPURA,065000,65 KONDA,6,6,0
16,TRIPURA,065003,Konda,6,6,0
16,TRIPURA,066000,66 KONYAK,2,1,1
16,TRIPURA,066001,Konyak,2,1,1
16,TRIPURA,068000,68 KORWA,6,3,3
16,TRIPURA,068999,68 Others,6,3,3
16,TRIPURA,071000,71 KUKI,1693,1598,95
16,TRIPURA,071008,Kuki,1691,1598,93
16,TRIPURA,071999,71 Others,2,0,2
16,TRIPURA,072000,72 KURUKH/ORAON,7145,6785,360
16,TRIPURA,072024,Kurukh/Oraon,7145,6785,360
16,TRIPURA,073000,73 LADAKHI,1,0,1
16,TRIPURA,073003,Ladakhi,1,0,1
16,TRIPURA,075000,75 LAHNDA,6,6,0
16,TRIPURA,075999,75 Others,6,6,0
16,TRIPURA,076000,76 LAKHER,8,4,4
16,TRIPURA,076002,Mara,8,4,4
16,TRIPURA,077000,77 LALUNG,4,4,0
16,TRIPURA,077001,Lalung,4,4,0
16,TRIPURA,078000,78 LEPCHA,1,1,0
16,TRIPURA,078001,Lepcha,1,1,0
16,TRIPURA,079000,79 LIANGMEI,11,10,1
16,TRIPURA,079002,Liangmei,11,10,1
16,TRIPURA,080000,80 LIMBU,2,1,1
16,TRIPURA,080002,Limbu,1,1,0
16,TRIPURA,080999,80 Others,1,0,1
16,TRIPURA,081000,81 LOTHA,4,1,3
16,TRIPURA,081001,Lotha,4,1,3
16,TRIPURA,082000,82 LUSHAI/MIZO,5639,5389,250
16,TRIPURA,082005,Lushai/Mizo,5639,5389,250
16,TRIPURA,083000,83 MALTO,105,105,0
16,TRIPURA,083999,83 Others,105,105,0
16,TRIPURA,084000,84 MAO,11,6,5
16,TRIPURA,084001,Mao,11,6,5
16,TRIPURA,086000,86 MARING,1,1,0
16,TRIPURA,086001,Maring,1,1,0
16,TRIPURA,087000,87 MIRI/MISHING,6,5,1
16,TRIPURA,087003,Miri/Mishing,6,5,1
16,TRIPURA,088000,88 MISHMI,14,14,0
16,TRIPURA,088007,Mishmi,9,9,0
16,TRIPURA,088999,88 Others,5,5,0
16,TRIPURA,089000,89 MOGH,35722,34895,827
16,TRIPURA,089004,Mogh,35722,34895,827
16,TRIPURA,090000,90 MONPA,1,0,1
16,TRIPURA,090003,Monpa,1,0,1
16,TRIPURA,091000,91 MUNDA,9644,9570,74
16,TRIPURA,091006,Kol,198,194,4
16,TRIPURA,091009,Munda,9414,9344,70
16,TRIPURA,091999,91 Others,32,32,0
16,TRIPURA,092000,92 MUNDARI,185,174,11
16,TRIPURA,092005,Mundari,185,174,11
16,TRIPURA,093000,93 NICOBARESE,1,1,0
16,TRIPURA,093001,Nicobarese,1,1,0
16,TRIPURA,094000,94 NISSI/DAFLA,14,8,6
16,TRIPURA,094001,Apatani,8,3,5
16,TRIPURA,094008,Tagin,6,5,1
16,TRIPURA,095000,95 NOCTE,3,0,3
16,TRIPURA,095003,Nocte,3,0,3
16,TRIPURA,096000,96 PAITE,30,21,9
16,TRIPURA,096002,Paite,30,21,9
16,TRIPURA,101000,101 POCHURY,1,1,0
16,TRIPURA,101999,101 Others,1,1,0
16,TRIPURA,102000,102 RABHA,43,43,0
16,TRIPURA,102002,Rabha,42,42,0
16,TRIPURA,102999,102 Others,1,1,0
16,TRIPURA,105000,105 SANGTAM,2,1,1
16,TRIPURA,105004,Sangtam,2,1,1
16,TRIPURA,106000,106 SAVARA,4620,4272,348
16,TRIPURA,106004,Savara,4572,4224,348
16,TRIPURA,106999,106 Others,48,48,0
16,TRIPURA,107000,107 SEMA,3,2,1
16,TRIPURA,107002,Sema,3,2,1
16,TRIPURA,112000,112 TANGKHUL,27,9,18
16,TRIPURA,112008,Tangkhul,27,9,18
16,TRIPURA,113000,113 TANGSA,4,0,4
16,TRIPURA,113999,113 Others,4,0,4
16,TRIPURA,114000,114 THADO,9,5,4
16,TRIPURA,114015,Thado,9,5,4
16,TRIPURA,115000,115 TIBETAN,2,1,1
16,TRIPURA,115008,Tibetan,1,0,1
16,TRIPURA,115011,Purkhi,1,1,0
16,TRIPURA,116000,116 TRIPURI,950875,915423,35452
16,TRIPURA,116007,Kokbarak,887336,853150,34186
16,TRIPURA,116011,Reang,33529,32604,925
16,TRIPURA,116014,Tripuri,28406,28104,302
16,TRIPURA,116999,116 Others,1604,1565,39
16,TRIPURA,117000,117 TULU,6,3,3
16,TRIPURA,117009,Tulu,1,0,1
16,TRIPURA,117999,117 Others,5,3,2
16,TRIPURA,118000,118 VAIPHEI,2,0,2
16,TRIPURA,118002,Vaiphei,2,0,2
16,TRIPURA,119000,119 WANCHO,3,0,3
16,TRIPURA,119001,Wancho,3,0,3
16,TRIPURA,120000,120 YIMCHUNGRE,8,8,0
16,TRIPURA,120001,Chirr,8,8,0
16,TRIPURA,121000,121 ZELIANG,10,10,0
16,TRIPURA,121001,Zeliang,10,10,0
16,TRIPURA,123000,123 ZOU,4,1,3
16,TRIPURA,123001,Zou,4,1,3
16,TRIPURA,124000,124 OTHERS,5140,4841,299
17,MEGHALAYA,001000,1 ASSAMESE,39628,28208,11420
17,MEGHALAYA,001002,Assamese,38261,27156,11105
17,MEGHALAYA,001999,1 Others,1367,1052,315
17,MEGHALAYA,002000,2 BENGALI,232525,171655,60870
17,MEGHALAYA,002007,Bengali,190882,134196,56686
17,MEGHALAYA,002011,Chakma,159,20,139
17,MEGHALAYA,002015,Haijong/Hajong,41414,37409,4005
17,MEGHALAYA,002044,Rajbangsi,69,30,39
17,MEGHALAYA,002999,2 Others,1,0,1
17,MEGHALAYA,003000,3 BODO,4879,2939,1940
17,MEGHALAYA,003001,Bodo/Boro,4715,2840,1875
17,MEGHALAYA,003003,Kachari,161,97,64
17,MEGHALAYA,003004,Mech/Mechhia,3,2,1
17,MEGHALAYA,004000,4 DOGRI,426,218,208
17,MEGHALAYA,004001,Dogri,426,218,208
17,MEGHALAYA,005000,5 GUJARATI,343,132,211
17,MEGHALAYA,005018,Gujarati,268,76,192
17,MEGHALAYA,005019,Gujrao/Gujrau,2,2,0
17,MEGHALAYA,005999,5 Others,73,54,19
17,MEGHALAYA,006000,6 HINDI,62905,18465,44440
17,MEGHALAYA,006030,Awadhi,17,10,7
17,MEGHALAYA,006042,Bagheli/Baghel Khandi,1,1,0
17,MEGHALAYA,006086,Bhadrawahi,14,6,8
17,MEGHALAYA,006096,Bharmauri/Gaddi,8,6,2
17,MEGHALAYA,006102,Bhojpuri,9995,2007,7988
17,MEGHALAYA,006123,Brajbhasha,13,1,12
17,MEGHALAYA,006125,Bundeli/Bundel khandi,17,7,10
17,MEGHALAYA,006142,Chhattisgarhi,7,4,3
17,MEGHALAYA,006173,Dhundhari,14,3,11
17,MEGHALAYA,006195,Garhwali,527,166,361
17,MEGHALAYA,006207,Gojri/Gujjari/Gujar,3,0,3
17,MEGHALAYA,006235,Haryanvi,186,91,95
17,MEGHALAYA,006240,Hindi,35215,12957,22258
17,MEGHALAYA,006265,Jaunpuri/Jaunsari,2,1,1
17,MEGHALAYA,006291,Kangri,1,0,1
17,MEGHALAYA,006311,Khari Boli,2,2,0
17,MEGHALAYA,006320,Khortha/Khotta,19,4,15
17,MEGHALAYA,006340,Kumauni,496,330,166
17,MEGHALAYA,006353,Lamani/Lambadi,6,0,6
17,MEGHALAYA,006358,Lodhi,4,0,4
17,MEGHALAYA,006376,Magadhi/Magahi,64,18,46
17,MEGHALAYA,006394,Mandeali,6,6,0
17,MEGHALAYA,006400,Marwari,2359,111,2248
17,MEGHALAYA,006420,Nagpuria,27,14,13
17,MEGHALAYA,006439,Pahari,62,21,41
17,MEGHALAYA,006451,Panch Pargania,1,0,1
17,MEGHALAYA,006489,Rajasthani,877,136,741
17,MEGHALAYA,006503,Sadan/Sadri,93,19,74
17,MEGHALAYA,006999,6 Others,12869,2544,10325
17,MEGHALAYA,007000,7 KANNADA,454,114,340
17,MEGHALAYA,007016,Kannada,440,113,327
17,MEGHALAYA,007999,7 Others,14,1,13
17,MEGHALAYA,008000,8 KASHMIRI,79,53,26
17,MEGHALAYA,008005,Kashmiri,75,50,25
17,MEGHALAYA,008010,Kishtwari,1,0,1
17,MEGHALAYA,008999,8 Others,3,3,0
17,MEGHALAYA,009000,9 KONKANI,68,15,53
17,MEGHALAYA,009011,Konkani,58,15,43
17,MEGHALAYA,009016,Malwani,4,0,4
17,MEGHALAYA,009028,Gorboli/Goru/Gorwani,4,0,4
17,MEGHALAYA,009999,9 Others,2,0,2
17,MEGHALAYA,010000,10 MAITHILI,881,92,789
17,MEGHALAYA,010008,Maithili,881,92,789
17,MEGHALAYA,011000,11 MALAYALAM,1789,594,1195
17,MEGHALAYA,011016,Malayalam,1788,593,1195
17,MEGHALAYA,011999,11 Others,1,1,0
17,MEGHALAYA,012000,12 MANIPURI,4451,943,3508
17,MEGHALAYA,012003,Manipuri,4435,931,3504
17,MEGHALAYA,012999,12 Others,16,12,4
17,MEGHALAYA,013000,13 MARATHI,20751,16602,4149
17,MEGHALAYA,013071,Marathi,1399,566,833
17,MEGHALAYA,013999,13 Others,19352,16036,3316
17,MEGHALAYA,014000,14 NEPALI,54716,17829,36887
17,MEGHALAYA,014011,Nepali,54716,17829,36887
17,MEGHALAYA,015000,15 ODIA,1518,830,688
17,MEGHALAYA,015007,Bhuiya/Bhuyan[Ori],4,0,4
17,MEGHALAYA,015014,Desia,1,1,0
17,MEGHALAYA,015043,Odia,1510,826,684
17,MEGHALAYA,015999,15 Others,3,3,0
17,MEGHALAYA,016000,16 PUNJABI,4540,660,3880
17,MEGHALAYA,016002,Bagri,2,2,0
17,MEGHALAYA,016038,Punjabi,4536,656,3880
17,MEGHALAYA,016999,16 Others,2,2,0
17,MEGHALAYA,017000,17 SANSKRIT,9,6,3
17,MEGHALAYA,017002,Sanskrit,9,6,3
17,MEGHALAYA,018000,18 SANTALI,240,168,72
17,MEGHALAYA,018040,Santali,234,162,72
17,MEGHALAYA,018999,18 Others,6,6,0
17,MEGHALAYA,019000,19 SINDHI,236,6,230
17,MEGHALAYA,019008,Kachchhi,2,0,2
17,MEGHALAYA,019014,Sindhi,234,6,228
17,MEGHALAYA,020000,20 TAMIL,913,256,657
17,MEGHALAYA,020027,Tamil,911,255,656
17,MEGHALAYA,020999,20 Others,2,1,1
17,MEGHALAYA,021000,21 TELUGU,1277,509,768
17,MEGHALAYA,021046,Telugu,1117,353,764
17,MEGHALAYA,021999,21 Others,160,156,4
17,MEGHALAYA,022000,22 URDU,2129,290,1839
17,MEGHALAYA,022015,Urdu,1978,154,1824
17,MEGHALAYA,022999,22 Others,151,136,15
17,MEGHALAYA,023000,23 ADI,390,53,337
17,MEGHALAYA,023003,Adi,207,12,195
17,MEGHALAYA,023006,Adi Gallong/Gallong,77,34,43
17,MEGHALAYA,023010,Adi Miniyong/Miniyong,12,0,12
17,MEGHALAYA,023040,Talgalo,66,6,60
17,MEGHALAYA,023999,23 Others,28,1,27
17,MEGHALAYA,024000,24 AFGHANI/KABULI/PASHTO,7,1,6
17,MEGHALAYA,024001,Afghani/Kabuli/Pashto,7,1,6
17,MEGHALAYA,025000,25 ANAL,219,39,180
17,MEGHALAYA,025001,Anal,209,39,170
17,MEGHALAYA,025999,25 Others,10,0,10
17,MEGHALAYA,026000,26 ANGAMI,89,19,70
17,MEGHALAYA,026002,Angami,80,15,65
17,MEGHALAYA,026999,26 Others,9,4,5
17,MEGHALAYA,027000,27 AO,423,28,395
17,MEGHALAYA,027001,Ao,350,18,332
17,MEGHALAYA,027003,Chungli,8,4,4
17,MEGHALAYA,027005,Mongsen,21,3,18
17,MEGHALAYA,027999,27 Others,44,3,41
17,MEGHALAYA,028000,28 ARABIC/ARBI,7,3,4
17,MEGHALAYA,028001,Arabic/Arbi,6,3,3
17,MEGHALAYA,028999,28 Others,1,0,1
17,MEGHALAYA,030000,30 BHILI/BHILODI,13,7,6
17,MEGHALAYA,030015,Dhodia,1,1,0
17,MEGHALAYA,030020,Gamti/Gavit,3,0,3
17,MEGHALAYA,030035,Kokna/Kokni/Kukna,1,0,1
17,MEGHALAYA,030049,Mawchi,1,0,1
17,MEGHALAYA,030076,Vasava,1,0,1
17,MEGHALAYA,030999,30 Others,6,6,0
17,MEGHALAYA,031000,31 BHOTIA,207,30,177
17,MEGHALAYA,031001,Bhotia,164,28,136
17,MEGHALAYA,031999,31 Others,43,2,41
17,MEGHALAYA,033000,33 BISHNUPURIYA,332,56,276
17,MEGHALAYA,033003,Bishnupriya Manipuri/Manipuri Bishnupriya,114,24,90
17,MEGHALAYA,033999,33 Others,218,32,186
17,MEGHALAYA,034000,34 CHAKHESANG,25,3,22
17,MEGHALAYA,034001,Chakhesang,25,3,22
17,MEGHALAYA,035000,35 CHAKRU/CHOKRI,17,7,10
17,MEGHALAYA,035001,Chakru/Chokri,17,7,10
17,MEGHALAYA,036000,36 CHANG,10,1,9
17,MEGHALAYA,036001,Chang,10,1,9
17,MEGHALAYA,037000,37 COORGI/KODAGU,1,0,1
17,MEGHALAYA,037001,Coorgi/Kodagu,1,0,1
17,MEGHALAYA,038000,38 DEORI,26,5,21
17,MEGHALAYA,038001,Deori,26,5,21
17,MEGHALAYA,039000,39 DIMASA,284,218,66
17,MEGHALAYA,039002,Dimasa,63,8,55
17,MEGHALAYA,039999,39 Others,221,210,11
17,MEGHALAYA,040000,40 ENGLISH,311,105,206
17,MEGHALAYA,040001,English,311,105,206
17,MEGHALAYA,042000,42 GANGTE,281,6,275
17,MEGHALAYA,042001,Gangte,281,6,275
17,MEGHALAYA,043000,43 GARO,936496,823172,113324
17,MEGHALAYA,043005,Garo,930619,817983,112636
17,MEGHALAYA,043999,43 Others,5877,5189,688
17,MEGHALAYA,046000,46 HALAM,108,56,52
17,MEGHALAYA,046003,Halam,55,11,44
17,MEGHALAYA,046999,46 Others,53,45,8
17,MEGHALAYA,047000,47 HMAR,1994,643,1351
17,MEGHALAYA,047001,Hmar,1994,643,1351
17,MEGHALAYA,048000,48 HO,2,0,2
17,MEGHALAYA,048004,Ho,1,0,1
17,MEGHALAYA,048007,Lohara,1,0,1
17,MEGHALAYA,049000,49 JATAPU,1,0,1
17,MEGHALAYA,049999,49 Others,1,0,1
17,MEGHALAYA,051000,51 KABUI,208,51,157
17,MEGHALAYA,051003,Kabui,22,4,18
17,MEGHALAYA,051005,Rongmei,186,47,139
17,MEGHALAYA,052000,52 KARBI/MIKIR,14380,14209,171
17,MEGHALAYA,052002,Karbi/Mikir,14380,14209,171
17,MEGHALAYA,053000,53 KHANDESHI,1,1,0
17,MEGHALAYA,053005,Gujari,1,1,0
17,MEGHALAYA,054000,54 KHARIA,20,9,11
17,MEGHALAYA,054005,Kharia,18,9,9
17,MEGHALAYA,054999,54 Others,2,0,2
17,MEGHALAYA,055000,55 KHASI,1382278,1094313,287965
17,MEGHALAYA,055007,Khasi,996733,743688,253045
17,MEGHALAYA,055009,Lyngngam,11555,11541,14
17,MEGHALAYA,055012,Pnar/Synteng,316863,287245,29618
17,MEGHALAYA,055015,War,51418,50093,1325
17,MEGHALAYA,055999,55 Others,5709,1746,3963
17,MEGHALAYA,056000,56 KHEZHA,17,1,16
17,MEGHALAYA,056003,Khezha,14,1,13
17,MEGHALAYA,056999,56 Others,3,0,3
17,MEGHALAYA,057000,57 KHIEMNUNGAN,2,2,0
17,MEGHALAYA,057001,Khiemnungan,2,2,0
17,MEGHALAYA,058000,58 KHOND/KONDH,1,0,1
17,MEGHALAYA,058006,Kuvi,1,0,1
17,MEGHALAYA,061000,61 KOCH,23199,22069,1130
17,MEGHALAYA,061002,Koch,22167,21072,1095
17,MEGHALAYA,061999,61 Others,1032,997,35
17,MEGHALAYA,062000,62 KODA/KORA,3,0,3
17,MEGHALAYA,062003,Koda/Kora,3,0,3
17,MEGHALAYA,064000,64 KOM,79,34,45
17,MEGHALAYA,064001,Kom,79,34,45
17,MEGHALAYA,065000,65 KONDA,1,1,0
17,MEGHALAYA,065003,Konda,1,1,0
17,MEGHALAYA,066000,66 KONYAK,27,3,24
17,MEGHALAYA,066001,Konyak,27,3,24
17,MEGHALAYA,068000,68 KORWA,4,4,0
17,MEGHALAYA,068999,68 Others,4,4,0
17,MEGHALAYA,069000,69 KOYA,1,0,1
17,MEGHALAYA,069002,Koya,1,0,1
17,MEGHALAYA,070000,70 KUI,1,0,1
17,MEGHALAYA,070999,70 Others,1,0,1
17,MEGHALAYA,071000,71 KUKI,1367,161,1206
17,MEGHALAYA,071008,Kuki,1352,156,1196
17,MEGHALAYA,071999,71 Others,15,5,10
17,MEGHALAYA,072000,72 KURUKH/ORAON,176,45,131
17,MEGHALAYA,072024,Kurukh/Oraon,170,45,125
17,MEGHALAYA,072999,72 Others,6,0,6
17,MEGHALAYA,075000,75 LAHNDA,5,0,5
17,MEGHALAYA,075999,75 Others,5,0,5
17,MEGHALAYA,076000,76 LAKHER,91,1,90
17,MEGHALAYA,076002,Mara,70,1,69
17,MEGHALAYA,076999,76 Others,21,0,21
17,MEGHALAYA,077000,77 LALUNG,2057,2034,23
17,MEGHALAYA,077001,Lalung,2057,2034,23
17,MEGHALAYA,078000,78 LEPCHA,17,6,11
17,MEGHALAYA,078001,Lepcha,17,6,11
17,MEGHALAYA,079000,79 LIANGMEI,39,6,33
17,MEGHALAYA,079002,Liangmei,33,0,33
17,MEGHALAYA,079999,79 Others,6,6,0
17,MEGHALAYA,080000,80 LIMBU,15,14,1
17,MEGHALAYA,080002,Limbu,1,1,0
17,MEGHALAYA,080999,80 Others,14,13,1
17,MEGHALAYA,081000,81 LOTHA,228,19,209
17,MEGHALAYA,081001,Lotha,228,19,209
17,MEGHALAYA,082000,82 LUSHAI/MIZO,4455,316,4139
17,MEGHALAYA,082005,Lushai/Mizo,4455,316,4139
17,MEGHALAYA,084000,84 MAO,225,42,183
17,MEGHALAYA,084001,Mao,185,33,152
17,MEGHALAYA,084003,Paola,39,9,30
17,MEGHALAYA,084999,84 Others,1,0,1
17,MEGHALAYA,086000,86 MARING,2,2,0
17,MEGHALAYA,086001,Maring,2,2,0
17,MEGHALAYA,087000,87 MIRI/MISHING,131,80,51
17,MEGHALAYA,087003,Miri/Mishing,131,80,51
17,MEGHALAYA,088000,88 MISHMI,30,3,27
17,MEGHALAYA,088007,Mishmi,22,1,21
17,MEGHALAYA,088999,88 Others,8,2,6
17,MEGHALAYA,089000,89 MOGH,4,0,4
17,MEGHALAYA,089004,Mogh,4,0,4
17,MEGHALAYA,090000,90 MONPA,90,8,82
17,MEGHALAYA,090003,Monpa,90,8,82
17,MEGHALAYA,091000,91 MUNDA,761,689,72
17,MEGHALAYA,091009,Munda,304,240,64
17,MEGHALAYA,091999,91 Others,457,449,8
17,MEGHALAYA,092000,92 MUNDARI,27,9,18
17,MEGHALAYA,092005,Mundari,27,9,18
17,MEGHALAYA,094000,94 NISSI/DAFLA,318,24,294
17,MEGHALAYA,094001,Apatani,113,3,110
17,MEGHALAYA,094007,Nissi/Dafla,137,20,117
17,MEGHALAYA,094008,Tagin,51,1,50
17,MEGHALAYA,094999,94 Others,17,0,17
17,MEGHALAYA,095000,95 NOCTE,74,5,69
17,MEGHALAYA,095003,Nocte,73,5,68
17,MEGHALAYA,095999,95 Others,1,0,1
17,MEGHALAYA,096000,96 PAITE,770,93,677
17,MEGHALAYA,096002,Paite,755,93,662
17,MEGHALAYA,096999,96 Others,15,0,15
17,MEGHALAYA,098000,98 PAWI,4,0,4
17,MEGHALAYA,098001,Pawi,4,0,4
17,MEGHALAYA,100000,100 PHOM,13,0,13
17,MEGHALAYA,100001,Phom,13,0,13
17,MEGHALAYA,102000,102 RABHA,21671,20503,1168
17,MEGHALAYA,102002,Rabha,21671,20503,1168
17,MEGHALAYA,103000,103 RAI,7,7,0
17,MEGHALAYA,103003,Rai,7,7,0
17,MEGHALAYA,104000,104 RENGMA,49,3,46
17,MEGHALAYA,104001,Rengma,49,3,46
17,MEGHALAYA,105000,105 SANGTAM,26,4,22
17,MEGHALAYA,105004,Sangtam,26,4,22
17,MEGHALAYA,106000,106 SAVARA,16,0,16
17,MEGHALAYA,106004,Savara,16,0,16
17,MEGHALAYA,107000,107 SEMA,66,11,55
17,MEGHALAYA,107002,Sema,66,11,55
17,MEGHALAYA,111000,111 TAMANG,30,20,10
17,MEGHALAYA,111001,Tamang,30,20,10
17,MEGHALAYA,112000,112 TANGKHUL,951,146,805
17,MEGHALAYA,112008,Tangkhul,951,146,805
17,MEGHALAYA,113000,113 TANGSA,37,0,37
17,MEGHALAYA,113024,Tutcha Tangsa,4,0,4
17,MEGHALAYA,113999,113 Others,33,0,33
17,MEGHALAYA,114000,114 THADO,1082,670,412
17,MEGHALAYA,114015,Thado,241,7,234
17,MEGHALAYA,114999,114 Others,841,663,178
17,MEGHALAYA,115000,115 TIBETAN,499,27,472
17,MEGHALAYA,115008,Tibetan,479,13,466
17,MEGHALAYA,115999,115 Others,20,14,6
17,MEGHALAYA,116000,116 TRIPURI,2735,2368,367
17,MEGHALAYA,116007,Kokbarak,217,34,183
17,MEGHALAYA,116011,Reang,2257,2246,11
17,MEGHALAYA,116014,Tripuri,251,86,165
17,MEGHALAYA,116999,116 Others,10,2,8
17,MEGHALAYA,117000,117 TULU,43,28,15
17,MEGHALAYA,117999,117 Others,43,28,15
17,MEGHALAYA,118000,118 VAIPHEI,960,542,418
17,MEGHALAYA,118002,Vaiphei,960,542,418
17,MEGHALAYA,119000,119 WANCHO,105,1,104
17,MEGHALAYA,119001,Wancho,105,1,104
17,MEGHALAYA,120000,120 YIMCHUNGRE,23,5,18
17,MEGHALAYA,120001,Chirr,15,3,12
17,MEGHALAYA,120005,Yimchungre,8,2,6
17,MEGHALAYA,121000,121 ZELIANG,302,271,31
17,MEGHALAYA,121001,Zeliang,302,271,31
17,MEGHALAYA,122000,122 ZEMI,26,1,25
17,MEGHALAYA,122003,Zemi,26,1,25
17,MEGHALAYA,123000,123 ZOU,292,8,284
17,MEGHALAYA,123001,Zou,292,8,284
17,MEGHALAYA,124000,124 OTHERS,130848,127534,3314
18,ASSAM,001000,1 ASSAMESE,15095797,13040275,2055522
18,ASSAM,001002,Assamese,14609227,12580262,2028965
18,ASSAM,001999,1 Others,486570,460013,26557
18,ASSAM,002000,2 BENGALI,9024324,7562421,1461903
18,ASSAM,002007,Bengali,8786827,7335159,1451668
18,ASSAM,002011,Chakma,3166,2946,220
18,ASSAM,002015,Haijong/Hajong,27521,25642,1879
18,ASSAM,002044,Rajbangsi,191438,183324,8114
18,ASSAM,002999,2 Others,15372,15350,22
18,ASSAM,003000,3 BODO,1416125,1365994,50131
18,ASSAM,003001,Bodo/Boro,1407711,1357892,49819
18,ASSAM,003003,Kachari,8382,8081,301
18,ASSAM,003004,Mech/Mechhia,32,21,11
18,ASSAM,004000,4 DOGRI,1561,1160,401
18,ASSAM,004001,Dogri,1561,1160,401
18,ASSAM,005000,5 GUJARATI,7660,6559,1101
18,ASSAM,005018,Gujarati,1932,993,939
18,ASSAM,005019,Gujrao/Gujrau,1,0,1
18,ASSAM,005052,Pattani,8,8,0
18,ASSAM,005999,5 Others,5719,5558,161
18,ASSAM,006000,6 HINDI,2101435,1554646,546789
18,ASSAM,006030,Awadhi,49,44,5
18,ASSAM,006040,Baghati/Baghati Pahari,1,1,0
18,ASSAM,006042,Bagheli/Baghel Khandi,3,3,0
18,ASSAM,006066,Banjari,1,1,0
18,ASSAM,006086,Bhadrawahi,4,3,1
18,ASSAM,006089,Bhagoria,91,62,29
18,ASSAM,006096,Bharmauri/Gaddi,8,4,4
18,ASSAM,006102,Bhojpuri,278052,220904,57148
18,ASSAM,006123,Brajbhasha,136,113,23
18,ASSAM,006125,Bundeli/Bundel khandi,41,34,7
18,ASSAM,006133,Chambeali/Chamrali,5,5,0
18,ASSAM,006142,Chhattisgarhi,7147,7088,59
18,ASSAM,006149,Churahi,11,11,0
18,ASSAM,006173,Dhundhari,12,8,4
18,ASSAM,006195,Garhwali,1089,1017,72
18,ASSAM,006198,Gawari,11,10,1
18,ASSAM,006207,Gojri/Gujjari/Gujar,26,24,2
18,ASSAM,006231,Handuri,9,9,0
18,ASSAM,006235,Haryanvi,2213,1623,590
18,ASSAM,006240,Hindi,1001993,554282,447711
18,ASSAM,006265,Jaunpuri/Jaunsari,1,1,0
18,ASSAM,006291,Kangri,4,4,0
18,ASSAM,006311,Khari Boli,2,2,0
18,ASSAM,006320,Khortha/Khotta,2137,2081,56
18,ASSAM,006340,Kumauni,358,307,51
18,ASSAM,006345,Kurmali Thar,1919,1919,0
18,ASSAM,006353,Lamani/Lambadi,5,5,0
18,ASSAM,006358,Lodhi,1,1,0
18,ASSAM,006376,Magadhi/Magahi,247,212,35
18,ASSAM,006391,Malvi,39,10,29
18,ASSAM,006394,Mandeali,5,4,1
18,ASSAM,006400,Marwari,14108,1220,12888
18,ASSAM,006408,Mewari,5,0,5
18,ASSAM,006409,Mewati,1,1,0
18,ASSAM,006420,Nagpuria,242,236,6
18,ASSAM,006432,Nimadi,1,1,0
18,ASSAM,006438,Padari,1,1,0
18,ASSAM,006439,Pahari,612,558,54
18,ASSAM,006452,Pando/Pandwani,12,12,0
18,ASSAM,006489,Rajasthani,10546,2311,8235
18,ASSAM,006503,Sadan/Sadri,715180,706318,8862
18,ASSAM,006547,Surgujia,727,727,0
18,ASSAM,006548,Surjapuri,5,0,5
18,ASSAM,006999,6 Others,64375,53469,10906
18,ASSAM,007000,7 KANNADA,2597,1966,631
18,ASSAM,007002,Badaga,3,3,0
18,ASSAM,007016,Kannada,2356,1933,423
18,ASSAM,007027,Kuruba/Kurumba,18,18,0
18,ASSAM,007041,Prakritha/Prakritha Bhasha,205,1,204
18,ASSAM,007999,7 Others,15,11,4
18,ASSAM,008000,8 KASHMIRI,357,285,72
18,ASSAM,008005,Kashmiri,354,282,72
18,ASSAM,008010,Kishtwari,1,1,0
18,ASSAM,008019,Dardi,1,1,0
18,ASSAM,008999,8 Others,1,1,0
18,ASSAM,009000,9 KONKANI,413,342,71
18,ASSAM,009011,Konkani,88,38,50
18,ASSAM,009013,Kudubi/Kudumbi,3,0,3
18,ASSAM,009020,Nawait,1,0,1
18,ASSAM,009999,9 Others,321,304,17
18,ASSAM,010000,10 MAITHILI,6034,1352,4682
18,ASSAM,010008,Maithili,5805,1128,4677
18,ASSAM,010013,Thati,198,193,5
18,ASSAM,010014,Tharu,31,31,0
18,ASSAM,011000,11 MALAYALAM,5768,3845,1923
18,ASSAM,011016,Malayalam,5759,3837,1922
18,ASSAM,011023,Pania,1,1,0
18,ASSAM,011999,11 Others,8,7,1
18,ASSAM,012000,12 MANIPURI,168133,140422,27711
18,ASSAM,012003,Manipuri,168127,140422,27705
18,ASSAM,012999,12 Others,6,0,6
18,ASSAM,013000,13 MARATHI,11641,9550,2091
18,ASSAM,013071,Marathi,11435,9353,2082
18,ASSAM,013999,13 Others,206,197,9
18,ASSAM,014000,14 NEPALI,596210,526716,69494
18,ASSAM,014011,Nepali,596188,526694,69494
18,ASSAM,014999,14 Others,22,22,0
18,ASSAM,015000,15 ODIA,218552,209408,9144
18,ASSAM,015006,Bhatri,1,1,0
18,ASSAM,015007,Bhuiya/Bhuyan[Ori],18,17,1
18,ASSAM,015014,Desia,678,678,0
18,ASSAM,015043,Odia,217305,208226,9079
18,ASSAM,015058,Sambalpuri,301,275,26
18,ASSAM,015999,15 Others,249,211,38
18,ASSAM,016000,16 PUNJABI,23313,10032,13281
18,ASSAM,016002,Bagri,7,3,4
18,ASSAM,016005,Bhateali,4321,4301,20
18,ASSAM,016006,Bilaspuri Kahluri,3,3,0
18,ASSAM,016038,Punjabi,18863,5607,13256
18,ASSAM,016999,16 Others,119,118,1
18,ASSAM,017000,17 SANSKRIT,104,54,50
18,ASSAM,017002,Sanskrit,104,54,50
18,ASSAM,018000,18 SANTALI,213139,210901,2238
18,ASSAM,018010,Karmali,135,122,13
18,ASSAM,018011,Mahili,104,102,2
18,ASSAM,018040,Santali,208337,206128,2209
18,ASSAM,018999,18 Others,4563,4549,14
18,ASSAM,019000,19 SINDHI,19646,19320,326
18,ASSAM,019002,Bhatia,19372,19206,166
18,ASSAM,019008,Kachchhi,5,4,1
18,ASSAM,019014,Sindhi,257,98,159
18,ASSAM,019999,19 Others,12,12,0
18,ASSAM,020000,20 TAMIL,5229,3751,1478
18,ASSAM,020027,Tamil,5196,3719,1477
18,ASSAM,020999,20 Others,33,32,1
18,ASSAM,021000,21 TELUGU,26630,11820,14810
18,ASSAM,021046,Telugu,26539,11777,14762
18,ASSAM,021999,21 Others,91,43,48
18,ASSAM,022000,22 URDU,8293,5147,3146
18,ASSAM,022015,Urdu,7948,4958,2990
18,ASSAM,022999,22 Others,345,189,156
18,ASSAM,023000,23 ADI,3705,3532,173
18,ASSAM,023003,Adi,2992,2867,125
18,ASSAM,023006,Adi Gallong/Gallong,548,535,13
18,ASSAM,023010,Adi Miniyong/Miniyong,3,2,1
18,ASSAM,023040,Talgalo,116,105,11
18,ASSAM,023999,23 Others,46,23,23
18,ASSAM,024000,24 AFGHANI/KABULI/PASHTO,173,132,41
18,ASSAM,024001,Afghani/Kabuli/Pashto,171,132,39
18,ASSAM,024999,24 Others,2,0,2
18,ASSAM,025000,25 ANAL,35,22,13
18,ASSAM,025001,Anal,29,21,8
18,ASSAM,025999,25 Others,6,1,5
18,ASSAM,026000,26 ANGAMI,87,39,48
18,ASSAM,026002,Angami,76,35,41
18,ASSAM,026999,26 Others,11,4,7
18,ASSAM,027000,27 AO,4092,3589,503
18,ASSAM,027001,Ao,3741,3268,473
18,ASSAM,027003,Chungli,19,13,6
18,ASSAM,027005,Mongsen,87,77,10
18,ASSAM,027999,27 Others,245,231,14
18,ASSAM,028000,28 ARABIC/ARBI,3127,2817,310
18,ASSAM,028001,Arabic/Arbi,3127,2817,310
18,ASSAM,029000,29 BALTI,4,3,1
18,ASSAM,029002,Balti,4,3,1
18,ASSAM,030000,30 BHILI/BHILODI,3038,2504,534
18,ASSAM,030002,Baori,3011,2491,520
18,ASSAM,030007,Bhili/Bhilodi,3,0,3
18,ASSAM,030015,Dhodia,2,0,2
18,ASSAM,030020,Gamti/Gavit,10,10,0
18,ASSAM,030035,Kokna/Kokni/Kukna,11,2,9
18,ASSAM,030999,30 Others,1,1,0
18,ASSAM,031000,31 BHOTIA,128,101,27
18,ASSAM,031001,Bhotia,74,54,20
18,ASSAM,031999,31 Others,54,47,7
18,ASSAM,032000,32 BHUMIJ,952,944,8
18,ASSAM,032002,Bhumij,179,179,0
18,ASSAM,032999,32 Others,773,765,8
18,ASSAM,033000,33 BISHNUPURIYA,53867,45631,8236
18,ASSAM,033003,Bishnupriya Manipuri/Manipuri Bishnupriya,51737,43885,7852
18,ASSAM,033999,33 Others,2130,1746,384
18,ASSAM,034000,34 CHAKHESANG,709,702,7
18,ASSAM,034001,Chakhesang,709,702,7
18,ASSAM,035000,35 CHAKRU/CHOKRI,34,31,3
18,ASSAM,035001,Chakru/Chokri,34,31,3
18,ASSAM,036000,36 CHANG,125,125,0
18,ASSAM,036001,Chang,125,125,0
18,ASSAM,037000,37 COORGI/KODAGU,15,12,3
18,ASSAM,037001,Coorgi/Kodagu,15,12,3
18,ASSAM,038000,38 DEORI,27441,25868,1573
18,ASSAM,038001,Deori,27441,25868,1573
18,ASSAM,039000,39 DIMASA,131474,117467,14007
18,ASSAM,039002,Dimasa,128079,114113,13966
18,ASSAM,039999,39 Others,3395,3354,41
18,ASSAM,040000,40 ENGLISH,1287,675,612
18,ASSAM,040001,English,1287,675,612
18,ASSAM,042000,42 GANGTE,54,18,36
18,ASSAM,042001,Gangte,54,18,36
18,ASSAM,043000,43 GARO,172520,166472,6048
18,ASSAM,043005,Garo,170677,164698,5979
18,ASSAM,043999,43 Others,1843,1774,69
18,ASSAM,044000,44 GONDI,5855,5827,28
18,ASSAM,044007,Gondi,1,1,0
18,ASSAM,044017,Maria/ Muria,54,54,0
18,ASSAM,044999,44 Others,5800,5772,28
18,ASSAM,045000,45 HALABI,6,6,0
18,ASSAM,045001,Halabi,6,6,0
18,ASSAM,046000,46 HALAM,8679,8473,206
18,ASSAM,046003,Halam,3373,3346,27
18,ASSAM,046999,46 Others,5306,5127,179
18,ASSAM,047000,47 HMAR,29323,22668,6655
18,ASSAM,047001,Hmar,29323,22668,6655
18,ASSAM,048000,48 HO,598,591,7
18,ASSAM,048004,Ho,11,6,5
18,ASSAM,048007,Lohara,587,585,2
18,ASSAM,049000,49 JATAPU,14,14,0
18,ASSAM,049999,49 Others,14,14,0
18,ASSAM,051000,51 KABUI,5616,4311,1305
18,ASSAM,051003,Kabui,21,19,2
18,ASSAM,051005,Rongmei,5595,4292,1303
18,ASSAM,052000,52 KARBI/MIKIR,511732,465223,46509
18,ASSAM,052002,Karbi/Mikir,511732,465223,46509
18,ASSAM,053000,53 KHANDESHI,2,2,0
18,ASSAM,053005,Gujari,1,1,0
18,ASSAM,053006,Khandeshi,1,1,0
18,ASSAM,054000,54 KHARIA,8921,8622,299
18,ASSAM,054005,Kharia,8921,8622,299
18,ASSAM,055000,55 KHASI,41847,40447,1400
18,ASSAM,055007,Khasi,34558,33588,970
18,ASSAM,055012,Pnar/Synteng,2169,1997,172
18,ASSAM,055015,War,107,92,15
18,ASSAM,055999,55 Others,5013,4770,243
18,ASSAM,056000,56 KHEZHA,7,2,5
18,ASSAM,056999,56 Others,7,2,5
18,ASSAM,057000,57 KHIEMNUNGAN,30,29,1
18,ASSAM,057001,Khiemnungan,30,29,1
18,ASSAM,058000,58 KHOND/KONDH,192,192,0
18,ASSAM,058001,Khond/Kondh,191,191,0
18,ASSAM,058006,Kuvi,1,1,0
18,ASSAM,059000,59 KINNAURI,2,2,0
18,ASSAM,059003,Kinnauri,2,2,0
18,ASSAM,060000,60 KISAN,648,648,0
18,ASSAM,060002,Kisan,648,648,0
18,ASSAM,061000,61 KOCH,12550,12192,358
18,ASSAM,061002,Koch,11161,10807,354
18,ASSAM,061999,61 Others,1389,1385,4
18,ASSAM,062000,62 KODA/KORA,110,110,0
18,ASSAM,062003,Koda/Kora,84,84,0
18,ASSAM,062999,62 Others,26,26,0
18,ASSAM,064000,64 KOM,10,8,2
18,ASSAM,064001,Kom,10,8,2
18,ASSAM,065000,65 KONDA,87,87,0
18,ASSAM,065003,Konda,85,85,0
18,ASSAM,065999,65 Others,2,2,0
18,ASSAM,066000,66 KONYAK,157,157,0
18,ASSAM,066001,Konyak,157,157,0
18,ASSAM,068000,68 KORWA,317,299,18
18,ASSAM,068999,68 Others,317,299,18
18,ASSAM,069000,69 KOYA,363,363,0
18,ASSAM,069002,Koya,363,363,0
18,ASSAM,070000,70 KUI,518,518,0
18,ASSAM,070001,Kui,518,518,0
18,ASSAM,071000,71 KUKI,22327,18218,4109
18,ASSAM,071008,Kuki,21459,17354,4105
18,ASSAM,071999,71 Others,868,864,4
18,ASSAM,072000,72 KURUKH/ORAON,73437,71844,1593
18,ASSAM,072024,Kurukh/Oraon,73434,71844,1590
18,ASSAM,072999,72 Others,3,0,3
18,ASSAM,073000,73 LADAKHI,19,18,1
18,ASSAM,073003,Ladakhi,19,18,1
18,ASSAM,074000,74 LAHAULI,7,3,4
18,ASSAM,074002,Lahauli,4,1,3
18,ASSAM,074999,74 Others,3,2,1
18,ASSAM,075000,75 LAHNDA,10,8,2
18,ASSAM,075006,Hindi Multani,2,2,0
18,ASSAM,075999,75 Others,8,6,2
18,ASSAM,076000,76 LAKHER,41,34,7
18,ASSAM,076002,Mara,38,31,7
18,ASSAM,076999,76 Others,3,3,0
18,ASSAM,077000,77 LALUNG,31821,30548,1273
18,ASSAM,077001,Lalung,31821,30548,1273
18,ASSAM,078000,78 LEPCHA,10,7,3
18,ASSAM,078001,Lepcha,10,7,3
18,ASSAM,079000,79 LIANGMEI,95,89,6
18,ASSAM,079002,Liangmei,9,4,5
18,ASSAM,079999,79 Others,86,85,1
18,ASSAM,080000,80 LIMBU,780,780,0
18,ASSAM,080002,Limbu,748,748,0
18,ASSAM,080999,80 Others,32,32,0
18,ASSAM,081000,81 LOTHA,1188,1156,32
18,ASSAM,081001,Lotha,1188,1156,32
18,ASSAM,082000,82 LUSHAI/MIZO,4006,2284,1722
18,ASSAM,082005,Lushai/Mizo,4005,2284,1721
18,ASSAM,082999,82 Others,1,0,1
18,ASSAM,083000,83 MALTO,371,260,111
18,ASSAM,083002,Pahariya,10,10,0
18,ASSAM,083999,83 Others,361,250,111
18,ASSAM,084000,84 MAO,153,99,54
18,ASSAM,084001,Mao,151,98,53
18,ASSAM,084003,Paola,2,1,1
18,ASSAM,085000,85 MARAM,21,21,0
18,ASSAM,085001,Maram,21,21,0
18,ASSAM,087000,87 MIRI/MISHING,619197,608017,11180
18,ASSAM,087003,Miri/Mishing,619197,608017,11180
18,ASSAM,088000,88 MISHMI,1578,1426,152
18,ASSAM,088007,Mishmi,7,3,4
18,ASSAM,088999,88 Others,1571,1423,148
18,ASSAM,089000,89 MOGH,325,294,31
18,ASSAM,089004,Mogh,325,294,31
18,ASSAM,090000,90 MONPA,56,37,19
18,ASSAM,090003,Monpa,56,37,19
18,ASSAM,091000,91 MUNDA,71903,71239,664
18,ASSAM,091006,Kol,39,38,1
18,ASSAM,091009,Munda,71579,70918,661
18,ASSAM,091999,91 Others,285,283,2
18,ASSAM,092000,92 MUNDARI,23813,23584,229
18,ASSAM,092005,Mundari,23812,23583,229
18,ASSAM,092999,92 Others,1,1,0
18,ASSAM,093000,93 NICOBARESE,1,1,0
18,ASSAM,093001,Nicobarese,1,1,0
18,ASSAM,094000,94 NISSI/DAFLA,1403,1308,95
18,ASSAM,094001,Apatani,96,54,42
18,ASSAM,094007,Nissi/Dafla,1277,1236,41
18,ASSAM,094008,Tagin,22,12,10
18,ASSAM,094999,94 Others,8,6,2
18,ASSAM,095000,95 NOCTE,279,233,46
18,ASSAM,095003,Nocte,275,229,46
18,ASSAM,095999,95 Others,4,4,0
18,ASSAM,096000,96 PAITE,299,70,229
18,ASSAM,096002,Paite,293,70,223
18,ASSAM,096999,96 Others,6,0,6
18,ASSAM,097000,97 PARJI,5693,5686,7
18,ASSAM,097999,97 Others,5693,5686,7
18,ASSAM,098000,98 PAWI,1,0,1
18,ASSAM,098001,Pawi,1,0,1
18,ASSAM,100000,100 PHOM,24,24,0
18,ASSAM,100001,Phom,24,24,0
18,ASSAM,101000,101 POCHURY,32,32,0
18,ASSAM,101006,Pochury,32,32,0
18,ASSAM,102000,102 RABHA,101752,98661,3091
18,ASSAM,102002,Rabha,101752,98661,3091
18,ASSAM,103000,103 RAI,1110,1085,25
18,ASSAM,103003,Rai,271,271,0
18,ASSAM,103999,103 Others,839,814,25
18,ASSAM,104000,104 RENGMA,3149,2779,370
18,ASSAM,104001,Rengma,3149,2779,370
18,ASSAM,105000,105 SANGTAM,82,77,5
18,ASSAM,105004,Sangtam,82,77,5
18,ASSAM,106000,106 SAVARA,5900,5505,395
18,ASSAM,106004,Savara,5900,5505,395
18,ASSAM,107000,107 SEMA,1945,1902,43
18,ASSAM,107002,Sema,1945,1902,43
18,ASSAM,108000,108 SHERPA,124,124,0
18,ASSAM,108001,Sherpa,124,124,0
18,ASSAM,109000,109 SHINA,103,102,1
18,ASSAM,109005,Shina,15,14,1
18,ASSAM,109999,109 Others,88,88,0
18,ASSAM,111000,111 TAMANG,2063,2012,51
18,ASSAM,111001,Tamang,2063,2012,51
18,ASSAM,112000,112 TANGKHUL,148,48,100
18,ASSAM,112008,Tangkhul,148,48,100
18,ASSAM,113000,113 TANGSA,1723,1635,88
18,ASSAM,113024,Tutcha Tangsa,3,1,2
18,ASSAM,113999,113 Others,1720,1634,86
18,ASSAM,114000,114 THADO,2540,2245,295
18,ASSAM,114015,Thado,2066,1888,178
18,ASSAM,114999,114 Others,474,357,117
18,ASSAM,115000,115 TIBETAN,522,435,87
18,ASSAM,115008,Tibetan,108,62,46
18,ASSAM,115999,115 Others,414,373,41
18,ASSAM,116000,116 TRIPURI,22890,22550,340
18,ASSAM,116007,Kokbarak,13401,13235,166
18,ASSAM,116011,Reang,6249,6167,82
18,ASSAM,116014,Tripuri,3200,3122,78
18,ASSAM,116999,116 Others,40,26,14
18,ASSAM,117000,117 TULU,91,65,26
18,ASSAM,117009,Tulu,6,3,3
18,ASSAM,117999,117 Others,85,62,23
18,ASSAM,118000,118 VAIPHEI,1094,919,175
18,ASSAM,118002,Vaiphei,1094,919,175
18,ASSAM,119000,119 WANCHO,345,333,12
18,ASSAM,119001,Wancho,345,333,12
18,ASSAM,120000,120 YIMCHUNGRE,450,438,12
18,ASSAM,120001,Chirr,374,362,12
18,ASSAM,120004,Tikhir,6,6,0
18,ASSAM,120005,Yimchungre,70,70,0
18,ASSAM,121000,121 ZELIANG,44,31,13
18,ASSAM,121001,Zeliang,44,31,13
18,ASSAM,122000,122 ZEMI,20723,17203,3520
18,ASSAM,122003,Zemi,20723,17203,3520
18,ASSAM,123000,123 ZOU,40,23,17
18,ASSAM,123001,Zou,40,23,17
18,ASSAM,124000,124 OTHERS,196436,184101,12335
19,WEST BENGAL,001000,1 ASSAMESE,7342,3706,3636
19,WEST BENGAL,001002,Assamese,7147,3569,3578
19,WEST BENGAL,001999,1 Others,195,137,58
19,WEST BENGAL,002000,2 BENGALI,78698852,56188667,22510185
19,WEST BENGAL,002007,Bengali,78151766,55684784,22466982
19,WEST BENGAL,002011,Chakma,175,90,85
19,WEST BENGAL,002015,Haijong/Hajong,13,2,11
19,WEST BENGAL,002044,Rajbangsi,283040,252857,30183
19,WEST BENGAL,002999,2 Others,263858,250934,12924
19,WEST BENGAL,003000,3 BODO,42739,39539,3200
19,WEST BENGAL,003001,Bodo/Boro,30389,28828,1561
19,WEST BENGAL,003003,Kachari,46,19,27
19,WEST BENGAL,003004,Mech/Mechhia,11476,10020,1456
19,WEST BENGAL,003999,3 Others,828,672,156
19,WEST BENGAL,004000,4 DOGRI,1557,692,865
19,WEST BENGAL,004001,Dogri,1554,692,862
19,WEST BENGAL,004999,4 Others,3,0,3
19,WEST BENGAL,005000,5 GUJARATI,41371,4141,37230
19,WEST BENGAL,005018,Gujarati,38444,1684,36760
19,WEST BENGAL,005052,Pattani,2,0,2
19,WEST BENGAL,005057,Saurashtra/Saurashtri,21,2,19
19,WEST BENGAL,005999,5 Others,2904,2455,449
19,WEST BENGAL,006000,6 HINDI,6356059,2027869,4328190
19,WEST BENGAL,006030,Awadhi,121,11,110
19,WEST BENGAL,006040,Baghati/Baghati Pahari,4,4,0
19,WEST BENGAL,006042,Bagheli/Baghel Khandi,1,1,0
19,WEST BENGAL,006086,Bhadrawahi,5,5,0
19,WEST BENGAL,006096,Bharmauri/Gaddi,85,62,23
19,WEST BENGAL,006102,Bhojpuri,177883,81056,96827
19,WEST BENGAL,006123,Brajbhasha,53,5,48
19,WEST BENGAL,006125,Bundeli/Bundel khandi,74,15,59
19,WEST BENGAL,006142,Chhattisgarhi,1558,752,806
19,WEST BENGAL,006173,Dhundhari,48,27,21
19,WEST BENGAL,006195,Garhwali,363,164,199
19,WEST BENGAL,006207,Gojri/Gujjari/Gujar,29,10,19
19,WEST BENGAL,006231,Handuri,6,6,0
19,WEST BENGAL,006232,Hara/Harauti,6,2,4
19,WEST BENGAL,006235,Haryanvi,1696,830,866
19,WEST BENGAL,006240,Hindi,4565554,458587,4106967
19,WEST BENGAL,006265,Jaunpuri/Jaunsari,3,2,1
19,WEST BENGAL,006291,Kangri,6,0,6
19,WEST BENGAL,006311,Khari Boli,13,3,10
19,WEST BENGAL,006320,Khortha/Khotta,154766,143351,11415
19,WEST BENGAL,006336,Kulvi,1,1,0
19,WEST BENGAL,006340,Kumauni,382,105,277
19,WEST BENGAL,006345,Kurmali Thar,218226,217500,726
19,WEST BENGAL,006353,Lamani/Lambadi,4,0,4
19,WEST BENGAL,006355,Laria,11,7,4
19,WEST BENGAL,006376,Magadhi/Magahi,1562,61,1501
19,WEST BENGAL,006391,Malvi,34,30,4
19,WEST BENGAL,006394,Mandeali,29,29,0
19,WEST BENGAL,006400,Marwari,50465,2447,48018
19,WEST BENGAL,006409,Mewati,1,0,1
19,WEST BENGAL,006420,Nagpuria,953,895,58
19,WEST BENGAL,006432,Nimadi,1,1,0
19,WEST BENGAL,006439,Pahari,1693,1099,594
19,WEST BENGAL,006451,Panch Pargania,505,500,5
19,WEST BENGAL,006452,Pando/Pandwani,1,1,0
19,WEST BENGAL,006476,Puran/Puran Bhasha,6,0,6
19,WEST BENGAL,006489,Rajasthani,10537,1729,8808
19,WEST BENGAL,006503,Sadan/Sadri,741528,711065,30463
19,WEST BENGAL,006530,Sirmauri,3,3,0
19,WEST BENGAL,006547,Surgujia,1,1,0
19,WEST BENGAL,006548,Surjapuri,395686,389286,6400
19,WEST BENGAL,006999,6 Others,32156,18216,13940
19,WEST BENGAL,007000,7 KANNADA,2192,904,1288
19,WEST BENGAL,007002,Badaga,11,8,3
19,WEST BENGAL,007016,Kannada,2020,851,1169
19,WEST BENGAL,007027,Kuruba/Kurumba,18,18,0
19,WEST BENGAL,007041,Prakritha/Prakritha Bhasha,76,0,76
19,WEST BENGAL,007999,7 Others,67,27,40
19,WEST BENGAL,008000,8 KASHMIRI,624,364,260
19,WEST BENGAL,008005,Kashmiri,618,359,259
19,WEST BENGAL,008018,Siraji,5,5,0
19,WEST BENGAL,008999,8 Others,1,0,1
19,WEST BENGAL,009000,9 KONKANI,506,55,451
19,WEST BENGAL,009011,Konkani,438,48,390
19,WEST BENGAL,009013,Kudubi/Kudumbi,3,2,1
19,WEST BENGAL,009999,9 Others,65,5,60
19,WEST BENGAL,010000,10 MAITHILI,29741,8544,21197
19,WEST BENGAL,010008,Maithili,29482,8433,21049
19,WEST BENGAL,010011,Purbi Maithili,7,7,0
19,WEST BENGAL,010013,Thati,208,60,148
19,WEST BENGAL,010014,Tharu,44,44,0
19,WEST BENGAL,011000,11 MALAYALAM,10952,1699,9253
19,WEST BENGAL,011016,Malayalam,10949,1698,9251
19,WEST BENGAL,011023,Pania,2,0,2
19,WEST BENGAL,011999,11 Others,1,1,0
19,WEST BENGAL,012000,12 MANIPURI,2010,493,1517
19,WEST BENGAL,012003,Manipuri,1993,484,1509
19,WEST BENGAL,012999,12 Others,17,9,8
19,WEST BENGAL,013000,13 MARATHI,14815,4920,9895
19,WEST BENGAL,013004,Are,2,0,2
19,WEST BENGAL,013060,Koli,6,2,4
19,WEST BENGAL,013071,Marathi,14367,4547,9820
19,WEST BENGAL,013999,13 Others,440,371,69
19,WEST BENGAL,014000,14 NEPALI,1155375,815337,340038
19,WEST BENGAL,014011,Nepali,1155372,815335,340037
19,WEST BENGAL,014999,14 Others,3,2,1
19,WEST BENGAL,015000,15 ODIA,162142,35836,126306
19,WEST BENGAL,015006,Bhatri,6,6,0
19,WEST BENGAL,015007,Bhuiya/Bhuyan[Ori],295,193,102
19,WEST BENGAL,015010,Bhumijali,4,4,0
19,WEST BENGAL,015014,Desia,1096,618,478
19,WEST BENGAL,015043,Odia,160199,34995,125204
19,WEST BENGAL,015055,Relli,17,0,17
19,WEST BENGAL,015058,Sambalpuri,6,1,5
19,WEST BENGAL,015999,15 Others,519,19,500
19,WEST BENGAL,016000,16 PUNJABI,61080,8844,52236
19,WEST BENGAL,016002,Bagri,699,678,21
19,WEST BENGAL,016005,Bhateali,4184,4089,95
19,WEST BENGAL,016038,Punjabi,55679,3590,52089
19,WEST BENGAL,016999,16 Others,518,487,31
19,WEST BENGAL,017000,17 SANSKRIT,1200,1066,134
19,WEST BENGAL,017002,Sanskrit,1200,1066,134
19,WEST BENGAL,018000,18 SANTALI,2429073,2283852,145221
19,WEST BENGAL,018010,Karmali,454,445,9
19,WEST BENGAL,018011,Mahili,5653,4461,1192
19,WEST BENGAL,018040,Santali,2421666,2277912,143754
19,WEST BENGAL,018999,18 Others,1300,1034,266
19,WEST BENGAL,019000,19 SINDHI,7828,2571,5257
19,WEST BENGAL,019002,Bhatia,1697,1692,5
19,WEST BENGAL,019008,Kachchhi,123,10,113
19,WEST BENGAL,019014,Sindhi,6004,866,5138
19,WEST BENGAL,019999,19 Others,4,3,1
19,WEST BENGAL,020000,20 TAMIL,15930,1935,13995
19,WEST BENGAL,020009,Kaikadi,5,0,5
19,WEST BENGAL,020015,Korava,11,2,9
19,WEST BENGAL,020027,Tamil,15809,1841,13968
19,WEST BENGAL,020999,20 Others,105,92,13
19,WEST BENGAL,021000,21 TELUGU,88352,3926,84426
19,WEST BENGAL,021046,Telugu,88023,3748,84275
19,WEST BENGAL,021999,21 Others,329,178,151
19,WEST BENGAL,022000,22 URDU,1663519,331765,1331754
19,WEST BENGAL,022015,Urdu,1661941,330436,1331505
19,WEST BENGAL,022016,Bhansari,18,0,18
19,WEST BENGAL,022999,22 Others,1560,1329,231
19,WEST BENGAL,023000,23 ADI,527,517,10
19,WEST BENGAL,023003,Adi,496,495,1
19,WEST BENGAL,023006,Adi Gallong/Gallong,21,13,8
19,WEST BENGAL,023999,23 Others,10,9,1
19,WEST BENGAL,024000,24 AFGHANI/KABULI/PASHTO,118,25,93
19,WEST BENGAL,024001,Afghani/Kabuli/Pashto,99,22,77
19,WEST BENGAL,024999,24 Others,19,3,16
19,WEST BENGAL,025000,25 ANAL,14,2,12
19,WEST BENGAL,025001,Anal,12,0,12
19,WEST BENGAL,025999,25 Others,2,2,0
19,WEST BENGAL,026000,26 ANGAMI,89,73,16
19,WEST BENGAL,026002,Angami,27,15,12
19,WEST BENGAL,026999,26 Others,62,58,4
19,WEST BENGAL,027000,27 AO,192,141,51
19,WEST BENGAL,027001,Ao,153,113,40
19,WEST BENGAL,027999,27 Others,39,28,11
19,WEST BENGAL,028000,28 ARABIC/ARBI,4479,3293,1186
19,WEST BENGAL,028001,Arabic/Arbi,4478,3292,1186
19,WEST BENGAL,028999,28 Others,1,1,0
19,WEST BENGAL,029000,29 BALTI,5,5,0
19,WEST BENGAL,029002,Balti,5,5,0
19,WEST BENGAL,030000,30 BHILI/BHILODI,689,528,161
19,WEST BENGAL,030002,Baori,496,385,111
19,WEST BENGAL,030011,Chodhari,14,11,3
19,WEST BENGAL,030015,Dhodia,10,0,10
19,WEST BENGAL,030020,Gamti/Gavit,6,1,5
19,WEST BENGAL,030021,Garasia,9,8,1
19,WEST BENGAL,030035,Kokna/Kokni/Kukna,40,25,15
19,WEST BENGAL,030066,Paradhi,3,3,0
19,WEST BENGAL,030073,Tadavi,8,0,8
19,WEST BENGAL,030076,Vasava,5,5,0
19,WEST BENGAL,030999,30 Others,98,90,8
19,WEST BENGAL,031000,31 BHOTIA,4293,1873,2420
19,WEST BENGAL,031001,Bhotia,4250,1855,2395
19,WEST BENGAL,031999,31 Others,43,18,25
19,WEST BENGAL,032000,32 BHUMIJ,6977,6907,70
19,WEST BENGAL,032002,Bhumij,770,750,20
19,WEST BENGAL,032999,32 Others,6207,6157,50
19,WEST BENGAL,033000,33 BISHNUPURIYA,26,1,25
19,WEST BENGAL,033003,Bishnupriya Manipuri/Manipuri Bishnupriya,22,1,21
19,WEST BENGAL,033999,33 Others,4,0,4
19,WEST BENGAL,034000,34 CHAKHESANG,14,11,3
19,WEST BENGAL,034001,Chakhesang,14,11,3
19,WEST BENGAL,035000,35 CHAKRU/CHOKRI,14,5,9
19,WEST BENGAL,035001,Chakru/Chokri,14,5,9
19,WEST BENGAL,036000,36 CHANG,24,22,2
19,WEST BENGAL,036001,Chang,24,22,2
19,WEST BENGAL,037000,37 COORGI/KODAGU,2,1,1
19,WEST BENGAL,037001,Coorgi/Kodagu,2,1,1
19,WEST BENGAL,038000,38 DEORI,1,1,0
19,WEST BENGAL,038001,Deori,1,1,0
19,WEST BENGAL,039000,39 DIMASA,7,4,3
19,WEST BENGAL,039002,Dimasa,3,1,2
19,WEST BENGAL,039999,39 Others,4,3,1
19,WEST BENGAL,040000,40 ENGLISH,14945,1346,13599
19,WEST BENGAL,040001,English,14945,1346,13599
19,WEST BENGAL,041000,41 GADABA,5,1,4
19,WEST BENGAL,041001,Gadaba,5,1,4
19,WEST BENGAL,042000,42 GANGTE,5,4,1
19,WEST BENGAL,042001,Gangte,5,4,1
19,WEST BENGAL,043000,43 GARO,1729,1549,180
19,WEST BENGAL,043005,Garo,1708,1532,176
19,WEST BENGAL,043999,43 Others,21,17,4
19,WEST BENGAL,044000,44 GONDI,605,568,37
19,WEST BENGAL,044007,Gondi,307,303,4
19,WEST BENGAL,044017,Maria/ Muria,84,73,11
19,WEST BENGAL,044999,44 Others,214,192,22
19,WEST BENGAL,046000,46 HALAM,36,31,5
19,WEST BENGAL,046003,Halam,7,3,4
19,WEST BENGAL,046999,46 Others,29,28,1
19,WEST BENGAL,047000,47 HMAR,23,1,22
19,WEST BENGAL,047001,Hmar,23,1,22
19,WEST BENGAL,048000,48 HO,6055,5204,851
19,WEST BENGAL,048004,Ho,5203,4363,840
19,WEST BENGAL,048007,Lohara,852,841,11
19,WEST BENGAL,049000,49 JATAPU,4,0,4
19,WEST BENGAL,049999,49 Others,4,0,4
19,WEST BENGAL,051000,51 KABUI,18,5,13
19,WEST BENGAL,051003,Kabui,5,2,3
19,WEST BENGAL,051005,Rongmei,13,3,10
19,WEST BENGAL,052000,52 KARBI/MIKIR,4,0,4
19,WEST BENGAL,052002,Karbi/Mikir,4,0,4
19,WEST BENGAL,053000,53 KHANDESHI,8,8,0
19,WEST BENGAL,053004,Dangi,3,3,0
19,WEST BENGAL,053005,Gujari,5,5,0
19,WEST BENGAL,054000,54 KHARIA,6876,6408,468
19,WEST BENGAL,054005,Kharia,6327,5943,384
19,WEST BENGAL,054999,54 Others,549,465,84
19,WEST BENGAL,055000,55 KHASI,232,95,137
19,WEST BENGAL,055007,Khasi,231,94,137
19,WEST BENGAL,055012,Pnar/Synteng,1,1,0
19,WEST BENGAL,056000,56 KHEZHA,2,1,1
19,WEST BENGAL,056003,Khezha,1,1,0
19,WEST BENGAL,056999,56 Others,1,0,1
19,WEST BENGAL,057000,57 KHIEMNUNGAN,6,3,3
19,WEST BENGAL,057001,Khiemnungan,6,3,3
19,WEST BENGAL,058000,58 KHOND/KONDH,402,402,0
19,WEST BENGAL,058001,Khond/Kondh,402,402,0
19,WEST BENGAL,059000,59 KINNAURI,16,1,15
19,WEST BENGAL,059003,Kinnauri,3,1,2
19,WEST BENGAL,059999,59 Others,13,0,13
19,WEST BENGAL,060000,60 KISAN,10277,10271,6
19,WEST BENGAL,060002,Kisan,10277,10271,6
19,WEST BENGAL,061000,61 KOCH,427,398,29
19,WEST BENGAL,061002,Koch,427,398,29
19,WEST BENGAL,062000,62 KODA/KORA,40741,36753,3988
19,WEST BENGAL,062003,Koda/Kora,40739,36753,3986
19,WEST BENGAL,062999,62 Others,2,0,2
19,WEST BENGAL,064000,64 KOM,26,23,3
19,WEST BENGAL,064001,Kom,26,23,3
19,WEST BENGAL,065000,65 KONDA,14,0,14
19,WEST BENGAL,065003,Konda,9,0,9
19,WEST BENGAL,065999,65 Others,5,0,5
19,WEST BENGAL,066000,66 KONYAK,47,38,9
19,WEST BENGAL,066001,Konyak,47,38,9
19,WEST BENGAL,068000,68 KORWA,2009,576,1433
19,WEST BENGAL,068003,Koraku,9,9,0
19,WEST BENGAL,068999,68 Others,2000,567,1433
19,WEST BENGAL,069000,69 KOYA,1,1,0
19,WEST BENGAL,069002,Koya,1,1,0
19,WEST BENGAL,070000,70 KUI,3,3,0
19,WEST BENGAL,070001,Kui,3,3,0
19,WEST BENGAL,071000,71 KUKI,173,37,136
19,WEST BENGAL,071008,Kuki,171,36,135
19,WEST BENGAL,071999,71 Others,2,1,1
19,WEST BENGAL,072000,72 KURUKH/ORAON,171909,159686,12223
19,WEST BENGAL,072024,Kurukh/Oraon,168780,156931,11849
19,WEST BENGAL,072999,72 Others,3129,2755,374
19,WEST BENGAL,073000,73 LADAKHI,25,12,13
19,WEST BENGAL,073003,Ladakhi,25,12,13
19,WEST BENGAL,075000,75 LAHNDA,8,0,8
19,WEST BENGAL,075006,Hindi Multani,1,0,1
19,WEST BENGAL,075999,75 Others,7,0,7
19,WEST BENGAL,076000,76 LAKHER,16,13,3
19,WEST BENGAL,076002,Mara,2,0,2
19,WEST BENGAL,076999,76 Others,14,13,1
19,WEST BENGAL,078000,78 LEPCHA,8637,7975,662
19,WEST BENGAL,078001,Lepcha,8637,7975,662
19,WEST BENGAL,079000,79 LIANGMEI,41,41,0
19,WEST BENGAL,079002,Liangmei,39,39,0
19,WEST BENGAL,079999,79 Others,2,2,0
19,WEST BENGAL,080000,80 LIMBU,921,838,83
19,WEST BENGAL,080002,Limbu,843,766,77
19,WEST BENGAL,080999,80 Others,78,72,6
19,WEST BENGAL,081000,81 LOTHA,124,59,65
19,WEST BENGAL,081001,Lotha,124,59,65
19,WEST BENGAL,082000,82 LUSHAI/MIZO,523,111,412
19,WEST BENGAL,082005,Lushai/Mizo,519,110,409
19,WEST BENGAL,082999,82 Others,4,1,3
19,WEST BENGAL,083000,83 MALTO,5057,4516,541
19,WEST BENGAL,083002,Pahariya,4421,3880,541
19,WEST BENGAL,083999,83 Others,636,636,0
19,WEST BENGAL,084000,84 MAO,32,18,14
19,WEST BENGAL,084001,Mao,23,18,5
19,WEST BENGAL,084003,Paola,9,0,9
19,WEST BENGAL,085000,85 MARAM,2,2,0
19,WEST BENGAL,085001,Maram,2,2,0
19,WEST BENGAL,086000,86 MARING,12,4,8
19,WEST BENGAL,086001,Maring,12,4,8
19,WEST BENGAL,087000,87 MIRI/MISHING,7,3,4
19,WEST BENGAL,087003,Miri/Mishing,7,3,4
19,WEST BENGAL,088000,88 MISHMI,40,3,37
19,WEST BENGAL,088999,88 Others,40,3,37
19,WEST BENGAL,089000,89 MOGH,60,8,52
19,WEST BENGAL,089004,Mogh,60,8,52
19,WEST BENGAL,090000,90 MONPA,10,4,6
19,WEST BENGAL,090003,Monpa,10,4,6
19,WEST BENGAL,091000,91 MUNDA,43686,40879,2807
19,WEST BENGAL,091006,Kol,2845,2550,295
19,WEST BENGAL,091009,Munda,40278,37822,2456
19,WEST BENGAL,091999,91 Others,563,507,56
19,WEST BENGAL,092000,92 MUNDARI,29594,28934,660
19,WEST BENGAL,092005,Mundari,29590,28930,660
19,WEST BENGAL,092999,92 Others,4,4,0
19,WEST BENGAL,093000,93 NICOBARESE,2,1,1
19,WEST BENGAL,093001,Nicobarese,2,1,1
19,WEST BENGAL,094000,94 NISSI/DAFLA,23,14,9
19,WEST BENGAL,094001,Apatani,9,4,5
19,WEST BENGAL,094007,Nissi/Dafla,4,3,1
19,WEST BENGAL,094999,94 Others,10,7,3
19,WEST BENGAL,095000,95 NOCTE,8,1,7
19,WEST BENGAL,095003,Nocte,8,1,7
19,WEST BENGAL,096000,96 PAITE,50,8,42
19,WEST BENGAL,096002,Paite,50,8,42
19,WEST BENGAL,097000,97 PARJI,151,151,0
19,WEST BENGAL,097999,97 Others,151,151,0
19,WEST BENGAL,100000,100 PHOM,15,11,4
19,WEST BENGAL,100001,Phom,15,11,4
19,WEST BENGAL,101000,101 POCHURY,5,4,1
19,WEST BENGAL,101006,Pochury,4,3,1
19,WEST BENGAL,101999,101 Others,1,1,0
19,WEST BENGAL,102000,102 RABHA,14387,14242,145
19,WEST BENGAL,102002,Rabha,14387,14242,145
19,WEST BENGAL,103000,103 RAI,379,303,76
19,WEST BENGAL,103003,Rai,334,274,60
19,WEST BENGAL,103999,103 Others,45,29,16
19,WEST BENGAL,104000,104 RENGMA,15,10,5
19,WEST BENGAL,104001,Rengma,15,10,5
19,WEST BENGAL,105000,105 SANGTAM,6,5,1
19,WEST BENGAL,105004,Sangtam,5,4,1
19,WEST BENGAL,105999,105 Others,1,1,0
19,WEST BENGAL,106000,106 SAVARA,24915,23585,1330
19,WEST BENGAL,106004,Savara,24901,23571,1330
19,WEST BENGAL,106999,106 Others,14,14,0
19,WEST BENGAL,107000,107 SEMA,53,49,4
19,WEST BENGAL,107002,Sema,53,49,4
19,WEST BENGAL,108000,108 SHERPA,1311,666,645
19,WEST BENGAL,108001,Sherpa,1311,666,645
19,WEST BENGAL,109000,109 SHINA,12,11,1
19,WEST BENGAL,109005,Shina,2,1,1
19,WEST BENGAL,109999,109 Others,10,10,0
19,WEST BENGAL,111000,111 TAMANG,3821,2514,1307
19,WEST BENGAL,111001,Tamang,3821,2514,1307
19,WEST BENGAL,112000,112 TANGKHUL,57,37,20
19,WEST BENGAL,112008,Tangkhul,57,37,20
19,WEST BENGAL,114000,114 THADO,50,8,42
19,WEST BENGAL,114015,Thado,18,4,14
19,WEST BENGAL,114999,114 Others,32,4,28
19,WEST BENGAL,115000,115 TIBETAN,8500,2490,6010
19,WEST BENGAL,115008,Tibetan,6119,468,5651
19,WEST BENGAL,115999,115 Others,2381,2022,359
19,WEST BENGAL,116000,116 TRIPURI,120,52,68
19,WEST BENGAL,116007,Kokbarak,59,31,28
19,WEST BENGAL,116014,Tripuri,60,20,40
19,WEST BENGAL,116999,116 Others,1,1,0
19,WEST BENGAL,117000,117 TULU,136,102,34
19,WEST BENGAL,117009,Tulu,37,6,31
19,WEST BENGAL,117999,117 Others,99,96,3
19,WEST BENGAL,118000,118 VAIPHEI,39,25,14
19,WEST BENGAL,118002,Vaiphei,39,25,14
19,WEST BENGAL,119000,119 WANCHO,10,4,6
19,WEST BENGAL,119001,Wancho,10,4,6
19,WEST BENGAL,120000,120 YIMCHUNGRE,28,23,5
19,WEST BENGAL,120001,Chirr,5,4,1
19,WEST BENGAL,120005,Yimchungre,23,19,4
19,WEST BENGAL,121000,121 ZELIANG,10,7,3
19,WEST BENGAL,121001,Zeliang,10,7,3
19,WEST BENGAL,123000,123 ZOU,15,12,3
19,WEST BENGAL,123001,Zou,15,12,3
19,WEST BENGAL,124000,124 OTHERS,65874,51811,14063
20,JHARKHAND,001000,1 ASSAMESE,1324,582,742
20,JHARKHAND,001002,Assamese,1310,580,730
20,JHARKHAND,001999,1 Others,14,2,12
20,JHARKHAND,002000,2 BENGALI,3213423,2428466,784957
20,JHARKHAND,002007,Bengali,3212831,2427907,784924
20,JHARKHAND,002011,Chakma,3,0,3
20,JHARKHAND,002015,Haijong/Hajong,1,1,0
20,JHARKHAND,002044,Rajbangsi,2,0,2
20,JHARKHAND,002999,2 Others,586,558,28
20,JHARKHAND,003000,3 BODO,92,60,32
20,JHARKHAND,003001,Bodo/Boro,92,60,32
20,JHARKHAND,004000,4 DOGRI,279,93,186
20,JHARKHAND,004001,Dogri,279,93,186
20,JHARKHAND,005000,5 GUJARATI,22109,8205,13904
20,JHARKHAND,005018,Gujarati,14194,883,13311
20,JHARKHAND,005052,Pattani,2,0,2
20,JHARKHAND,005057,Saurashtra/Saurashtri,1,0,1
20,JHARKHAND,005999,5 Others,7912,7322,590
20,JHARKHAND,006000,6 HINDI,20436026,15065889,5370137
20,JHARKHAND,006030,Awadhi,3203,289,2914
20,JHARKHAND,006040,Baghati/Baghati Pahari,15,7,8
20,JHARKHAND,006042,Bagheli/Baghel Khandi,104,12,92
20,JHARKHAND,006086,Bhadrawahi,23,22,1
20,JHARKHAND,006096,Bharmauri/Gaddi,57,26,31
20,JHARKHAND,006102,Bhojpuri,756726,238901,517825
20,JHARKHAND,006123,Brajbhasha,397,54,343
20,JHARKHAND,006125,Bundeli/Bundel khandi,481,169,312
20,JHARKHAND,006142,Chhattisgarhi,25918,5217,20701
20,JHARKHAND,006173,Dhundhari,22,4,18
20,JHARKHAND,006195,Garhwali,484,205,279
20,JHARKHAND,006198,Gawari,106,17,89
20,JHARKHAND,006207,Gojri/Gujjari/Gujar,11,4,7
20,JHARKHAND,006231,Handuri,5,0,5
20,JHARKHAND,006232,Hara/Harauti,2,2,0
20,JHARKHAND,006235,Haryanvi,1963,368,1595
20,JHARKHAND,006240,Hindi,7059131,3907234,3151897
20,JHARKHAND,006265,Jaunpuri/Jaunsari,167,0,167
20,JHARKHAND,006291,Kangri,5,0,5
20,JHARKHAND,006311,Khari Boli,227,29,198
20,JHARKHAND,006320,Khortha/Khotta,7738960,6811059,927901
20,JHARKHAND,006340,Kumauni,242,43,199
20,JHARKHAND,006345,Kurmali Thar,43,15,28
20,JHARKHAND,006355,Laria,9,8,1
20,JHARKHAND,006358,Lodhi,6,1,5
20,JHARKHAND,006376,Magadhi/Magahi,1367337,1005359,361978
20,JHARKHAND,006391,Malvi,23,6,17
20,JHARKHAND,006394,Mandeali,2,2,0
20,JHARKHAND,006400,Marwari,38664,2808,35856
20,JHARKHAND,006408,Mewari,3,0,3
20,JHARKHAND,006420,Nagpuria,757726,676541,81185
20,JHARKHAND,006432,Nimadi,6,0,6
20,JHARKHAND,006439,Pahari,1132,1019,113
20,JHARKHAND,006449,Palmuha,22624,22407,217
20,JHARKHAND,006451,Panch Pargania,244290,226075,18215
20,JHARKHAND,006452,Pando/Pandwani,2,0,2
20,JHARKHAND,006476,Puran/Puran Bhasha,8054,7944,110
20,JHARKHAND,006489,Rajasthani,14771,1310,13461
20,JHARKHAND,006503,Sadan/Sadri,1627083,1479617,147466
20,JHARKHAND,006541,Sugali,1,1,0
20,JHARKHAND,006547,Surgujia,8,4,4
20,JHARKHAND,006548,Surjapuri,13,6,7
20,JHARKHAND,006999,6 Others,765980,679104,86876
20,JHARKHAND,007000,7 KANNADA,1324,267,1057
20,JHARKHAND,007016,Kannada,1050,234,816
20,JHARKHAND,007041,Prakritha/Prakritha Bhasha,244,29,215
20,JHARKHAND,007999,7 Others,30,4,26
20,JHARKHAND,008000,8 KASHMIRI,296,174,122
20,JHARKHAND,008005,Kashmiri,248,133,115
20,JHARKHAND,008010,Kishtwari,48,41,7
20,JHARKHAND,009000,9 KONKANI,265,54,211
20,JHARKHAND,009011,Konkani,237,54,183
20,JHARKHAND,009028,Gorboli/Goru/Gorwani,5,0,5
20,JHARKHAND,009999,9 Others,23,0,23
20,JHARKHAND,010000,10 MAITHILI,138167,18669,119498
20,JHARKHAND,010008,Maithili,125877,10844,115033
20,JHARKHAND,010011,Purbi Maithili,16,7,9
20,JHARKHAND,010013,Thati,12236,7818,4418
20,JHARKHAND,010014,Tharu,38,0,38
20,JHARKHAND,011000,11 MALAYALAM,6549,711,5838
20,JHARKHAND,011016,Malayalam,6540,706,5834
20,JHARKHAND,011999,11 Others,9,5,4
20,JHARKHAND,012000,12 MANIPURI,364,129,235
20,JHARKHAND,012003,Manipuri,361,129,232
20,JHARKHAND,012999,12 Others,3,0,3
20,JHARKHAND,013000,13 MARATHI,8481,4182,4299
20,JHARKHAND,013060,Koli,1094,1094,0
20,JHARKHAND,013071,Marathi,5068,796,4272
20,JHARKHAND,013999,13 Others,2319,2292,27
20,JHARKHAND,014000,14 NEPALI,16956,1402,15554
20,JHARKHAND,014011,Nepali,16955,1402,15553
20,JHARKHAND,014999,14 Others,1,0,1
20,JHARKHAND,015000,15 ODIA,531077,374014,157063
20,JHARKHAND,015007,Bhuiya/Bhuyan[Ori],404,336,68
20,JHARKHAND,015010,Bhumijali,84,60,24
20,JHARKHAND,015014,Desia,1,0,1
20,JHARKHAND,015043,Odia,529531,373047,156484
20,JHARKHAND,015058,Sambalpuri,447,0,447
20,JHARKHAND,015999,15 Others,610,571,39
20,JHARKHAND,016000,16 PUNJABI,78712,2815,75897
20,JHARKHAND,016002,Bagri,2,0,2
20,JHARKHAND,016038,Punjabi,78705,2814,75891
20,JHARKHAND,016999,16 Others,5,1,4
20,JHARKHAND,017000,17 SANSKRIT,853,264,589
20,JHARKHAND,017002,Sanskrit,853,264,589
20,JHARKHAND,018000,18 SANTALI,3269897,3101534,168363
20,JHARKHAND,018010,Karmali,355036,335615,19421
20,JHARKHAND,018011,Mahili,18828,18374,454
20,JHARKHAND,018040,Santali,2895764,2747354,148410
20,JHARKHAND,018999,18 Others,269,191,78
20,JHARKHAND,019000,19 SINDHI,1701,50,1651
20,JHARKHAND,019008,Kachchhi,109,10,99
20,JHARKHAND,019014,Sindhi,1592,40,1552
20,JHARKHAND,020000,20 TAMIL,10061,681,9380
20,JHARKHAND,020009,Kaikadi,2,0,2
20,JHARKHAND,020015,Korava,21,21,0
20,JHARKHAND,020027,Tamil,9974,627,9347
20,JHARKHAND,020999,20 Others,64,33,31
20,JHARKHAND,021000,21 TELUGU,30704,1409,29295
20,JHARKHAND,021046,Telugu,30552,1275,29277
20,JHARKHAND,021999,21 Others,152,134,18
20,JHARKHAND,022000,22 URDU,1965652,1061383,904269
20,JHARKHAND,022015,Urdu,1965438,1061297,904141
20,JHARKHAND,022016,Bhansari,3,3,0
20,JHARKHAND,022999,22 Others,211,83,128
20,JHARKHAND,023000,23 ADI,732,703,29
20,JHARKHAND,023003,Adi,9,1,8
20,JHARKHAND,023006,Adi Gallong/Gallong,714,696,18
20,JHARKHAND,023040,Talgalo,2,2,0
20,JHARKHAND,023999,23 Others,7,4,3
20,JHARKHAND,024000,24 AFGHANI/KABULI/PASHTO,8,0,8
20,JHARKHAND,024001,Afghani/Kabuli/Pashto,8,0,8
20,JHARKHAND,025000,25 ANAL,7,1,6
20,JHARKHAND,025001,Anal,5,0,5
20,JHARKHAND,025999,25 Others,2,1,1
20,JHARKHAND,026000,26 ANGAMI,3,0,3
20,JHARKHAND,026002,Angami,3,0,3
20,JHARKHAND,027000,27 AO,2,1,1
20,JHARKHAND,027001,Ao,2,1,1
20,JHARKHAND,028000,28 ARABIC/ARBI,2095,1418,677
20,JHARKHAND,028001,Arabic/Arbi,2095,1418,677
20,JHARKHAND,030000,30 BHILI/BHILODI,416,241,175
20,JHARKHAND,030002,Baori,222,194,28
20,JHARKHAND,030007,Bhili/Bhilodi,1,0,1
20,JHARKHAND,030020,Gamti/Gavit,19,7,12
20,JHARKHAND,030035,Kokna/Kokni/Kukna,50,11,39
20,JHARKHAND,030049,Mawchi,2,2,0
20,JHARKHAND,030068,Pawri,94,11,83
20,JHARKHAND,030070,Rathi,4,0,4
20,JHARKHAND,030073,Tadavi,2,2,0
20,JHARKHAND,030078,Wagdi,4,0,4
20,JHARKHAND,030999,30 Others,18,14,4
20,JHARKHAND,032000,32 BHUMIJ,11275,10233,1042
20,JHARKHAND,032002,Bhumij,8462,8057,405
20,JHARKHAND,032999,32 Others,2813,2176,637
20,JHARKHAND,033000,33 BISHNUPURIYA,4,2,2
20,JHARKHAND,033003,Bishnupriya Manipuri/Manipuri Bishnupriya,2,2,0
20,JHARKHAND,033999,33 Others,2,0,2
20,JHARKHAND,035000,35 CHAKRU/CHOKRI,1,1,0
20,JHARKHAND,035001,Chakru/Chokri,1,1,0
20,JHARKHAND,036000,36 CHANG,4,0,4
20,JHARKHAND,036001,Chang,4,0,4
20,JHARKHAND,037000,37 COORGI/KODAGU,9,3,6
20,JHARKHAND,037001,Coorgi/Kodagu,9,3,6
20,JHARKHAND,038000,38 DEORI,1,1,0
20,JHARKHAND,038001,Deori,1,1,0
20,JHARKHAND,039000,39 DIMASA,12,12,0
20,JHARKHAND,039002,Dimasa,12,12,0
20,JHARKHAND,040000,40 ENGLISH,2431,378,2053
20,JHARKHAND,040001,English,2431,378,2053
20,JHARKHAND,042000,42 GANGTE,16,16,0
20,JHARKHAND,042001,Gangte,16,16,0
20,JHARKHAND,043000,43 GARO,3,2,1
20,JHARKHAND,043005,Garo,3,2,1
20,JHARKHAND,044000,44 GONDI,1621,1401,220
20,JHARKHAND,044007,Gondi,1049,870,179
20,JHARKHAND,044017,Maria/ Muria,80,80,0
20,JHARKHAND,044999,44 Others,492,451,41
20,JHARKHAND,045000,45 HALABI,4,0,4
20,JHARKHAND,045001,Halabi,4,0,4
20,JHARKHAND,046000,46 HALAM,2,0,2
20,JHARKHAND,046999,46 Others,2,0,2
20,JHARKHAND,048000,48 HO,994302,904657,89645
20,JHARKHAND,048004,Ho,992197,902680,89517
20,JHARKHAND,048007,Lohara,2105,1977,128
20,JHARKHAND,051000,51 KABUI,6,6,0
20,JHARKHAND,051005,Rongmei,6,6,0
20,JHARKHAND,052000,52 KARBI/MIKIR,1,0,1
20,JHARKHAND,052002,Karbi/Mikir,1,0,1
20,JHARKHAND,053000,53 KHANDESHI,62,54,8
20,JHARKHAND,053005,Gujari,6,0,6
20,JHARKHAND,053006,Khandeshi,56,54,2
20,JHARKHAND,054000,54 KHARIA,140148,130386,9762
20,JHARKHAND,054005,Kharia,140147,130385,9762
20,JHARKHAND,054999,54 Others,1,1,0
20,JHARKHAND,055000,55 KHASI,4,1,3
20,JHARKHAND,055007,Khasi,4,1,3
20,JHARKHAND,059000,59 KINNAURI,1,1,0
20,JHARKHAND,059003,Kinnauri,1,1,0
20,JHARKHAND,060000,60 KISAN,59,30,29
20,JHARKHAND,060002,Kisan,59,30,29
20,JHARKHAND,061000,61 KOCH,2,1,1
20,JHARKHAND,061002,Koch,1,1,0
20,JHARKHAND,061999,61 Others,1,0,1
20,JHARKHAND,062000,62 KODA/KORA,3321,3302,19
20,JHARKHAND,062003,Koda/Kora,3321,3302,19
20,JHARKHAND,064000,64 KOM,1,1,0
20,JHARKHAND,064001,Kom,1,1,0
20,JHARKHAND,065000,65 KONDA,177,176,1
20,JHARKHAND,065002,Kodu,176,176,0
20,JHARKHAND,065999,65 Others,1,0,1
20,JHARKHAND,068000,68 KORWA,2341,1740,601
20,JHARKHAND,068003,Koraku,334,333,1
20,JHARKHAND,068999,68 Others,2007,1407,600
20,JHARKHAND,070000,70 KUI,7,5,2
20,JHARKHAND,070001,Kui,7,5,2
20,JHARKHAND,071000,71 KUKI,6,4,2
20,JHARKHAND,071008,Kuki,6,4,2
20,JHARKHAND,072000,72 KURUKH/ORAON,952164,867540,84624
20,JHARKHAND,072024,Kurukh/Oraon,951014,866789,84225
20,JHARKHAND,072999,72 Others,1150,751,399
20,JHARKHAND,073000,73 LADAKHI,1,0,1
20,JHARKHAND,073003,Ladakhi,1,0,1
20,JHARKHAND,074000,74 LAHAULI,3,0,3
20,JHARKHAND,074999,74 Others,3,0,3
20,JHARKHAND,075000,75 LAHNDA,83,54,29
20,JHARKHAND,075001,Bahawal Puri,2,0,2
20,JHARKHAND,075006,Hindi Multani,14,0,14
20,JHARKHAND,075999,75 Others,67,54,13
20,JHARKHAND,078000,78 LEPCHA,1,0,1
20,JHARKHAND,078001,Lepcha,1,0,1
20,JHARKHAND,080000,80 LIMBU,1,1,0
20,JHARKHAND,080002,Limbu,1,1,0
20,JHARKHAND,081000,81 LOTHA,4,1,3
20,JHARKHAND,081001,Lotha,4,1,3
20,JHARKHAND,082000,82 LUSHAI/MIZO,47,25,22
20,JHARKHAND,082005,Lushai/Mizo,47,25,22
20,JHARKHAND,083000,83 MALTO,151565,151007,558
20,JHARKHAND,083002,Pahariya,147755,147259,496
20,JHARKHAND,083999,83 Others,3810,3748,62
20,JHARKHAND,084000,84 MAO,84,84,0
20,JHARKHAND,084001,Mao,84,84,0
20,JHARKHAND,086000,86 MARING,1,1,0
20,JHARKHAND,086001,Maring,1,1,0
20,JHARKHAND,087000,87 MIRI/MISHING,5,0,5
20,JHARKHAND,087003,Miri/Mishing,5,0,5
20,JHARKHAND,088000,88 MISHMI,2,1,1
20,JHARKHAND,088007,Mishmi,1,0,1
20,JHARKHAND,088999,88 Others,1,1,0
20,JHARKHAND,089000,89 MOGH,6,0,6
20,JHARKHAND,089004,Mogh,6,0,6
20,JHARKHAND,090000,90 MONPA,5,4,1
20,JHARKHAND,090003,Monpa,5,4,1
20,JHARKHAND,091000,91 MUNDA,23907,22089,1818
20,JHARKHAND,091006,Kol,15290,14861,429
20,JHARKHAND,091009,Munda,2435,1548,887
20,JHARKHAND,091999,91 Others,6182,5680,502
20,JHARKHAND,092000,92 MUNDARI,942108,867023,75085
20,JHARKHAND,092005,Mundari,941965,866920,75045
20,JHARKHAND,092999,92 Others,143,103,40
20,JHARKHAND,093000,93 NICOBARESE,4,0,4
20,JHARKHAND,093001,Nicobarese,4,0,4
20,JHARKHAND,094000,94 NISSI/DAFLA,8,2,6
20,JHARKHAND,094001,Apatani,1,0,1
20,JHARKHAND,094008,Tagin,7,2,5
20,JHARKHAND,096000,96 PAITE,4,3,1
20,JHARKHAND,096002,Paite,4,3,1
20,JHARKHAND,102000,102 RABHA,3,0,3
20,JHARKHAND,102002,Rabha,3,0,3
20,JHARKHAND,103000,103 RAI,49,49,0
20,JHARKHAND,103003,Rai,49,49,0
20,JHARKHAND,105000,105 SANGTAM,2,1,1
20,JHARKHAND,105999,105 Others,2,1,1
20,JHARKHAND,106000,106 SAVARA,94,89,5
20,JHARKHAND,106004,Savara,94,89,5
20,JHARKHAND,107000,107 SEMA,2,2,0
20,JHARKHAND,107002,Sema,2,2,0
20,JHARKHAND,112000,112 TANGKHUL,2,0,2
20,JHARKHAND,112008,Tangkhul,2,0,2
20,JHARKHAND,113000,113 TANGSA,1,0,1
20,JHARKHAND,113999,113 Others,1,0,1
20,JHARKHAND,114000,114 THADO,3,2,1
20,JHARKHAND,114015,Thado,3,2,1
20,JHARKHAND,115000,115 TIBETAN,5,4,1
20,JHARKHAND,115008,Tibetan,2,1,1
20,JHARKHAND,115999,115 Others,3,3,0
20,JHARKHAND,116000,116 TRIPURI,29,14,15
20,JHARKHAND,116007,Kokbarak,19,7,12
20,JHARKHAND,116011,Reang,3,3,0
20,JHARKHAND,116014,Tripuri,6,3,3
20,JHARKHAND,116999,116 Others,1,1,0
20,JHARKHAND,117000,117 TULU,83,77,6
20,JHARKHAND,117009,Tulu,2,1,1
20,JHARKHAND,117999,117 Others,81,76,5
20,JHARKHAND,118000,118 VAIPHEI,1,0,1
20,JHARKHAND,118002,Vaiphei,1,0,1
20,JHARKHAND,120000,120 YIMCHUNGRE,1,0,1
20,JHARKHAND,120001,Chirr,1,0,1
20,JHARKHAND,123000,123 ZOU,2,0,2
20,JHARKHAND,123001,Zou,2,0,2
20,JHARKHAND,124000,124 OTHERS,24458,21190,3268
21,ODISHA,001000,1 ASSAMESE,1123,417,706
21,ODISHA,001002,Assamese,1119,416,703
21,ODISHA,001999,1 Others,4,1,3
21,ODISHA,002000,2 BENGALI,504570,361648,142922
21,ODISHA,002007,Bengali,504443,361534,142909
21,ODISHA,002011,Chakma,5,4,1
21,ODISHA,002015,Haijong/Hajong,1,1,0
21,ODISHA,002999,2 Others,121,109,12
21,ODISHA,003000,3 BODO,24,10,14
21,ODISHA,003001,Bodo/Boro,23,10,13
21,ODISHA,003003,Kachari,1,0,1
21,ODISHA,004000,4 DOGRI,353,205,148
21,ODISHA,004001,Dogri,353,205,148
21,ODISHA,005000,5 GUJARATI,14856,1957,12899
21,ODISHA,005018,Gujarati,14050,1529,12521
21,ODISHA,005052,Pattani,4,0,4
21,ODISHA,005054,Ponchi,16,16,0
21,ODISHA,005057,Saurashtra/Saurashtri,5,1,4
21,ODISHA,005999,5 Others,781,411,370
21,ODISHA,006000,6 HINDI,1239037,692414,546623
21,ODISHA,006030,Awadhi,16,12,4
21,ODISHA,006040,Baghati/Baghati Pahari,51,51,0
21,ODISHA,006042,Bagheli/Baghel Khandi,5,2,3
21,ODISHA,006066,Banjari,5530,5483,47
21,ODISHA,006086,Bhadrawahi,4,4,0
21,ODISHA,006096,Bharmauri/Gaddi,132,111,21
21,ODISHA,006102,Bhojpuri,21755,1993,19762
21,ODISHA,006123,Brajbhasha,26,12,14
21,ODISHA,006125,Bundeli/Bundel khandi,91,50,41
21,ODISHA,006142,Chhattisgarhi,126994,111701,15293
21,ODISHA,006173,Dhundhari,15,10,5
21,ODISHA,006195,Garhwali,887,793,94
21,ODISHA,006198,Gawari,13,13,0
21,ODISHA,006207,Gojri/Gujjari/Gujar,7,3,4
21,ODISHA,006235,Haryanvi,386,155,231
21,ODISHA,006240,Hindi,514769,115239,399530
21,ODISHA,006265,Jaunpuri/Jaunsari,2,1,1
21,ODISHA,006311,Khari Boli,17,16,1
21,ODISHA,006320,Khortha/Khotta,192,61,131
21,ODISHA,006336,Kulvi,1,1,0
21,ODISHA,006340,Kumauni,87,52,35
21,ODISHA,006345,Kurmali Thar,90052,88412,1640
21,ODISHA,006353,Lamani/Lambadi,12,10,2
21,ODISHA,006355,Laria,80911,78007,2904
21,ODISHA,006358,Lodhi,1,1,0
21,ODISHA,006376,Magadhi/Magahi,473,98,375
21,ODISHA,006391,Malvi,3,0,3
21,ODISHA,006400,Marwari,11277,1012,10265
21,ODISHA,006408,Mewari,1,0,1
21,ODISHA,006420,Nagpuria,621,464,157
21,ODISHA,006432,Nimadi,1,0,1
21,ODISHA,006439,Pahari,106,16,90
21,ODISHA,006449,Palmuha,4,0,4
21,ODISHA,006451,Panch Pargania,7,0,7
21,ODISHA,006476,Puran/Puran Bhasha,4281,4246,35
21,ODISHA,006489,Rajasthani,2491,361,2130
21,ODISHA,006503,Sadan/Sadri,346927,272771,74156
21,ODISHA,006548,Surjapuri,3,2,1
21,ODISHA,006999,6 Others,30886,11251,19635
21,ODISHA,007000,7 KANNADA,3673,2994,679
21,ODISHA,007016,Kannada,3639,2983,656
21,ODISHA,007027,Kuruba/Kurumba,5,1,4
21,ODISHA,007999,7 Others,29,10,19
21,ODISHA,008000,8 KASHMIRI,140,86,54
21,ODISHA,008005,Kashmiri,138,86,52
21,ODISHA,008010,Kishtwari,2,0,2
21,ODISHA,009000,9 KONKANI,7587,7452,135
21,ODISHA,009011,Konkani,52,13,39
21,ODISHA,009013,Kudubi/Kudumbi,7402,7317,85
21,ODISHA,009020,Nawait,72,72,0
21,ODISHA,009028,Gorboli/Goru/Gorwani,3,0,3
21,ODISHA,009999,9 Others,58,50,8
21,ODISHA,010000,10 MAITHILI,2438,372,2066
21,ODISHA,010008,Maithili,2401,358,2043
21,ODISHA,010013,Thati,31,13,18
21,ODISHA,010014,Tharu,6,1,5
21,ODISHA,011000,11 MALAYALAM,9004,3682,5322
21,ODISHA,011016,Malayalam,6523,1216,5307
21,ODISHA,011023,Pania,2,2,0
21,ODISHA,011999,11 Others,2479,2464,15
21,ODISHA,012000,12 MANIPURI,306,131,175
21,ODISHA,012003,Manipuri,306,131,175
21,ODISHA,013000,13 MARATHI,8617,4322,4295
21,ODISHA,013060,Koli,42,42,0
21,ODISHA,013071,Marathi,6311,2061,4250
21,ODISHA,013999,13 Others,2264,2219,45
21,ODISHA,014000,14 NEPALI,8654,2003,6651
21,ODISHA,014011,Nepali,8646,2002,6644
21,ODISHA,014999,14 Others,8,1,7
21,ODISHA,015000,15 ODIA,34712170,29278206,5433964
21,ODISHA,015006,Bhatri,107528,106001,1527
21,ODISHA,015007,Bhuiya/Bhuyan[Ori],31018,30576,442
21,ODISHA,015010,Bhumijali,34563,33072,1491
21,ODISHA,015014,Desia,225188,219555,5633
21,ODISHA,015043,Odia,31507158,26347330,5159828
21,ODISHA,015051,Proja (Ori),156354,149229,7125
21,ODISHA,015055,Relli,790,735,55
21,ODISHA,015058,Sambalpuri,2629495,2373678,255817
21,ODISHA,015999,15 Others,20076,18030,2046
21,ODISHA,016000,16 PUNJABI,19470,2005,17465
21,ODISHA,016002,Bagri,4,1,3
21,ODISHA,016038,Punjabi,19353,1908,17445
21,ODISHA,016999,16 Others,113,96,17
21,ODISHA,017000,17 SANSKRIT,534,306,228
21,ODISHA,017002,Sanskrit,431,271,160
21,ODISHA,017999,17 Others,103,35,68
21,ODISHA,018000,18 SANTALI,862590,809047,53543
21,ODISHA,018010,Karmali,6,0,6
21,ODISHA,018011,Mahili,920,864,56
21,ODISHA,018040,Santali,859947,806471,53476
21,ODISHA,018999,18 Others,1717,1712,5
21,ODISHA,019000,19 SINDHI,2338,127,2211
21,ODISHA,019008,Kachchhi,457,69,388
21,ODISHA,019014,Sindhi,1874,54,1820
21,ODISHA,019999,19 Others,7,4,3
21,ODISHA,020000,20 TAMIL,6155,1825,4330
21,ODISHA,020027,Tamil,6078,1755,4323
21,ODISHA,020029,Yerukala/Yerukula,30,25,5
21,ODISHA,020999,20 Others,47,45,2
21,ODISHA,021000,21 TELUGU,667693,356994,310699
21,ODISHA,021046,Telugu,666842,356196,310646
21,ODISHA,021999,21 Others,851,798,53
21,ODISHA,022000,22 URDU,670572,372590,297982
21,ODISHA,022015,Urdu,670409,372513,297896
21,ODISHA,022999,22 Others,163,77,86
21,ODISHA,023000,23 ADI,12,5,7
21,ODISHA,023003,Adi,1,1,0
21,ODISHA,023006,Adi Gallong/Gallong,1,1,0
21,ODISHA,023999,23 Others,10,3,7
21,ODISHA,024000,24 AFGHANI/KABULI/PASHTO,12,0,12
21,ODISHA,024001,Afghani/Kabuli/Pashto,12,0,12
21,ODISHA,026000,26 ANGAMI,4,1,3
21,ODISHA,026002,Angami,1,1,0
21,ODISHA,026999,26 Others,3,0,3
21,ODISHA,028000,28 ARABIC/ARBI,230,175,55
21,ODISHA,028001,Arabic/Arbi,230,175,55
21,ODISHA,030000,30 BHILI/BHILODI,1213,1108,105
21,ODISHA,030002,Baori,503,414,89
21,ODISHA,030007,Bhili/Bhilodi,2,1,1
21,ODISHA,030020,Gamti/Gavit,15,13,2
21,ODISHA,030035,Kokna/Kokni/Kukna,11,6,5
21,ODISHA,030066,Paradhi,145,144,1
21,ODISHA,030999,30 Others,537,530,7
21,ODISHA,032000,32 BHUMIJ,5912,5481,431
21,ODISHA,032002,Bhumij,620,355,265
21,ODISHA,032999,32 Others,5292,5126,166
21,ODISHA,036000,36 CHANG,32,31,1
21,ODISHA,036001,Chang,32,31,1
21,ODISHA,037000,37 COORGI/KODAGU,1341,1018,323
21,ODISHA,037001,Coorgi/Kodagu,1341,1018,323
21,ODISHA,039000,39 DIMASA,3,0,3
21,ODISHA,039999,39 Others,3,0,3
21,ODISHA,040000,40 ENGLISH,2154,1074,1080
21,ODISHA,040001,English,2154,1074,1080
21,ODISHA,041000,41 GADABA,33342,32148,1194
21,ODISHA,041001,Gadaba,33342,32148,1194
21,ODISHA,043000,43 GARO,3748,3522,226
21,ODISHA,043005,Garo,161,157,4
21,ODISHA,043999,43 Others,3587,3365,222
21,ODISHA,044000,44 GONDI,56517,55775,742
21,ODISHA,044007,Gondi,47699,47387,312
21,ODISHA,044013,Kalari,33,33,0
21,ODISHA,044017,Maria/ Muria,6,6,0
21,ODISHA,044999,44 Others,8779,8349,430
21,ODISHA,045000,45 HALABI,31767,30853,914
21,ODISHA,045001,Halabi,31762,30853,909
21,ODISHA,045999,45 Others,5,0,5
21,ODISHA,046000,46 HALAM,13,12,1
21,ODISHA,046003,Halam,12,11,1
21,ODISHA,046999,46 Others,1,1,0
21,ODISHA,047000,47 HMAR,1,1,0
21,ODISHA,047001,Hmar,1,1,0
21,ODISHA,048000,48 HO,411724,388273,23451
21,ODISHA,048004,Ho,411098,387665,23433
21,ODISHA,048007,Lohara,626,608,18
21,ODISHA,049000,49 JATAPU,81,81,0
21,ODISHA,049002,Jatapu,81,81,0
21,ODISHA,050000,50 JUANG,30377,30273,104
21,ODISHA,050001,Juang,30377,30273,104
21,ODISHA,051000,51 KABUI,7,1,6
21,ODISHA,051003,Kabui,3,0,3
21,ODISHA,051005,Rongmei,2,0,2
21,ODISHA,051999,51 Others,2,1,1
21,ODISHA,052000,52 KARBI/MIKIR,16,15,1
21,ODISHA,052002,Karbi/Mikir,16,15,1
21,ODISHA,053000,53 KHANDESHI,16,15,1
21,ODISHA,053002,Ahirani,3,2,1
21,ODISHA,053004,Dangi,3,3,0
21,ODISHA,053999,53 Others,10,10,0
21,ODISHA,054000,54 KHARIA,126872,116155,10717
21,ODISHA,054005,Kharia,123619,112907,10712
21,ODISHA,054999,54 Others,3253,3248,5
21,ODISHA,055000,55 KHASI,705,700,5
21,ODISHA,055007,Khasi,705,700,5
21,ODISHA,056000,56 KHEZHA,8,8,0
21,ODISHA,056003,Khezha,7,7,0
21,ODISHA,056999,56 Others,1,1,0
21,ODISHA,058000,58 KHOND/KONDH,114802,113220,1582
21,ODISHA,058001,Khond/Kondh,108351,106885,1466
21,ODISHA,058006,Kuvi,6451,6335,116
21,ODISHA,060000,60 KISAN,194716,178443,16273
21,ODISHA,060002,Kisan,194716,178443,16273
21,ODISHA,061000,61 KOCH,10,4,6
21,ODISHA,061002,Koch,6,0,6
21,ODISHA,061999,61 Others,4,4,0
21,ODISHA,062000,62 KODA/KORA,2104,1910,194
21,ODISHA,062003,Koda/Kora,2104,1910,194
21,ODISHA,064000,64 KOM,5,0,5
21,ODISHA,064001,Kom,5,0,5
21,ODISHA,065000,65 KONDA,2160,2152,8
21,ODISHA,065003,Konda,108,102,6
21,ODISHA,065999,65 Others,2052,2050,2
21,ODISHA,066000,66 KONYAK,3,3,0
21,ODISHA,066001,Konyak,3,3,0
21,ODISHA,068000,68 KORWA,478,370,108
21,ODISHA,068999,68 Others,478,370,108
21,ODISHA,069000,69 KOYA,143676,142909,767
21,ODISHA,069002,Koya,143676,142909,767
21,ODISHA,070000,70 KUI,939283,918122,21161
21,ODISHA,070001,Kui,939177,918016,21161
21,ODISHA,070999,70 Others,106,106,0
21,ODISHA,071000,71 KUKI,16,3,13
21,ODISHA,071008,Kuki,16,3,13
21,ODISHA,072000,72 KURUKH/ORAON,136031,120475,15556
21,ODISHA,072024,Kurukh/Oraon,135685,120139,15546
21,ODISHA,072999,72 Others,346,336,10
21,ODISHA,073000,73 LADAKHI,3114,2981,133
21,ODISHA,073003,Ladakhi,3114,2981,133
21,ODISHA,074000,74 LAHAULI,1,1,0
21,ODISHA,074002,Lahauli,1,1,0
21,ODISHA,075000,75 LAHNDA,103,1,102
21,ODISHA,075999,75 Others,103,1,102
21,ODISHA,076000,76 LAKHER,2,0,2
21,ODISHA,076002,Mara,2,0,2
21,ODISHA,081000,81 LOTHA,8,0,8
21,ODISHA,081001,Lotha,8,0,8
21,ODISHA,082000,82 LUSHAI/MIZO,14,1,13
21,ODISHA,082005,Lushai/Mizo,14,1,13
21,ODISHA,083000,83 MALTO,1355,1171,184
21,ODISHA,083002,Pahariya,129,129,0
21,ODISHA,083999,83 Others,1226,1042,184
21,ODISHA,085000,85 MARAM,1,0,1
21,ODISHA,085001,Maram,1,0,1
21,ODISHA,088000,88 MISHMI,2,1,1
21,ODISHA,088999,88 Others,2,1,1
21,ODISHA,089000,89 MOGH,15,1,14
21,ODISHA,089004,Mogh,15,1,14
21,ODISHA,090000,90 MONPA,1,0,1
21,ODISHA,090003,Monpa,1,0,1
21,ODISHA,091000,91 MUNDA,335830,299214,36616
21,ODISHA,091006,Kol,775,720,55
21,ODISHA,091009,Munda,329707,293806,35901
21,ODISHA,091999,91 Others,5348,4688,660
21,ODISHA,092000,92 MUNDARI,123488,116415,7073
21,ODISHA,092005,Mundari,123488,116415,7073
21,ODISHA,093000,93 NICOBARESE,1,0,1
21,ODISHA,093001,Nicobarese,1,0,1
21,ODISHA,094000,94 NISSI/DAFLA,2,1,1
21,ODISHA,094007,Nissi/Dafla,1,0,1
21,ODISHA,094008,Tagin,1,1,0
21,ODISHA,096000,96 PAITE,3,1,2
21,ODISHA,096002,Paite,3,1,2
21,ODISHA,097000,97 PARJI,584,584,0
21,ODISHA,097001,Dhurwa,584,584,0
21,ODISHA,101000,101 POCHURY,6,6,0
21,ODISHA,101006,Pochury,4,4,0
21,ODISHA,101999,101 Others,2,2,0
21,ODISHA,102000,102 RABHA,9,8,1
21,ODISHA,102002,Rabha,9,8,1
21,ODISHA,103000,103 RAI,1810,1714,96
21,ODISHA,103003,Rai,1810,1714,96
21,ODISHA,104000,104 RENGMA,1,0,1
21,ODISHA,104001,Rengma,1,0,1
21,ODISHA,106000,106 SAVARA,298655,295267,3388
21,ODISHA,106004,Savara,298655,295267,3388
21,ODISHA,109000,109 SHINA,1,0,1
21,ODISHA,109999,109 Others,1,0,1
21,ODISHA,111000,111 TAMANG,17,12,5
21,ODISHA,111001,Tamang,17,12,5
21,ODISHA,112000,112 TANGKHUL,3,0,3
21,ODISHA,112008,Tangkhul,3,0,3
21,ODISHA,114000,114 THADO,36,28,8
21,ODISHA,114015,Thado,36,28,8
21,ODISHA,115000,115 TIBETAN,553,533,20
21,ODISHA,115008,Tibetan,553,533,20
21,ODISHA,116000,116 TRIPURI,24,19,5
21,ODISHA,116007,Kokbarak,14,12,2
21,ODISHA,116014,Tripuri,5,2,3
21,ODISHA,116999,116 Others,5,5,0
21,ODISHA,117000,117 TULU,79,39,40
21,ODISHA,117009,Tulu,13,0,13
21,ODISHA,117999,117 Others,66,39,27
21,ODISHA,120000,120 YIMCHUNGRE,26,26,0
21,ODISHA,120004,Tikhir,26,26,0
21,ODISHA,124000,124 OTHERS,227179,209409,17770
22,CHHATTISGARH,001000,1 ASSAMESE,1595,1064,531
22,CHHATTISGARH,001002,Assamese,1582,1056,526
22,CHHATTISGARH,001999,1 Others,13,8,5
22,CHHATTISGARH,002000,2 BENGALI,243597,131322,112275
22,CHHATTISGARH,002007,Bengali,243570,131304,112266
22,CHHATTISGARH,002011,Chakma,7,4,3
22,CHHATTISGARH,002015,Haijong/Hajong,4,0,4
22,CHHATTISGARH,002044,Rajbangsi,1,1,0
22,CHHATTISGARH,002999,2 Others,15,13,2
22,CHHATTISGARH,003000,3 BODO,88,54,34
22,CHHATTISGARH,003001,Bodo/Boro,87,53,34
22,CHHATTISGARH,003004,Mech/Mechhia,1,1,0
22,CHHATTISGARH,004000,4 DOGRI,747,397,350
22,CHHATTISGARH,004001,Dogri,747,397,350
22,CHHATTISGARH,005000,5 GUJARATI,39116,4981,34135
22,CHHATTISGARH,005018,Gujarati,35574,2756,32818
22,CHHATTISGARH,005057,Saurashtra/Saurashtri,21,0,21
22,CHHATTISGARH,005999,5 Others,3521,2225,1296
22,CHHATTISGARH,006000,6 HINDI,21361927,16374316,4987611
22,CHHATTISGARH,006030,Awadhi,2884,911,1973
22,CHHATTISGARH,006040,Baghati/Baghati Pahari,10,5,5
22,CHHATTISGARH,006042,Bagheli/Baghel Khandi,38811,31224,7587
22,CHHATTISGARH,006066,Banjari,9409,8515,894
22,CHHATTISGARH,006086,Bhadrawahi,6,5,1
22,CHHATTISGARH,006089,Bhagoria,20772,20749,23
22,CHHATTISGARH,006096,Bharmauri/Gaddi,47,14,33
22,CHHATTISGARH,006102,Bhojpuri,198710,107333,91377
22,CHHATTISGARH,006123,Brajbhasha,964,473,491
22,CHHATTISGARH,006125,Bundeli/Bundel khandi,6081,1695,4386
22,CHHATTISGARH,006133,Chambeali/Chamrali,1,0,1
22,CHHATTISGARH,006142,Chhattisgarhi,15812522,13160536,2651986
22,CHHATTISGARH,006149,Churahi,1,0,1
22,CHHATTISGARH,006173,Dhundhari,45,0,45
22,CHHATTISGARH,006195,Garhwali,566,145,421
22,CHHATTISGARH,006198,Gawari,10,9,1
22,CHHATTISGARH,006207,Gojri/Gujjari/Gujar,12,6,6
22,CHHATTISGARH,006231,Handuri,1,1,0
22,CHHATTISGARH,006232,Hara/Harauti,18,3,15
22,CHHATTISGARH,006235,Haryanvi,5184,1453,3731
22,CHHATTISGARH,006240,Hindi,2710116,670302,2039814
22,CHHATTISGARH,006265,Jaunpuri/Jaunsari,17,2,15
22,CHHATTISGARH,006291,Kangri,2,0,2
22,CHHATTISGARH,006311,Khari Boli,890,538,352
22,CHHATTISGARH,006320,Khortha/Khotta,431,94,337
22,CHHATTISGARH,006340,Kumauni,296,97,199
22,CHHATTISGARH,006345,Kurmali Thar,9,4,5
22,CHHATTISGARH,006353,Lamani/Lambadi,7,7,0
22,CHHATTISGARH,006355,Laria,8933,8877,56
22,CHHATTISGARH,006358,Lodhi,91,9,82
22,CHHATTISGARH,006376,Magadhi/Magahi,4560,1406,3154
22,CHHATTISGARH,006391,Malvi,155,21,134
22,CHHATTISGARH,006394,Mandeali,15,4,11
22,CHHATTISGARH,006400,Marwari,30920,4000,26920
22,CHHATTISGARH,006408,Mewari,29,1,28
22,CHHATTISGARH,006409,Mewati,3,2,1
22,CHHATTISGARH,006420,Nagpuria,73,33,40
22,CHHATTISGARH,006432,Nimadi,189,50,139
22,CHHATTISGARH,006438,Padari,4,0,4
22,CHHATTISGARH,006439,Pahari,828,590,238
22,CHHATTISGARH,006449,Palmuha,908,828,80
22,CHHATTISGARH,006451,Panch Pargania,9,1,8
22,CHHATTISGARH,006452,Pando/Pandwani,14991,14622,369
22,CHHATTISGARH,006466,Pawari/Powari,637,40,597
22,CHHATTISGARH,006489,Rajasthani,6840,2237,4603
22,CHHATTISGARH,006503,Sadan/Sadri,647154,617643,29511
22,CHHATTISGARH,006547,Surgujia,1737224,1640825,96399
22,CHHATTISGARH,006548,Surjapuri,13,13,0
22,CHHATTISGARH,006999,6 Others,100529,78993,21536
22,CHHATTISGARH,007000,7 KANNADA,2028,425,1603
22,CHHATTISGARH,007002,Badaga,3,0,3
22,CHHATTISGARH,007016,Kannada,1692,422,1270
22,CHHATTISGARH,007041,Prakritha/Prakritha Bhasha,325,1,324
22,CHHATTISGARH,007999,7 Others,8,2,6
22,CHHATTISGARH,008000,8 KASHMIRI,171,81,90
22,CHHATTISGARH,008005,Kashmiri,165,79,86
22,CHHATTISGARH,008010,Kishtwari,4,0,4
22,CHHATTISGARH,008018,Siraji,2,2,0
22,CHHATTISGARH,009000,9 KONKANI,173,28,145
22,CHHATTISGARH,009011,Konkani,123,13,110
22,CHHATTISGARH,009013,Kudubi/Kudumbi,6,6,0
22,CHHATTISGARH,009016,Malwani,36,7,29
22,CHHATTISGARH,009020,Nawait,1,0,1
22,CHHATTISGARH,009028,Gorboli/Goru/Gorwani,6,1,5
22,CHHATTISGARH,009999,9 Others,1,1,0
22,CHHATTISGARH,010000,10 MAITHILI,9094,1055,8039
22,CHHATTISGARH,010008,Maithili,8608,946,7662
22,CHHATTISGARH,010011,Purbi Maithili,34,0,34
22,CHHATTISGARH,010013,Thati,452,109,343
22,CHHATTISGARH,011000,11 MALAYALAM,23370,1515,21855
22,CHHATTISGARH,011016,Malayalam,23365,1510,21855
22,CHHATTISGARH,011999,11 Others,5,5,0
22,CHHATTISGARH,012000,12 MANIPURI,202,118,84
22,CHHATTISGARH,012003,Manipuri,202,118,84
22,CHHATTISGARH,013000,13 MARATHI,144035,39635,104400
22,CHHATTISGARH,013071,Marathi,132143,27815,104328
22,CHHATTISGARH,013999,13 Others,11892,11820,72
22,CHHATTISGARH,014000,14 NEPALI,3431,529,2902
22,CHHATTISGARH,014011,Nepali,3429,527,2902
22,CHHATTISGARH,014999,14 Others,2,2,0
22,CHHATTISGARH,015000,15 ODIA,913581,730811,182770
22,CHHATTISGARH,015006,Bhatri,226194,214592,11602
22,CHHATTISGARH,015007,Bhuiya/Bhuyan[Ori],2,2,0
22,CHHATTISGARH,015014,Desia,82,1,81
22,CHHATTISGARH,015043,Odia,684658,513997,170661
22,CHHATTISGARH,015055,Relli,9,0,9
22,CHHATTISGARH,015058,Sambalpuri,31,15,16
22,CHHATTISGARH,015999,15 Others,2605,2204,401
22,CHHATTISGARH,016000,16 PUNJABI,65425,3310,62115
22,CHHATTISGARH,016002,Bagri,23,19,4
22,CHHATTISGARH,016038,Punjabi,65230,3152,62078
22,CHHATTISGARH,016999,16 Others,172,139,33
22,CHHATTISGARH,017000,17 SANSKRIT,290,92,198
22,CHHATTISGARH,017002,Sanskrit,290,92,198
22,CHHATTISGARH,018000,18 SANTALI,17862,16226,1636
22,CHHATTISGARH,018010,Karmali,17,0,17
22,CHHATTISGARH,018011,Mahili,4,1,3
22,CHHATTISGARH,018040,Santali,17819,16223,1596
22,CHHATTISGARH,018999,18 Others,22,2,20
22,CHHATTISGARH,019000,19 SINDHI,93424,1319,92105
22,CHHATTISGARH,019002,Bhatia,1,1,0
22,CHHATTISGARH,019008,Kachchhi,1421,203,1218
22,CHHATTISGARH,019014,Sindhi,92001,1114,90887
22,CHHATTISGARH,019999,19 Others,1,1,0
22,CHHATTISGARH,020000,20 TAMIL,10334,1292,9042
22,CHHATTISGARH,020009,Kaikadi,22,10,12
22,CHHATTISGARH,020015,Korava,27,20,7
22,CHHATTISGARH,020027,Tamil,10284,1261,9023
22,CHHATTISGARH,020999,20 Others,1,1,0
22,CHHATTISGARH,021000,21 TELUGU,152100,50232,101868
22,CHHATTISGARH,021046,Telugu,152044,50223,101821
22,CHHATTISGARH,021999,21 Others,56,9,47
22,CHHATTISGARH,022000,22 URDU,79962,10593,69369
22,CHHATTISGARH,022015,Urdu,79866,10580,69286
22,CHHATTISGARH,022999,22 Others,96,13,83
22,CHHATTISGARH,023000,23 ADI,9,8,1
22,CHHATTISGARH,023003,Adi,6,6,0
22,CHHATTISGARH,023999,23 Others,3,2,1
22,CHHATTISGARH,024000,24 AFGHANI/KABULI/PASHTO,103,0,103
22,CHHATTISGARH,024001,Afghani/Kabuli/Pashto,103,0,103
22,CHHATTISGARH,026000,26 ANGAMI,5,0,5
22,CHHATTISGARH,026002,Angami,2,0,2
22,CHHATTISGARH,026999,26 Others,3,0,3
22,CHHATTISGARH,027000,27 AO,16,0,16
22,CHHATTISGARH,027001,Ao,16,0,16
22,CHHATTISGARH,028000,28 ARABIC/ARBI,397,58,339
22,CHHATTISGARH,028001,Arabic/Arbi,397,58,339
22,CHHATTISGARH,030000,30 BHILI/BHILODI,936,864,72
22,CHHATTISGARH,030002,Baori,43,42,1
22,CHHATTISGARH,030003,Barel,9,9,0
22,CHHATTISGARH,030006,Bhilali,1,0,1
22,CHHATTISGARH,030007,Bhili/Bhilodi,1,0,1
22,CHHATTISGARH,030020,Gamti/Gavit,8,0,8
22,CHHATTISGARH,030035,Kokna/Kokni/Kukna,47,6,41
22,CHHATTISGARH,030066,Paradhi,548,541,7
22,CHHATTISGARH,030068,Pawri,2,0,2
22,CHHATTISGARH,030070,Rathi,1,1,0
22,CHHATTISGARH,030076,Vasava,3,2,1
22,CHHATTISGARH,030999,30 Others,273,263,10
22,CHHATTISGARH,031000,31 BHOTIA,19,4,15
22,CHHATTISGARH,031001,Bhotia,12,1,11
22,CHHATTISGARH,031999,31 Others,7,3,4
22,CHHATTISGARH,032000,32 BHUMIJ,10,0,10
22,CHHATTISGARH,032999,32 Others,10,0,10
22,CHHATTISGARH,034000,34 CHAKHESANG,1,1,0
22,CHHATTISGARH,034001,Chakhesang,1,1,0
22,CHHATTISGARH,036000,36 CHANG,49,49,0
22,CHHATTISGARH,036001,Chang,49,49,0
22,CHHATTISGARH,037000,37 COORGI/KODAGU,198,198,0
22,CHHATTISGARH,037001,Coorgi/Kodagu,198,198,0
22,CHHATTISGARH,039000,39 DIMASA,11,1,10
22,CHHATTISGARH,039002,Dimasa,9,0,9
22,CHHATTISGARH,039999,39 Others,2,1,1
22,CHHATTISGARH,040000,40 ENGLISH,1398,131,1267
22,CHHATTISGARH,040001,English,1398,131,1267
22,CHHATTISGARH,043000,43 GARO,12,4,8
22,CHHATTISGARH,043005,Garo,10,4,6
22,CHHATTISGARH,043999,43 Others,2,0,2
22,CHHATTISGARH,044000,44 GONDI,1071400,1032159,39241
22,CHHATTISGARH,044002,Dorli,47626,44762,2864
22,CHHATTISGARH,044007,Gondi,1009692,973728,35964
22,CHHATTISGARH,044013,Kalari,26,22,4
22,CHHATTISGARH,044017,Maria/ Muria,13390,13020,370
22,CHHATTISGARH,044999,44 Others,666,627,39
22,CHHATTISGARH,045000,45 HALABI,706304,650080,56224
22,CHHATTISGARH,045001,Halabi,706281,650057,56224
22,CHHATTISGARH,045999,45 Others,23,23,0
22,CHHATTISGARH,046000,46 HALAM,2,0,2
22,CHHATTISGARH,046003,Halam,2,0,2
22,CHHATTISGARH,047000,47 HMAR,1,0,1
22,CHHATTISGARH,047001,Hmar,1,0,1
22,CHHATTISGARH,048000,48 HO,1408,164,1244
22,CHHATTISGARH,048004,Ho,1381,138,1243
22,CHHATTISGARH,048007,Lohara,27,26,1
22,CHHATTISGARH,051000,51 KABUI,6,0,6
22,CHHATTISGARH,051005,Rongmei,6,0,6
22,CHHATTISGARH,052000,52 KARBI/MIKIR,1,0,1
22,CHHATTISGARH,052002,Karbi/Mikir,1,0,1
22,CHHATTISGARH,053000,53 KHANDESHI,1173,602,571
22,CHHATTISGARH,053002,Ahirani,1168,599,569
22,CHHATTISGARH,053005,Gujari,5,3,2
22,CHHATTISGARH,054000,54 KHARIA,6492,5715,777
22,CHHATTISGARH,054005,Kharia,6492,5715,777
22,CHHATTISGARH,055000,55 KHASI,5,4,1
22,CHHATTISGARH,055007,Khasi,1,0,1
22,CHHATTISGARH,055009,Lyngngam,4,4,0
22,CHHATTISGARH,056000,56 KHEZHA,4,0,4
22,CHHATTISGARH,056003,Khezha,4,0,4
22,CHHATTISGARH,058000,58 KHOND/KONDH,1,1,0
22,CHHATTISGARH,058001,Khond/Kondh,1,1,0
22,CHHATTISGARH,059000,59 KINNAURI,5,0,5
22,CHHATTISGARH,059003,Kinnauri,5,0,5
22,CHHATTISGARH,060000,60 KISAN,8,1,7
22,CHHATTISGARH,060002,Kisan,8,1,7
22,CHHATTISGARH,061000,61 KOCH,1,0,1
22,CHHATTISGARH,061002,Koch,1,0,1
22,CHHATTISGARH,062000,62 KODA/KORA,15,2,13
22,CHHATTISGARH,062003,Koda/Kora,15,2,13
22,CHHATTISGARH,065000,65 KONDA,18,15,3
22,CHHATTISGARH,065002,Kodu,2,0,2
22,CHHATTISGARH,065003,Konda,16,15,1
22,CHHATTISGARH,067000,67 KORKU,317,303,14
22,CHHATTISGARH,067001,Korku,316,303,13
22,CHHATTISGARH,067999,67 Others,1,0,1
22,CHHATTISGARH,068000,68 KORWA,19212,18792,420
22,CHHATTISGARH,068003,Koraku,14217,13837,380
22,CHHATTISGARH,068999,68 Others,4995,4955,40
22,CHHATTISGARH,069000,69 KOYA,740,731,9
22,CHHATTISGARH,069002,Koya,740,731,9
22,CHHATTISGARH,071000,71 KUKI,7,6,1
22,CHHATTISGARH,071008,Kuki,6,5,1
22,CHHATTISGARH,071999,71 Others,1,1,0
22,CHHATTISGARH,072000,72 KURUKH/ORAON,516778,476631,40147
22,CHHATTISGARH,072024,Kurukh/Oraon,516757,476619,40138
22,CHHATTISGARH,072999,72 Others,21,12,9
22,CHHATTISGARH,073000,73 LADAKHI,15,9,6
22,CHHATTISGARH,073003,Ladakhi,15,9,6
22,CHHATTISGARH,075000,75 LAHNDA,944,933,11
22,CHHATTISGARH,075006,Hindi Multani,938,932,6
22,CHHATTISGARH,075999,75 Others,6,1,5
22,CHHATTISGARH,076000,76 LAKHER,7,7,0
22,CHHATTISGARH,076999,76 Others,7,7,0
22,CHHATTISGARH,080000,80 LIMBU,2,2,0
22,CHHATTISGARH,080999,80 Others,2,2,0
22,CHHATTISGARH,082000,82 LUSHAI/MIZO,24,8,16
22,CHHATTISGARH,082005,Lushai/Mizo,24,8,16
22,CHHATTISGARH,083000,83 MALTO,198,198,0
22,CHHATTISGARH,083002,Pahariya,198,198,0
22,CHHATTISGARH,084000,84 MAO,2,2,0
22,CHHATTISGARH,084001,Mao,2,2,0
22,CHHATTISGARH,086000,86 MARING,2,0,2
22,CHHATTISGARH,086001,Maring,2,0,2
22,CHHATTISGARH,087000,87 MIRI/MISHING,1,0,1
22,CHHATTISGARH,087003,Miri/Mishing,1,0,1
22,CHHATTISGARH,089000,89 MOGH,1,0,1
22,CHHATTISGARH,089004,Mogh,1,0,1
22,CHHATTISGARH,091000,91 MUNDA,3105,1824,1281
22,CHHATTISGARH,091006,Kol,63,0,63
22,CHHATTISGARH,091009,Munda,1694,513,1181
22,CHHATTISGARH,091999,91 Others,1348,1311,37
22,CHHATTISGARH,092000,92 MUNDARI,537,285,252
22,CHHATTISGARH,092005,Mundari,537,285,252
22,CHHATTISGARH,094000,94 NISSI/DAFLA,9,1,8
22,CHHATTISGARH,094001,Apatani,2,0,2
22,CHHATTISGARH,094007,Nissi/Dafla,4,1,3
22,CHHATTISGARH,094008,Tagin,3,0,3
22,CHHATTISGARH,095000,95 NOCTE,1,1,0
22,CHHATTISGARH,095003,Nocte,1,1,0
22,CHHATTISGARH,096000,96 PAITE,5,2,3
22,CHHATTISGARH,096002,Paite,5,2,3
22,CHHATTISGARH,097000,97 PARJI,45344,44874,470
22,CHHATTISGARH,097001,Dhurwa,45325,44855,470
22,CHHATTISGARH,097999,97 Others,19,19,0
22,CHHATTISGARH,102000,102 RABHA,1,1,0
22,CHHATTISGARH,102002,Rabha,1,1,0
22,CHHATTISGARH,106000,106 SAVARA,5,5,0
22,CHHATTISGARH,106004,Savara,5,5,0
22,CHHATTISGARH,107000,107 SEMA,1,0,1
22,CHHATTISGARH,107002,Sema,1,0,1
22,CHHATTISGARH,112000,112 TANGKHUL,3,3,0
22,CHHATTISGARH,112008,Tangkhul,3,3,0
22,CHHATTISGARH,114000,114 THADO,1,0,1
22,CHHATTISGARH,114015,Thado,1,0,1
22,CHHATTISGARH,115000,115 TIBETAN,961,961,0
22,CHHATTISGARH,115008,Tibetan,961,961,0
22,CHHATTISGARH,116000,116 TRIPURI,23,8,15
22,CHHATTISGARH,116007,Kokbarak,11,5,6
22,CHHATTISGARH,116011,Reang,4,0,4
22,CHHATTISGARH,116014,Tripuri,8,3,5
22,CHHATTISGARH,117000,117 TULU,32,11,21
22,CHHATTISGARH,117009,Tulu,21,1,20
22,CHHATTISGARH,117999,117 Others,11,10,1
22,CHHATTISGARH,118000,118 VAIPHEI,1,0,1
22,CHHATTISGARH,118002,Vaiphei,1,0,1
22,CHHATTISGARH,121000,121 ZELIANG,6,2,4
22,CHHATTISGARH,121001,Zeliang,6,2,4
22,CHHATTISGARH,124000,124 OTHERS,4353,2905,1448
23,MADHYA PRADESH,001000,1 ASSAMESE,1870,116,1754
23,MADHYA PRADESH,001002,Assamese,1816,115,1701
23,MADHYA PRADESH,001999,1 Others,54,1,53
23,MADHYA PRADESH,002000,2 BENGALI,109185,44874,64311
23,MADHYA PRADESH,002007,Bengali,108215,43933,64282
23,MADHYA PRADESH,002011,Chakma,6,1,5
23,MADHYA PRADESH,002999,2 Others,964,940,24
23,MADHYA PRADESH,003000,3 BODO,87,16,71
23,MADHYA PRADESH,003001,Bodo/Boro,70,1,69
23,MADHYA PRADESH,003003,Kachari,2,0,2
23,MADHYA PRADESH,003999,3 Others,15,15,0
23,MADHYA PRADESH,004000,4 DOGRI,835,63,772
23,MADHYA PRADESH,004001,Dogri,835,63,772
23,MADHYA PRADESH,005000,5 GUJARATI,187211,77751,109460
23,MADHYA PRADESH,005018,Gujarati,163891,57339,106552
23,MADHYA PRADESH,005019,Gujrao/Gujrau,3,1,2
23,MADHYA PRADESH,005052,Pattani,5328,5259,69
23,MADHYA PRADESH,005057,Saurashtra/Saurashtri,9,0,9
23,MADHYA PRADESH,005999,5 Others,17980,15152,2828
23,MADHYA PRADESH,006000,6 HINDI,64324963,46244040,18080923
23,MADHYA PRADESH,006030,Awadhi,2259,1034,1225
23,MADHYA PRADESH,006040,Baghati/Baghati Pahari,29,17,12
23,MADHYA PRADESH,006042,Bagheli/Baghel Khandi,2634542,2318888,315654
23,MADHYA PRADESH,006066,Banjari,157570,151648,5922
23,MADHYA PRADESH,006086,Bhadrawahi,39,24,15
23,MADHYA PRADESH,006089,Bhagoria,12,0,12
23,MADHYA PRADESH,006096,Bharmauri/Gaddi,1013,940,73
23,MADHYA PRADESH,006102,Bhojpuri,39188,8182,31006
23,MADHYA PRADESH,006123,Brajbhasha,9750,4180,5570
23,MADHYA PRADESH,006125,Bundeli/Bundel khandi,4300436,3503519,796917
23,MADHYA PRADESH,006133,Chambeali/Chamrali,35,23,12
23,MADHYA PRADESH,006142,Chhattisgarhi,107108,93374,13734
23,MADHYA PRADESH,006173,Dhundhari,136,36,100
23,MADHYA PRADESH,006195,Garhwali,4859,2846,2013
23,MADHYA PRADESH,006198,Gawari,657,627,30
23,MADHYA PRADESH,006207,Gojri/Gujjari/Gujar,5977,5610,367
23,MADHYA PRADESH,006231,Handuri,12746,9079,3667
23,MADHYA PRADESH,006232,Hara/Harauti,42,39,3
23,MADHYA PRADESH,006235,Haryanvi,3251,1331,1920
23,MADHYA PRADESH,006240,Hindi,49353587,33235355,16118232
23,MADHYA PRADESH,006265,Jaunpuri/Jaunsari,8,2,6
23,MADHYA PRADESH,006291,Kangri,46,0,46
23,MADHYA PRADESH,006311,Khari Boli,15025,14341,684
23,MADHYA PRADESH,006320,Khortha/Khotta,144,105,39
23,MADHYA PRADESH,006336,Kulvi,1,0,1
23,MADHYA PRADESH,006340,Kumauni,1133,67,1066
23,MADHYA PRADESH,006353,Lamani/Lambadi,7078,6913,165
23,MADHYA PRADESH,006358,Lodhi,88962,86539,2423
23,MADHYA PRADESH,006376,Magadhi/Magahi,724,37,687
23,MADHYA PRADESH,006391,Malvi,4680239,4187395,492844
23,MADHYA PRADESH,006394,Mandeali,43,30,13
23,MADHYA PRADESH,006400,Marwari,38617,22961,15656
23,MADHYA PRADESH,006408,Mewari,30630,29395,1235
23,MADHYA PRADESH,006409,Mewati,806,568,238
23,MADHYA PRADESH,006420,Nagpuria,51,13,38
23,MADHYA PRADESH,006432,Nimadi,2293841,2061725,232116
23,MADHYA PRADESH,006439,Pahari,1091,693,398
23,MADHYA PRADESH,006451,Panch Pargania,2,0,2
23,MADHYA PRADESH,006452,Pando/Pandwani,473,464,9
23,MADHYA PRADESH,006466,Pawari/Powari,225840,220489,5351
23,MADHYA PRADESH,006476,Puran/Puran Bhasha,3,3,0
23,MADHYA PRADESH,006489,Rajasthani,50645,32786,17859
23,MADHYA PRADESH,006503,Sadan/Sadri,756,455,301
23,MADHYA PRADESH,006530,Sirmauri,1,0,1
23,MADHYA PRADESH,006535,Sondwari,27480,27479,1
23,MADHYA PRADESH,006547,Surgujia,180,48,132
23,MADHYA PRADESH,006999,6 Others,227908,214780,13128
23,MADHYA PRADESH,007000,7 KANNADA,4175,1762,2413
23,MADHYA PRADESH,007002,Badaga,4,0,4
23,MADHYA PRADESH,007016,Kannada,1977,1279,698
23,MADHYA PRADESH,007041,Prakritha/Prakritha Bhasha,2023,348,1675
23,MADHYA PRADESH,007999,7 Others,171,135,36
23,MADHYA PRADESH,008000,8 KASHMIRI,1050,379,671
23,MADHYA PRADESH,008005,Kashmiri,711,42,669
23,MADHYA PRADESH,008018,Siraji,333,333,0
23,MADHYA PRADESH,008999,8 Others,6,4,2
23,MADHYA PRADESH,009000,9 KONKANI,814,182,632
23,MADHYA PRADESH,009011,Konkani,720,138,582
23,MADHYA PRADESH,009013,Kudubi/Kudumbi,1,1,0
23,MADHYA PRADESH,009016,Malwani,45,28,17
23,MADHYA PRADESH,009028,Gorboli/Goru/Gorwani,3,0,3
23,MADHYA PRADESH,009999,9 Others,45,15,30
23,MADHYA PRADESH,010000,10 MAITHILI,4129,953,3176
23,MADHYA PRADESH,010008,Maithili,3198,361,2837
23,MADHYA PRADESH,010011,Purbi Maithili,862,570,292
23,MADHYA PRADESH,010013,Thati,57,22,35
23,MADHYA PRADESH,010014,Tharu,12,0,12
23,MADHYA PRADESH,011000,11 MALAYALAM,37761,3162,34599
23,MADHYA PRADESH,011016,Malayalam,37481,3041,34440
23,MADHYA PRADESH,011999,11 Others,280,121,159
23,MADHYA PRADESH,012000,12 MANIPURI,1009,75,934
23,MADHYA PRADESH,012003,Manipuri,996,63,933
23,MADHYA PRADESH,012999,12 Others,13,12,1
23,MADHYA PRADESH,013000,13 MARATHI,1231285,755463,475822
23,MADHYA PRADESH,013060,Koli,2662,2528,134
23,MADHYA PRADESH,013071,Marathi,1210493,735370,475123
23,MADHYA PRADESH,013999,13 Others,18130,17565,565
23,MADHYA PRADESH,014000,14 NEPALI,8724,752,7972
23,MADHYA PRADESH,014011,Nepali,8684,722,7962
23,MADHYA PRADESH,014999,14 Others,40,30,10
23,MADHYA PRADESH,015000,15 ODIA,18765,5734,13031
23,MADHYA PRADESH,015006,Bhatri,8,7,1
23,MADHYA PRADESH,015007,Bhuiya/Bhuyan[Ori],28,24,4
23,MADHYA PRADESH,015043,Odia,18073,5084,12989
23,MADHYA PRADESH,015058,Sambalpuri,5,1,4
23,MADHYA PRADESH,015999,15 Others,651,618,33
23,MADHYA PRADESH,016000,16 PUNJABI,139658,42067,97591
23,MADHYA PRADESH,016002,Bagri,1161,837,324
23,MADHYA PRADESH,016038,Punjabi,137960,40701,97259
23,MADHYA PRADESH,016999,16 Others,537,529,8
23,MADHYA PRADESH,017000,17 SANSKRIT,1871,851,1020
23,MADHYA PRADESH,017002,Sanskrit,1871,851,1020
23,MADHYA PRADESH,018000,18 SANTALI,404,224,180
23,MADHYA PRADESH,018011,Mahili,12,0,12
23,MADHYA PRADESH,018040,Santali,306,147,159
23,MADHYA PRADESH,018999,18 Others,86,77,9
23,MADHYA PRADESH,019000,19 SINDHI,245161,3330,241831
23,MADHYA PRADESH,019002,Bhatia,22,15,7
23,MADHYA PRADESH,019008,Kachchhi,895,68,827
23,MADHYA PRADESH,019014,Sindhi,243783,2824,240959
23,MADHYA PRADESH,019999,19 Others,461,423,38
23,MADHYA PRADESH,020000,20 TAMIL,20544,2026,18518
23,MADHYA PRADESH,020009,Kaikadi,517,455,62
23,MADHYA PRADESH,020027,Tamil,19628,1313,18315
23,MADHYA PRADESH,020999,20 Others,399,258,141
23,MADHYA PRADESH,021000,21 TELUGU,24411,3927,20484
23,MADHYA PRADESH,021046,Telugu,24165,3735,20430
23,MADHYA PRADESH,021048,Vadari,29,13,16
23,MADHYA PRADESH,021999,21 Others,217,179,38
23,MADHYA PRADESH,022000,22 URDU,916608,153735,762873
23,MADHYA PRADESH,022015,Urdu,915292,153043,762249
23,MADHYA PRADESH,022016,Bhansari,5,0,5
23,MADHYA PRADESH,022999,22 Others,1311,692,619
23,MADHYA PRADESH,023000,23 ADI,426,355,71
23,MADHYA PRADESH,023003,Adi,283,239,44
23,MADHYA PRADESH,023040,Talgalo,19,5,14
23,MADHYA PRADESH,023999,23 Others,124,111,13
23,MADHYA PRADESH,024000,24 AFGHANI/KABULI/PASHTO,12,0,12
23,MADHYA PRADESH,024001,Afghani/Kabuli/Pashto,12,0,12
23,MADHYA PRADESH,025000,25 ANAL,13,0,13
23,MADHYA PRADESH,025001,Anal,12,0,12
23,MADHYA PRADESH,025999,25 Others,1,0,1
23,MADHYA PRADESH,026000,26 ANGAMI,27,4,23
23,MADHYA PRADESH,026002,Angami,23,4,19
23,MADHYA PRADESH,026999,26 Others,4,0,4
23,MADHYA PRADESH,027000,27 AO,16,0,16
23,MADHYA PRADESH,027001,Ao,16,0,16
23,MADHYA PRADESH,028000,28 ARABIC/ARBI,1188,290,898
23,MADHYA PRADESH,028001,Arabic/Arbi,1117,219,898
23,MADHYA PRADESH,028999,28 Others,71,71,0
23,MADHYA PRADESH,029000,29 BALTI,2,0,2
23,MADHYA PRADESH,029002,Balti,2,0,2
23,MADHYA PRADESH,030000,30 BHILI/BHILODI,3587810,3516097,71713
23,MADHYA PRADESH,030002,Baori,3,3,0
23,MADHYA PRADESH,030003,Barel,990249,975566,14683
23,MADHYA PRADESH,030006,Bhilali,751598,740973,10625
23,MADHYA PRADESH,030007,Bhili/Bhilodi,1815889,1770602,45287
23,MADHYA PRADESH,030015,Dhodia,1,0,1
23,MADHYA PRADESH,030035,Kokna/Kokni/Kukna,188,47,141
23,MADHYA PRADESH,030049,Mawchi,3,3,0
23,MADHYA PRADESH,030066,Paradhi,1271,1159,112
23,MADHYA PRADESH,030068,Pawri,429,411,18
23,MADHYA PRADESH,030070,Rathi,7324,7220,104
23,MADHYA PRADESH,030073,Tadavi,2066,2030,36
23,MADHYA PRADESH,030075,Varli,6,3,3
23,MADHYA PRADESH,030076,Vasava,2,2,0
23,MADHYA PRADESH,030078,Wagdi,87,28,59
23,MADHYA PRADESH,030999,30 Others,18694,18050,644
23,MADHYA PRADESH,031000,31 BHOTIA,57,32,25
23,MADHYA PRADESH,031001,Bhotia,13,0,13
23,MADHYA PRADESH,031999,31 Others,44,32,12
23,MADHYA PRADESH,032000,32 BHUMIJ,1,0,1
23,MADHYA PRADESH,032999,32 Others,1,0,1
23,MADHYA PRADESH,033000,33 BISHNUPURIYA,13,0,13
23,MADHYA PRADESH,033999,33 Others,13,0,13
23,MADHYA PRADESH,034000,34 CHAKHESANG,5,0,5
23,MADHYA PRADESH,034001,Chakhesang,5,0,5
23,MADHYA PRADESH,035000,35 CHAKRU/CHOKRI,5,5,0
23,MADHYA PRADESH,035001,Chakru/Chokri,5,5,0
23,MADHYA PRADESH,037000,37 COORGI/KODAGU,19,4,15
23,MADHYA PRADESH,037001,Coorgi/Kodagu,18,4,14
23,MADHYA PRADESH,037003,Kodava,1,0,1
23,MADHYA PRADESH,038000,38 DEORI,7,1,6
23,MADHYA PRADESH,038001,Deori,7,1,6
23,MADHYA PRADESH,039000,39 DIMASA,11,0,11
23,MADHYA PRADESH,039002,Dimasa,7,0,7
23,MADHYA PRADESH,039999,39 Others,4,0,4
23,MADHYA PRADESH,040000,40 ENGLISH,2381,463,1918
23,MADHYA PRADESH,040001,English,2381,463,1918
23,MADHYA PRADESH,041000,41 GADABA,1,1,0
23,MADHYA PRADESH,041001,Gadaba,1,1,0
23,MADHYA PRADESH,042000,42 GANGTE,8,0,8
23,MADHYA PRADESH,042001,Gangte,8,0,8
23,MADHYA PRADESH,043000,43 GARO,19,2,17
23,MADHYA PRADESH,043005,Garo,18,2,16
23,MADHYA PRADESH,043999,43 Others,1,0,1
23,MADHYA PRADESH,044000,44 GONDI,1164290,1136976,27314
23,MADHYA PRADESH,044007,Gondi,1139697,1113160,26537
23,MADHYA PRADESH,044013,Kalari,21856,21331,525
23,MADHYA PRADESH,044017,Maria/ Muria,24,14,10
23,MADHYA PRADESH,044999,44 Others,2713,2471,242
23,MADHYA PRADESH,045000,45 HALABI,1985,1848,137
23,MADHYA PRADESH,045001,Halabi,1262,1125,137
23,MADHYA PRADESH,045999,45 Others,723,723,0
23,MADHYA PRADESH,046000,46 HALAM,6,5,1
23,MADHYA PRADESH,046999,46 Others,6,5,1
23,MADHYA PRADESH,047000,47 HMAR,1,0,1
23,MADHYA PRADESH,047001,Hmar,1,0,1
23,MADHYA PRADESH,048000,48 HO,2579,2528,51
23,MADHYA PRADESH,048004,Ho,41,23,18
23,MADHYA PRADESH,048007,Lohara,2538,2505,33
23,MADHYA PRADESH,051000,51 KABUI,3,0,3
23,MADHYA PRADESH,051005,Rongmei,3,0,3
23,MADHYA PRADESH,052000,52 KARBI/MIKIR,4,0,4
23,MADHYA PRADESH,052002,Karbi/Mikir,4,0,4
23,MADHYA PRADESH,053000,53 KHANDESHI,37882,24807,13075
23,MADHYA PRADESH,053002,Ahirani,23807,13297,10510
23,MADHYA PRADESH,053005,Gujari,4532,4472,60
23,MADHYA PRADESH,053006,Khandeshi,5637,3225,2412
23,MADHYA PRADESH,053999,53 Others,3906,3813,93
23,MADHYA PRADESH,054000,54 KHARIA,142,86,56
23,MADHYA PRADESH,054005,Kharia,90,41,49
23,MADHYA PRADESH,054999,54 Others,52,45,7
23,MADHYA PRADESH,055000,55 KHASI,13,2,11
23,MADHYA PRADESH,055007,Khasi,13,2,11
23,MADHYA PRADESH,056000,56 KHEZHA,4,3,1
23,MADHYA PRADESH,056999,56 Others,4,3,1
23,MADHYA PRADESH,058000,58 KHOND/KONDH,11,10,1
23,MADHYA PRADESH,058001,Khond/Kondh,6,6,0
23,MADHYA PRADESH,058006,Kuvi,5,4,1
23,MADHYA PRADESH,059000,59 KINNAURI,8,0,8
23,MADHYA PRADESH,059003,Kinnauri,4,0,4
23,MADHYA PRADESH,059999,59 Others,4,0,4
23,MADHYA PRADESH,060000,60 KISAN,6,3,3
23,MADHYA PRADESH,060002,Kisan,6,3,3
23,MADHYA PRADESH,061000,61 KOCH,2,1,1
23,MADHYA PRADESH,061999,61 Others,2,1,1
23,MADHYA PRADESH,062000,62 KODA/KORA,2,2,0
23,MADHYA PRADESH,062003,Koda/Kora,2,2,0
23,MADHYA PRADESH,064000,64 KOM,5,0,5
23,MADHYA PRADESH,064001,Kom,5,0,5
23,MADHYA PRADESH,065000,65 KONDA,4,1,3
23,MADHYA PRADESH,065002,Kodu,1,0,1
23,MADHYA PRADESH,065003,Konda,2,0,2
23,MADHYA PRADESH,065999,65 Others,1,1,0
23,MADHYA PRADESH,067000,67 KORKU,470386,466695,3691
23,MADHYA PRADESH,067001,Korku,433018,429438,3580
23,MADHYA PRADESH,067004,Muwasi,35532,35431,101
23,MADHYA PRADESH,067999,67 Others,1836,1826,10
23,MADHYA PRADESH,068000,68 KORWA,2147,2023,124
23,MADHYA PRADESH,068003,Koraku,1321,1234,87
23,MADHYA PRADESH,068999,68 Others,826,789,37
23,MADHYA PRADESH,070000,70 KUI,93,93,0
23,MADHYA PRADESH,070001,Kui,93,93,0
23,MADHYA PRADESH,071000,71 KUKI,72,2,70
23,MADHYA PRADESH,071008,Kuki,66,2,64
23,MADHYA PRADESH,071999,71 Others,6,0,6
23,MADHYA PRADESH,072000,72 KURUKH/ORAON,4132,1092,3040
23,MADHYA PRADESH,072024,Kurukh/Oraon,2972,1033,1939
23,MADHYA PRADESH,072999,72 Others,1160,59,1101
23,MADHYA PRADESH,073000,73 LADAKHI,59,9,50
23,MADHYA PRADESH,073003,Ladakhi,59,9,50
23,MADHYA PRADESH,074000,74 LAHAULI,319,319,0
23,MADHYA PRADESH,074002,Lahauli,2,2,0
23,MADHYA PRADESH,074999,74 Others,317,317,0
23,MADHYA PRADESH,075000,75 LAHNDA,7738,6805,933
23,MADHYA PRADESH,075001,Bahawal Puri,283,0,283
23,MADHYA PRADESH,075006,Hindi Multani,7339,6728,611
23,MADHYA PRADESH,075999,75 Others,116,77,39
23,MADHYA PRADESH,076000,76 LAKHER,21,12,9
23,MADHYA PRADESH,076002,Mara,16,7,9
23,MADHYA PRADESH,076999,76 Others,5,5,0
23,MADHYA PRADESH,078000,78 LEPCHA,19,0,19
23,MADHYA PRADESH,078001,Lepcha,19,0,19
23,MADHYA PRADESH,079000,79 LIANGMEI,2,0,2
23,MADHYA PRADESH,079002,Liangmei,1,0,1
23,MADHYA PRADESH,079999,79 Others,1,0,1
23,MADHYA PRADESH,081000,81 LOTHA,14,1,13
23,MADHYA PRADESH,081001,Lotha,14,1,13
23,MADHYA PRADESH,082000,82 LUSHAI/MIZO,181,12,169
23,MADHYA PRADESH,082005,Lushai/Mizo,181,12,169
23,MADHYA PRADESH,083000,83 MALTO,196,196,0
23,MADHYA PRADESH,083002,Pahariya,196,196,0
23,MADHYA PRADESH,084000,84 MAO,7,0,7
23,MADHYA PRADESH,084001,Mao,7,0,7
23,MADHYA PRADESH,085000,85 MARAM,4,0,4
23,MADHYA PRADESH,085001,Maram,4,0,4
23,MADHYA PRADESH,086000,86 MARING,1,0,1
23,MADHYA PRADESH,086001,Maring,1,0,1
23,MADHYA PRADESH,088000,88 MISHMI,3,1,2
23,MADHYA PRADESH,088999,88 Others,3,1,2
23,MADHYA PRADESH,089000,89 MOGH,2,0,2
23,MADHYA PRADESH,089004,Mogh,2,0,2
23,MADHYA PRADESH,090000,90 MONPA,7,1,6
23,MADHYA PRADESH,090003,Monpa,7,1,6
23,MADHYA PRADESH,091000,91 MUNDA,258,113,145
23,MADHYA PRADESH,091006,Kol,93,70,23
23,MADHYA PRADESH,091009,Munda,146,35,111
23,MADHYA PRADESH,091999,91 Others,19,8,11
23,MADHYA PRADESH,092000,92 MUNDARI,424,19,405
23,MADHYA PRADESH,092005,Mundari,415,12,403
23,MADHYA PRADESH,092999,92 Others,9,7,2
23,MADHYA PRADESH,094000,94 NISSI/DAFLA,65,53,12
23,MADHYA PRADESH,094001,Apatani,20,16,4
23,MADHYA PRADESH,094007,Nissi/Dafla,15,11,4
23,MADHYA PRADESH,094008,Tagin,1,0,1
23,MADHYA PRADESH,094999,94 Others,29,26,3
23,MADHYA PRADESH,096000,96 PAITE,11,0,11
23,MADHYA PRADESH,096002,Paite,11,0,11
23,MADHYA PRADESH,101000,101 POCHURY,44,44,0
23,MADHYA PRADESH,101999,101 Others,44,44,0
23,MADHYA PRADESH,102000,102 RABHA,27,18,9
23,MADHYA PRADESH,102002,Rabha,27,18,9
23,MADHYA PRADESH,103000,103 RAI,3,1,2
23,MADHYA PRADESH,103003,Rai,3,1,2
23,MADHYA PRADESH,104000,104 RENGMA,1,0,1
23,MADHYA PRADESH,104001,Rengma,1,0,1
23,MADHYA PRADESH,105000,105 SANGTAM,6,0,6
23,MADHYA PRADESH,105004,Sangtam,6,0,6
23,MADHYA PRADESH,106000,106 SAVARA,5,1,4
23,MADHYA PRADESH,106004,Savara,4,1,3
23,MADHYA PRADESH,106999,106 Others,1,0,1
23,MADHYA PRADESH,107000,107 SEMA,23,0,23
23,MADHYA PRADESH,107002,Sema,23,0,23
23,MADHYA PRADESH,109000,109 SHINA,1,1,0
23,MADHYA PRADESH,109999,109 Others,1,1,0
23,MADHYA PRADESH,112000,112 TANGKHUL,7,2,5
23,MADHYA PRADESH,112008,Tangkhul,4,0,4
23,MADHYA PRADESH,112999,112 Others,3,2,1
23,MADHYA PRADESH,113000,113 TANGSA,5,2,3
23,MADHYA PRADESH,113999,113 Others,5,2,3
23,MADHYA PRADESH,114000,114 THADO,5,0,5
23,MADHYA PRADESH,114015,Thado,5,0,5
23,MADHYA PRADESH,115000,115 TIBETAN,71,65,6
23,MADHYA PRADESH,115008,Tibetan,65,65,0
23,MADHYA PRADESH,115999,115 Others,6,0,6
23,MADHYA PRADESH,116000,116 TRIPURI,26,3,23
23,MADHYA PRADESH,116007,Kokbarak,11,0,11
23,MADHYA PRADESH,116011,Reang,1,0,1
23,MADHYA PRADESH,116014,Tripuri,9,2,7
23,MADHYA PRADESH,116999,116 Others,5,1,4
23,MADHYA PRADESH,117000,117 TULU,92,20,72
23,MADHYA PRADESH,117009,Tulu,64,9,55
23,MADHYA PRADESH,117999,117 Others,28,11,17
23,MADHYA PRADESH,118000,118 VAIPHEI,8,0,8
23,MADHYA PRADESH,118002,Vaiphei,8,0,8
23,MADHYA PRADESH,119000,119 WANCHO,5,0,5
23,MADHYA PRADESH,119001,Wancho,5,0,5
23,MADHYA PRADESH,121000,121 ZELIANG,5,0,5
23,MADHYA PRADESH,121001,Zeliang,5,0,5
23,MADHYA PRADESH,122000,122 ZEMI,5,0,5
23,MADHYA PRADESH,122003,Zemi,5,0,5
23,MADHYA PRADESH,123000,123 ZOU,7,0,7
23,MADHYA PRADESH,123001,Zou,7,0,7
23,MADHYA PRADESH,124000,124 OTHERS,60814,54793,6021
24,GUJARAT,001000,1 ASSAMESE,3935,1000,2935
24,GUJARAT,001002,Assamese,3924,992,2932
24,GUJARAT,001999,1 Others,11,8,3
24,GUJARAT,002000,2 BENGALI,79648,9456,70192
24,GUJARAT,002007,Bengali,79626,9441,70185
24,GUJARAT,002015,Haijong/Hajong,3,1,2
24,GUJARAT,002999,2 Others,19,14,5
24,GUJARAT,003000,3 BODO,138,57,81
24,GUJARAT,003001,Bodo/Boro,126,57,69
24,GUJARAT,003003,Kachari,11,0,11
24,GUJARAT,003004,Mech/Mechhia,1,0,1
24,GUJARAT,004000,4 DOGRI,2026,111,1915
24,GUJARAT,004001,Dogri,2026,111,1915
24,GUJARAT,005000,5 GUJARATI,51958730,32460163,19498567
24,GUJARAT,005018,Gujarati,51937867,32457726,19480141
24,GUJARAT,005052,Pattani,91,1,90
24,GUJARAT,005057,Saurashtra/Saurashtri,90,9,81
24,GUJARAT,005999,5 Others,20682,2427,18255
24,GUJARAT,006000,6 HINDI,4264868,509321,3755547
24,GUJARAT,006030,Awadhi,1233,132,1101
24,GUJARAT,006040,Baghati/Baghati Pahari,74,7,67
24,GUJARAT,006042,Bagheli/Baghel Khandi,46,19,27
24,GUJARAT,006066,Banjari,4919,4018,901
24,GUJARAT,006086,Bhadrawahi,20,0,20
24,GUJARAT,006089,Bhagoria,25,25,0
24,GUJARAT,006096,Bharmauri/Gaddi,756,178,578
24,GUJARAT,006102,Bhojpuri,137956,17964,119992
24,GUJARAT,006123,Brajbhasha,163,7,156
24,GUJARAT,006125,Bundeli/Bundel khandi,472,325,147
24,GUJARAT,006142,Chhattisgarhi,1708,644,1064
24,GUJARAT,006149,Churahi,8,0,8
24,GUJARAT,006173,Dhundhari,63,9,54
24,GUJARAT,006195,Garhwali,591,64,527
24,GUJARAT,006198,Gawari,1,1,0
24,GUJARAT,006207,Gojri/Gujjari/Gujar,3496,3152,344
24,GUJARAT,006231,Handuri,11,5,6
24,GUJARAT,006235,Haryanvi,70150,68095,2055
24,GUJARAT,006240,Hindi,3670047,365251,3304796
24,GUJARAT,006265,Jaunpuri/Jaunsari,33,5,28
24,GUJARAT,006291,Kangri,7,0,7
24,GUJARAT,006311,Khari Boli,100,3,97
24,GUJARAT,006320,Khortha/Khotta,605,62,543
24,GUJARAT,006340,Kumauni,1284,53,1231
24,GUJARAT,006345,Kurmali Thar,11,3,8
24,GUJARAT,006353,Lamani/Lambadi,57,1,56
24,GUJARAT,006376,Magadhi/Magahi,511,104,407
24,GUJARAT,006391,Malvi,633,264,369
24,GUJARAT,006394,Mandeali,1,0,1
24,GUJARAT,006400,Marwari,272882,26286,246596
24,GUJARAT,006408,Mewari,833,111,722
24,GUJARAT,006409,Mewati,129,76,53
24,GUJARAT,006420,Nagpuria,153,31,122
24,GUJARAT,006432,Nimadi,1602,619,983
24,GUJARAT,006438,Padari,1,1,0
24,GUJARAT,006439,Pahari,670,143,527
24,GUJARAT,006451,Panch Pargania,1,0,1
24,GUJARAT,006466,Pawari/Powari,371,20,351
24,GUJARAT,006489,Rajasthani,69475,16028,53447
24,GUJARAT,006503,Sadan/Sadri,339,206,133
24,GUJARAT,006535,Sondwari,33,33,0
24,GUJARAT,006548,Surjapuri,106,37,69
24,GUJARAT,006999,6 Others,23292,5339,17953
24,GUJARAT,007000,7 KANNADA,18033,1931,16102
24,GUJARAT,007002,Badaga,1,1,0
24,GUJARAT,007016,Kannada,16713,1333,15380
24,GUJARAT,007041,Prakritha/Prakritha Bhasha,233,15,218
24,GUJARAT,007999,7 Others,1086,582,504
24,GUJARAT,008000,8 KASHMIRI,1111,59,1052
24,GUJARAT,008005,Kashmiri,1101,54,1047
24,GUJARAT,008010,Kishtwari,5,0,5
24,GUJARAT,008999,8 Others,5,5,0
24,GUJARAT,009000,9 KONKANI,5092,3408,1684
24,GUJARAT,009011,Konkani,4848,3389,1459
24,GUJARAT,009016,Malwani,2,1,1
24,GUJARAT,009999,9 Others,242,18,224
24,GUJARAT,010000,10 MAITHILI,10864,1359,9505
24,GUJARAT,010008,Maithili,10552,1221,9331
24,GUJARAT,010011,Purbi Maithili,5,0,5
24,GUJARAT,010013,Thati,170,10,160
24,GUJARAT,010014,Tharu,137,128,9
24,GUJARAT,011000,11 MALAYALAM,64998,3965,61033
24,GUJARAT,011016,Malayalam,64969,3965,61004
24,GUJARAT,011999,11 Others,29,0,29
24,GUJARAT,012000,12 MANIPURI,408,56,352
24,GUJARAT,012003,Manipuri,405,56,349
24,GUJARAT,012999,12 Others,3,0,3
24,GUJARAT,013000,13 MARATHI,920345,62543,857802
24,GUJARAT,013060,Koli,282,248,34
24,GUJARAT,013071,Marathi,915771,59160,856611
24,GUJARAT,013999,13 Others,4292,3135,1157
24,GUJARAT,014000,14 NEPALI,25142,3086,22056
24,GUJARAT,014011,Nepali,25138,3082,22056
24,GUJARAT,014999,14 Others,4,4,0
24,GUJARAT,015000,15 ODIA,183549,13402,170147
24,GUJARAT,015006,Bhatri,1,1,0
24,GUJARAT,015007,Bhuiya/Bhuyan[Ori],1,0,1
24,GUJARAT,015043,Odia,183299,13181,170118
24,GUJARAT,015058,Sambalpuri,3,0,3
24,GUJARAT,015999,15 Others,245,220,25
24,GUJARAT,016000,16 PUNJABI,63288,7897,55391
24,GUJARAT,016002,Bagri,6,5,1
24,GUJARAT,016038,Punjabi,63265,7875,55390
24,GUJARAT,016999,16 Others,17,17,0
24,GUJARAT,017000,17 SANSKRIT,720,40,680
24,GUJARAT,017002,Sanskrit,720,40,680
24,GUJARAT,018000,18 SANTALI,297,29,268
24,GUJARAT,018011,Mahili,18,1,17
24,GUJARAT,018040,Santali,279,28,251
24,GUJARAT,019000,19 SINDHI,1184024,592230,591794
24,GUJARAT,019008,Kachchhi,861976,576144,285832
24,GUJARAT,019014,Sindhi,321031,16071,304960
24,GUJARAT,019999,19 Others,1017,15,1002
24,GUJARAT,020000,20 TAMIL,40072,2479,37593
24,GUJARAT,020009,Kaikadi,271,0,271
24,GUJARAT,020015,Korava,3,1,2
24,GUJARAT,020027,Tamil,39763,2449,37314
24,GUJARAT,020999,20 Others,35,29,6
24,GUJARAT,021000,21 TELUGU,73568,3978,69590
24,GUJARAT,021046,Telugu,72305,3869,68436
24,GUJARAT,021048,Vadari,438,36,402
24,GUJARAT,021999,21 Others,825,73,752
24,GUJARAT,022000,22 URDU,479206,18695,460511
24,GUJARAT,022015,Urdu,478952,18609,460343
24,GUJARAT,022016,Bhansari,108,5,103
24,GUJARAT,022999,22 Others,146,81,65
24,GUJARAT,023000,23 ADI,48,12,36
24,GUJARAT,023003,Adi,3,3,0
24,GUJARAT,023006,Adi Gallong/Gallong,16,9,7
24,GUJARAT,023999,23 Others,29,0,29
24,GUJARAT,024000,24 AFGHANI/KABULI/PASHTO,78,0,78
24,GUJARAT,024001,Afghani/Kabuli/Pashto,75,0,75
24,GUJARAT,024999,24 Others,3,0,3
24,GUJARAT,025000,25 ANAL,3,0,3
24,GUJARAT,025001,Anal,3,0,3
24,GUJARAT,026000,26 ANGAMI,14,0,14
24,GUJARAT,026002,Angami,12,0,12
24,GUJARAT,026999,26 Others,2,0,2
24,GUJARAT,027000,27 AO,2,0,2
24,GUJARAT,027001,Ao,2,0,2
24,GUJARAT,028000,28 ARABIC/ARBI,324,48,276
24,GUJARAT,028001,Arabic/Arbi,324,48,276
24,GUJARAT,030000,30 BHILI/BHILODI,825942,798919,27023
24,GUJARAT,030002,Baori,318,19,299
24,GUJARAT,030006,Bhilali,230,230,0
24,GUJARAT,030007,Bhili/Bhilodi,135060,129237,5823
24,GUJARAT,030011,Chodhari,110324,109648,676
24,GUJARAT,030015,Dhodia,33346,32602,744
24,GUJARAT,030020,Gamti/Gavit,137246,132340,4906
24,GUJARAT,030021,Garasia,9408,6731,2677
24,GUJARAT,030035,Kokna/Kokni/Kukna,97752,92747,5005
24,GUJARAT,030049,Mawchi,1498,1457,41
24,GUJARAT,030066,Paradhi,68,0,68
24,GUJARAT,030068,Pawri,190,161,29
24,GUJARAT,030070,Rathi,739,698,41
24,GUJARAT,030073,Tadavi,3121,2905,216
24,GUJARAT,030075,Varli,101908,100801,1107
24,GUJARAT,030076,Vasava,177439,175124,2315
24,GUJARAT,030078,Wagdi,2943,1750,1193
24,GUJARAT,030999,30 Others,14352,12469,1883
24,GUJARAT,031000,31 BHOTIA,6,5,1
24,GUJARAT,031001,Bhotia,5,4,1
24,GUJARAT,031999,31 Others,1,1,0
24,GUJARAT,032000,32 BHUMIJ,9,6,3
24,GUJARAT,032002,Bhumij,6,6,0
24,GUJARAT,032999,32 Others,3,0,3
24,GUJARAT,033000,33 BISHNUPURIYA,14,0,14
24,GUJARAT,033999,33 Others,14,0,14
24,GUJARAT,037000,37 COORGI/KODAGU,33,19,14
24,GUJARAT,037001,Coorgi/Kodagu,33,19,14
24,GUJARAT,039000,39 DIMASA,3,1,2
24,GUJARAT,039002,Dimasa,1,0,1
24,GUJARAT,039999,39 Others,2,1,1
24,GUJARAT,040000,40 ENGLISH,4224,334,3890
24,GUJARAT,040001,English,4224,334,3890
24,GUJARAT,042000,42 GANGTE,1,0,1
24,GUJARAT,042001,Gangte,1,0,1
24,GUJARAT,043000,43 GARO,14,3,11
24,GUJARAT,043005,Garo,9,2,7
24,GUJARAT,043999,43 Others,5,1,4
24,GUJARAT,044000,44 GONDI,630,254,376
24,GUJARAT,044007,Gondi,356,5,351
24,GUJARAT,044999,44 Others,274,249,25
24,GUJARAT,045000,45 HALABI,1053,2,1051
24,GUJARAT,045001,Halabi,1053,2,1051
24,GUJARAT,046000,46 HALAM,1,0,1
24,GUJARAT,046999,46 Others,1,0,1
24,GUJARAT,047000,47 HMAR,2,0,2
24,GUJARAT,047001,Hmar,2,0,2
24,GUJARAT,048000,48 HO,86,56,30
24,GUJARAT,048004,Ho,18,18,0
24,GUJARAT,048007,Lohara,68,38,30
24,GUJARAT,052000,52 KARBI/MIKIR,1,0,1
24,GUJARAT,052002,Karbi/Mikir,1,0,1
24,GUJARAT,053000,53 KHANDESHI,153622,140864,12758
24,GUJARAT,053002,Ahirani,13248,7231,6017
24,GUJARAT,053004,Dangi,138179,133564,4615
24,GUJARAT,053005,Gujari,10,4,6
24,GUJARAT,053006,Khandeshi,2075,46,2029
24,GUJARAT,053999,53 Others,110,19,91
24,GUJARAT,054000,54 KHARIA,71,12,59
24,GUJARAT,054005,Kharia,54,12,42
24,GUJARAT,054999,54 Others,17,0,17
24,GUJARAT,055000,55 KHASI,24,11,13
24,GUJARAT,055007,Khasi,23,10,13
24,GUJARAT,055999,55 Others,1,1,0
24,GUJARAT,056000,56 KHEZHA,6,0,6
24,GUJARAT,056999,56 Others,6,0,6
24,GUJARAT,058000,58 KHOND/KONDH,2,0,2
24,GUJARAT,058001,Khond/Kondh,2,0,2
24,GUJARAT,059000,59 KINNAURI,5,0,5
24,GUJARAT,059003,Kinnauri,5,0,5
24,GUJARAT,062000,62 KODA/KORA,17,2,15
24,GUJARAT,062003,Koda/Kora,17,2,15
24,GUJARAT,064000,64 KOM,3,3,0
24,GUJARAT,064001,Kom,3,3,0
24,GUJARAT,065000,65 KONDA,7,0,7
24,GUJARAT,065003,Konda,4,0,4
24,GUJARAT,065999,65 Others,3,0,3
24,GUJARAT,068000,68 KORWA,8,0,8
24,GUJARAT,068999,68 Others,8,0,8
24,GUJARAT,069000,69 KOYA,29,6,23
24,GUJARAT,069002,Koya,29,6,23
24,GUJARAT,070000,70 KUI,8,8,0
24,GUJARAT,070001,Kui,8,8,0
24,GUJARAT,071000,71 KUKI,81,68,13
24,GUJARAT,071008,Kuki,81,68,13
24,GUJARAT,072000,72 KURUKH/ORAON,116,22,94
24,GUJARAT,072024,Kurukh/Oraon,109,19,90
24,GUJARAT,072999,72 Others,7,3,4
24,GUJARAT,073000,73 LADAKHI,12,2,10
24,GUJARAT,073003,Ladakhi,12,2,10
24,GUJARAT,075000,75 LAHNDA,3681,19,3662
24,GUJARAT,075006,Hindi Multani,3668,12,3656
24,GUJARAT,075999,75 Others,13,7,6
24,GUJARAT,076000,76 LAKHER,4,3,1
24,GUJARAT,076002,Mara,4,3,1
24,GUJARAT,078000,78 LEPCHA,1,0,1
24,GUJARAT,078001,Lepcha,1,0,1
24,GUJARAT,079000,79 LIANGMEI,16,0,16
24,GUJARAT,079999,79 Others,16,0,16
24,GUJARAT,081000,81 LOTHA,4,0,4
24,GUJARAT,081001,Lotha,4,0,4
24,GUJARAT,082000,82 LUSHAI/MIZO,53,21,32
24,GUJARAT,082005,Lushai/Mizo,53,21,32
24,GUJARAT,083000,83 MALTO,1,0,1
24,GUJARAT,083999,83 Others,1,0,1
24,GUJARAT,084000,84 MAO,65,0,65
24,GUJARAT,084001,Mao,4,0,4
24,GUJARAT,084003,Paola,61,0,61
24,GUJARAT,085000,85 MARAM,1,0,1
24,GUJARAT,085001,Maram,1,0,1
24,GUJARAT,087000,87 MIRI/MISHING,16,6,10
24,GUJARAT,087003,Miri/Mishing,16,6,10
24,GUJARAT,088000,88 MISHMI,5,0,5
24,GUJARAT,088999,88 Others,5,0,5
24,GUJARAT,089000,89 MOGH,1,0,1
24,GUJARAT,089004,Mogh,1,0,1
24,GUJARAT,091000,91 MUNDA,40,24,16
24,GUJARAT,091006,Kol,1,1,0
24,GUJARAT,091009,Munda,12,2,10
24,GUJARAT,091999,91 Others,27,21,6
24,GUJARAT,092000,92 MUNDARI,91,9,82
24,GUJARAT,092005,Mundari,91,9,82
24,GUJARAT,093000,93 NICOBARESE,4,0,4
24,GUJARAT,093001,Nicobarese,4,0,4
24,GUJARAT,094000,94 NISSI/DAFLA,65,0,65
24,GUJARAT,094001,Apatani,53,0,53
24,GUJARAT,094999,94 Others,12,0,12
24,GUJARAT,096000,96 PAITE,5,3,2
24,GUJARAT,096002,Paite,5,3,2
24,GUJARAT,097000,97 PARJI,36,2,34
24,GUJARAT,097999,97 Others,36,2,34
24,GUJARAT,101000,101 POCHURY,3,0,3
24,GUJARAT,101999,101 Others,3,0,3
24,GUJARAT,102000,102 RABHA,1112,1010,102
24,GUJARAT,102002,Rabha,1112,1010,102
24,GUJARAT,106000,106 SAVARA,1,0,1
24,GUJARAT,106004,Savara,1,0,1
24,GUJARAT,109000,109 SHINA,1,0,1
24,GUJARAT,109005,Shina,1,0,1
24,GUJARAT,111000,111 TAMANG,3,0,3
24,GUJARAT,111001,Tamang,3,0,3
24,GUJARAT,112000,112 TANGKHUL,1,1,0
24,GUJARAT,112999,112 Others,1,1,0
24,GUJARAT,113000,113 TANGSA,2,1,1
24,GUJARAT,113999,113 Others,2,1,1
24,GUJARAT,114000,114 THADO,3,0,3
24,GUJARAT,114015,Thado,3,0,3
24,GUJARAT,115000,115 TIBETAN,17,0,17
24,GUJARAT,115008,Tibetan,15,0,15
24,GUJARAT,115999,115 Others,2,0,2
24,GUJARAT,116000,116 TRIPURI,239,95,144
24,GUJARAT,116007,Kokbarak,227,94,133
24,GUJARAT,116014,Tripuri,12,1,11
24,GUJARAT,117000,117 TULU,1034,41,993
24,GUJARAT,117009,Tulu,764,20,744
24,GUJARAT,117999,117 Others,270,21,249
24,GUJARAT,120000,120 YIMCHUNGRE,14,14,0
24,GUJARAT,120999,120 Others,14,14,0
24,GUJARAT,122000,122 ZEMI,4,0,4
24,GUJARAT,122003,Zemi,4,0,4
24,GUJARAT,123000,123 ZOU,5,0,5
24,GUJARAT,123001,Zou,5,0,5
24,GUJARAT,124000,124 OTHERS,66603,57438,9165
25,DAMAN & DIU,001000,1 ASSAMESE,1201,153,1048
25,DAMAN & DIU,001002,Assamese,1201,153,1048
25,DAMAN & DIU,002000,2 BENGALI,5232,385,4847
25,DAMAN & DIU,002007,Bengali,5232,385,4847
25,DAMAN & DIU,003000,3 BODO,50,29,21
25,DAMAN & DIU,003001,Bodo/Boro,50,29,21
25,DAMAN & DIU,004000,4 DOGRI,2,0,2
25,DAMAN & DIU,004001,Dogri,2,0,2
25,DAMAN & DIU,005000,5 GUJARATI,123648,52097,71551
25,DAMAN & DIU,005018,Gujarati,123176,52081,71095
25,DAMAN & DIU,005999,5 Others,472,16,456
25,DAMAN & DIU,006000,6 HINDI,88312,5711,82601
25,DAMAN & DIU,006030,Awadhi,68,1,67
25,DAMAN & DIU,006040,Baghati/Baghati Pahari,2,0,2
25,DAMAN & DIU,006042,Bagheli/Baghel Khandi,51,12,39
25,DAMAN & DIU,006066,Banjari,44,0,44
25,DAMAN & DIU,006102,Bhojpuri,12116,595,11521
25,DAMAN & DIU,006123,Brajbhasha,1,0,1
25,DAMAN & DIU,006125,Bundeli/Bundel khandi,133,23,110
25,DAMAN & DIU,006142,Chhattisgarhi,42,0,42
25,DAMAN & DIU,006173,Dhundhari,13,0,13
25,DAMAN & DIU,006195,Garhwali,55,10,45
25,DAMAN & DIU,006207,Gojri/Gujjari/Gujar,5,0,5
25,DAMAN & DIU,006235,Haryanvi,24,5,19
25,DAMAN & DIU,006240,Hindi,70884,4575,66309
25,DAMAN & DIU,006311,Khari Boli,20,7,13
25,DAMAN & DIU,006320,Khortha/Khotta,183,17,166
25,DAMAN & DIU,006340,Kumauni,19,0,19
25,DAMAN & DIU,006376,Magadhi/Magahi,389,45,344
25,DAMAN & DIU,006400,Marwari,2231,223,2008
25,DAMAN & DIU,006408,Mewari,11,2,9
25,DAMAN & DIU,006420,Nagpuria,40,0,40
25,DAMAN & DIU,006439,Pahari,23,0,23
25,DAMAN & DIU,006489,Rajasthani,976,71,905
25,DAMAN & DIU,006503,Sadan/Sadri,43,0,43
25,DAMAN & DIU,006999,6 Others,939,125,814
25,DAMAN & DIU,007000,7 KANNADA,457,44,413
25,DAMAN & DIU,007016,Kannada,432,44,388
25,DAMAN & DIU,007999,7 Others,25,0,25
25,DAMAN & DIU,008000,8 KASHMIRI,3,0,3
25,DAMAN & DIU,008005,Kashmiri,3,0,3
25,DAMAN & DIU,009000,9 KONKANI,142,0,142
25,DAMAN & DIU,009011,Konkani,138,0,138
25,DAMAN & DIU,009013,Kudubi/Kudumbi,4,0,4
25,DAMAN & DIU,010000,10 MAITHILI,1044,66,978
25,DAMAN & DIU,010008,Maithili,1002,63,939
25,DAMAN & DIU,010011,Purbi Maithili,4,0,4
25,DAMAN & DIU,010013,Thati,38,3,35
25,DAMAN & DIU,011000,11 MALAYALAM,1229,105,1124
25,DAMAN & DIU,011016,Malayalam,1224,105,1119
25,DAMAN & DIU,011026,Yerava,2,0,2
25,DAMAN & DIU,011999,11 Others,3,0,3
25,DAMAN & DIU,012000,12 MANIPURI,22,10,12
25,DAMAN & DIU,012003,Manipuri,22,10,12
25,DAMAN & DIU,013000,13 MARATHI,11008,816,10192
25,DAMAN & DIU,013071,Marathi,11003,816,10187
25,DAMAN & DIU,013999,13 Others,5,0,5
25,DAMAN & DIU,014000,14 NEPALI,1401,206,1195
25,DAMAN & DIU,014011,Nepali,1401,206,1195
25,DAMAN & DIU,015000,15 ODIA,4421,463,3958
25,DAMAN & DIU,015043,Odia,4415,463,3952
25,DAMAN & DIU,015999,15 Others,6,0,6
25,DAMAN & DIU,016000,16 PUNJABI,222,4,218
25,DAMAN & DIU,016038,Punjabi,222,4,218
25,DAMAN & DIU,017000,17 SANSKRIT,2,0,2
25,DAMAN & DIU,017002,Sanskrit,2,0,2
25,DAMAN & DIU,018000,18 SANTALI,81,0,81
25,DAMAN & DIU,018011,Mahili,4,0,4
25,DAMAN & DIU,018040,Santali,77,0,77
25,DAMAN & DIU,019000,19 SINDHI,423,58,365
25,DAMAN & DIU,019008,Kachchhi,354,56,298
25,DAMAN & DIU,019014,Sindhi,69,2,67
25,DAMAN & DIU,020000,20 TAMIL,320,12,308
25,DAMAN & DIU,020027,Tamil,319,12,307
25,DAMAN & DIU,020999,20 Others,1,0,1
25,DAMAN & DIU,021000,21 TELUGU,464,12,452
25,DAMAN & DIU,021046,Telugu,385,12,373
25,DAMAN & DIU,021048,Vadari,79,0,79
25,DAMAN & DIU,022000,22 URDU,1032,104,928
25,DAMAN & DIU,022015,Urdu,1025,103,922
25,DAMAN & DIU,022999,22 Others,7,1,6
25,DAMAN & DIU,023000,23 ADI,2,0,2
25,DAMAN & DIU,023999,23 Others,2,0,2
25,DAMAN & DIU,028000,28 ARABIC/ARBI,15,0,15
25,DAMAN & DIU,028001,Arabic/Arbi,15,0,15
25,DAMAN & DIU,030000,30 BHILI/BHILODI,518,65,453
25,DAMAN & DIU,030007,Bhili/Bhilodi,7,0,7
25,DAMAN & DIU,030011,Chodhari,2,0,2
25,DAMAN & DIU,030035,Kokna/Kokni/Kukna,230,20,210
25,DAMAN & DIU,030066,Paradhi,7,0,7
25,DAMAN & DIU,030075,Varli,230,45,185
25,DAMAN & DIU,030076,Vasava,1,0,1
25,DAMAN & DIU,030078,Wagdi,41,0,41
25,DAMAN & DIU,037000,37 COORGI/KODAGU,2,0,2
25,DAMAN & DIU,037001,Coorgi/Kodagu,2,0,2
25,DAMAN & DIU,040000,40 ENGLISH,183,10,173
25,DAMAN & DIU,040001,English,183,10,173
25,DAMAN & DIU,053000,53 KHANDESHI,14,5,9
25,DAMAN & DIU,053004,Dangi,10,4,6
25,DAMAN & DIU,053006,Khandeshi,3,0,3
25,DAMAN & DIU,053999,53 Others,1,1,0
25,DAMAN & DIU,054000,54 KHARIA,6,0,6
25,DAMAN & DIU,054005,Kharia,6,0,6
25,DAMAN & DIU,056000,56 KHEZHA,3,0,3
25,DAMAN & DIU,056999,56 Others,3,0,3
25,DAMAN & DIU,064000,64 KOM,4,0,4
25,DAMAN & DIU,064001,Kom,4,0,4
25,DAMAN & DIU,065000,65 KONDA,2,0,2
25,DAMAN & DIU,065999,65 Others,2,0,2
25,DAMAN & DIU,072000,72 KURUKH/ORAON,21,0,21
25,DAMAN & DIU,072024,Kurukh/Oraon,21,0,21
25,DAMAN & DIU,091000,91 MUNDA,3,0,3
25,DAMAN & DIU,091009,Munda,3,0,3
25,DAMAN & DIU,092000,92 MUNDARI,5,0,5
25,DAMAN & DIU,092005,Mundari,5,0,5
25,DAMAN & DIU,101000,101 POCHURY,1,0,1
25,DAMAN & DIU,101006,Pochury,1,0,1
25,DAMAN & DIU,102000,102 RABHA,7,0,7
25,DAMAN & DIU,102002,Rabha,7,0,7
25,DAMAN & DIU,116000,116 TRIPURI,5,0,5
25,DAMAN & DIU,116007,Kokbarak,4,0,4
25,DAMAN & DIU,116014,Tripuri,1,0,1
25,DAMAN & DIU,117000,117 TULU,24,0,24
25,DAMAN & DIU,117009,Tulu,22,0,22
25,DAMAN & DIU,117999,117 Others,2,0,2
25,DAMAN & DIU,124000,124 OTHERS,1716,41,1675
26,DADRA & NAGAR HAVELI,001000,1 ASSAMESE,957,419,538
26,DADRA & NAGAR HAVELI,001002,Assamese,957,419,538
26,DADRA & NAGAR HAVELI,002000,2 BENGALI,3116,592,2524
26,DADRA & NAGAR HAVELI,002007,Bengali,3109,586,2523
26,DADRA & NAGAR HAVELI,002011,Chakma,4,4,0
26,DADRA & NAGAR HAVELI,002999,2 Others,3,2,1
26,DADRA & NAGAR HAVELI,003000,3 BODO,28,12,16
26,DADRA & NAGAR HAVELI,003001,Bodo/Boro,28,12,16
26,DADRA & NAGAR HAVELI,004000,4 DOGRI,3,0,3
26,DADRA & NAGAR HAVELI,004001,Dogri,3,0,3
26,DADRA & NAGAR HAVELI,005000,5 GUJARATI,73831,28697,45134
26,DADRA & NAGAR HAVELI,005018,Gujarati,73412,28402,45010
26,DADRA & NAGAR HAVELI,005057,Saurashtra/Saurashtri,15,0,15
26,DADRA & NAGAR HAVELI,005999,5 Others,404,295,109
26,DADRA & NAGAR HAVELI,006000,6 HINDI,89905,19981,69924
26,DADRA & NAGAR HAVELI,006030,Awadhi,126,16,110
26,DADRA & NAGAR HAVELI,006040,Baghati/Baghati Pahari,2,0,2
26,DADRA & NAGAR HAVELI,006042,Bagheli/Baghel Khandi,51,16,35
26,DADRA & NAGAR HAVELI,006066,Banjari,90,0,90
26,DADRA & NAGAR HAVELI,006089,Bhagoria,3,0,3
26,DADRA & NAGAR HAVELI,006096,Bharmauri/Gaddi,3,0,3
26,DADRA & NAGAR HAVELI,006102,Bhojpuri,13270,3053,10217
26,DADRA & NAGAR HAVELI,006123,Brajbhasha,11,3,8
26,DADRA & NAGAR HAVELI,006125,Bundeli/Bundel khandi,133,16,117
26,DADRA & NAGAR HAVELI,006142,Chhattisgarhi,33,9,24
26,DADRA & NAGAR HAVELI,006195,Garhwali,119,4,115
26,DADRA & NAGAR HAVELI,006207,Gojri/Gujjari/Gujar,1,0,1
26,DADRA & NAGAR HAVELI,006235,Haryanvi,26,5,21
26,DADRA & NAGAR HAVELI,006240,Hindi,68788,15323,53465
26,DADRA & NAGAR HAVELI,006265,Jaunpuri/Jaunsari,6,6,0
26,DADRA & NAGAR HAVELI,006311,Khari Boli,19,16,3
26,DADRA & NAGAR HAVELI,006320,Khortha/Khotta,122,29,93
26,DADRA & NAGAR HAVELI,006340,Kumauni,91,16,75
26,DADRA & NAGAR HAVELI,006376,Magadhi/Magahi,97,22,75
26,DADRA & NAGAR HAVELI,006391,Malvi,4,0,4
26,DADRA & NAGAR HAVELI,006400,Marwari,4360,565,3795
26,DADRA & NAGAR HAVELI,006408,Mewari,25,4,21
26,DADRA & NAGAR HAVELI,006420,Nagpuria,33,4,29
26,DADRA & NAGAR HAVELI,006432,Nimadi,3,0,3
26,DADRA & NAGAR HAVELI,006439,Pahari,51,16,35
26,DADRA & NAGAR HAVELI,006489,Rajasthani,954,206,748
26,DADRA & NAGAR HAVELI,006503,Sadan/Sadri,44,37,7
26,DADRA & NAGAR HAVELI,006548,Surjapuri,22,22,0
26,DADRA & NAGAR HAVELI,006999,6 Others,1418,593,825
26,DADRA & NAGAR HAVELI,007000,7 KANNADA,886,69,817
26,DADRA & NAGAR HAVELI,007016,Kannada,875,64,811
26,DADRA & NAGAR HAVELI,007027,Kuruba/Kurumba,2,2,0
26,DADRA & NAGAR HAVELI,007999,7 Others,9,3,6
26,DADRA & NAGAR HAVELI,008000,8 KASHMIRI,11,2,9
26,DADRA & NAGAR HAVELI,008005,Kashmiri,11,2,9
26,DADRA & NAGAR HAVELI,009000,9 KONKANI,7756,7550,206
26,DADRA & NAGAR HAVELI,009011,Konkani,7741,7550,191
26,DADRA & NAGAR HAVELI,009016,Malwani,4,0,4
26,DADRA & NAGAR HAVELI,009999,9 Others,11,0,11
26,DADRA & NAGAR HAVELI,010000,10 MAITHILI,2187,229,1958
26,DADRA & NAGAR HAVELI,010008,Maithili,2133,217,1916
26,DADRA & NAGAR HAVELI,010013,Thati,50,12,38
26,DADRA & NAGAR HAVELI,010014,Tharu,4,0,4
26,DADRA & NAGAR HAVELI,011000,11 MALAYALAM,2172,139,2033
26,DADRA & NAGAR HAVELI,011016,Malayalam,2168,139,2029
26,DADRA & NAGAR HAVELI,011999,11 Others,4,0,4
26,DADRA & NAGAR HAVELI,012000,12 MANIPURI,81,13,68
26,DADRA & NAGAR HAVELI,012003,Manipuri,81,13,68
26,DADRA & NAGAR HAVELI,013000,13 MARATHI,24105,5171,18934
26,DADRA & NAGAR HAVELI,013060,Koli,253,252,1
26,DADRA & NAGAR HAVELI,013071,Marathi,23490,4579,18911
26,DADRA & NAGAR HAVELI,013999,13 Others,362,340,22
26,DADRA & NAGAR HAVELI,014000,14 NEPALI,1152,221,931
26,DADRA & NAGAR HAVELI,014011,Nepali,1152,221,931
26,DADRA & NAGAR HAVELI,015000,15 ODIA,4463,1140,3323
26,DADRA & NAGAR HAVELI,015043,Odia,4459,1140,3319
26,DADRA & NAGAR HAVELI,015999,15 Others,4,0,4
26,DADRA & NAGAR HAVELI,016000,16 PUNJABI,414,64,350
26,DADRA & NAGAR HAVELI,016038,Punjabi,414,64,350
26,DADRA & NAGAR HAVELI,017000,17 SANSKRIT,2,2,0
26,DADRA & NAGAR HAVELI,017002,Sanskrit,2,2,0
26,DADRA & NAGAR HAVELI,018000,18 SANTALI,57,13,44
26,DADRA & NAGAR HAVELI,018010,Karmali,4,0,4
26,DADRA & NAGAR HAVELI,018040,Santali,53,13,40
26,DADRA & NAGAR HAVELI,019000,19 SINDHI,471,20,451
26,DADRA & NAGAR HAVELI,019008,Kachchhi,387,17,370
26,DADRA & NAGAR HAVELI,019014,Sindhi,84,3,81
26,DADRA & NAGAR HAVELI,020000,20 TAMIL,739,74,665
26,DADRA & NAGAR HAVELI,020027,Tamil,739,74,665
26,DADRA & NAGAR HAVELI,021000,21 TELUGU,778,76,702
26,DADRA & NAGAR HAVELI,021046,Telugu,770,76,694
26,DADRA & NAGAR HAVELI,021048,Vadari,8,0,8
26,DADRA & NAGAR HAVELI,022000,22 URDU,1089,238,851
26,DADRA & NAGAR HAVELI,022015,Urdu,1061,211,850
26,DADRA & NAGAR HAVELI,022999,22 Others,28,27,1
26,DADRA & NAGAR HAVELI,023000,23 ADI,1,1,0
26,DADRA & NAGAR HAVELI,023003,Adi,1,1,0
26,DADRA & NAGAR HAVELI,030000,30 BHILI/BHILODI,128078,118056,10022
26,DADRA & NAGAR HAVELI,030007,Bhili/Bhilodi,24,9,15
26,DADRA & NAGAR HAVELI,030011,Chodhari,27,2,25
26,DADRA & NAGAR HAVELI,030015,Dhodia,10382,4807,5575
26,DADRA & NAGAR HAVELI,030020,Gamti/Gavit,53,22,31
26,DADRA & NAGAR HAVELI,030035,Kokna/Kokni/Kukna,19571,19290,281
26,DADRA & NAGAR HAVELI,030075,Varli,97940,93902,4038
26,DADRA & NAGAR HAVELI,030076,Vasava,13,1,12
26,DADRA & NAGAR HAVELI,030078,Wagdi,45,1,44
26,DADRA & NAGAR HAVELI,030999,30 Others,23,22,1
26,DADRA & NAGAR HAVELI,032000,32 BHUMIJ,8,8,0
26,DADRA & NAGAR HAVELI,032999,32 Others,8,8,0
26,DADRA & NAGAR HAVELI,040000,40 ENGLISH,282,45,237
26,DADRA & NAGAR HAVELI,040001,English,282,45,237
26,DADRA & NAGAR HAVELI,044000,44 GONDI,3,0,3
26,DADRA & NAGAR HAVELI,044007,Gondi,3,0,3
26,DADRA & NAGAR HAVELI,048000,48 HO,5,0,5
26,DADRA & NAGAR HAVELI,048004,Ho,1,0,1
26,DADRA & NAGAR HAVELI,048007,Lohara,4,0,4
26,DADRA & NAGAR HAVELI,052000,52 KARBI/MIKIR,5,0,5
26,DADRA & NAGAR HAVELI,052002,Karbi/Mikir,5,0,5
26,DADRA & NAGAR HAVELI,053000,53 KHANDESHI,355,229,126
26,DADRA & NAGAR HAVELI,053002,Ahirani,331,219,112
26,DADRA & NAGAR HAVELI,053004,Dangi,14,10,4
26,DADRA & NAGAR HAVELI,053006,Khandeshi,10,0,10
26,DADRA & NAGAR HAVELI,054000,54 KHARIA,5,0,5
26,DADRA & NAGAR HAVELI,054005,Kharia,5,0,5
26,DADRA & NAGAR HAVELI,056000,56 KHEZHA,2,0,2
26,DADRA & NAGAR HAVELI,056999,56 Others,2,0,2
26,DADRA & NAGAR HAVELI,062000,62 KODA/KORA,5,5,0
26,DADRA & NAGAR HAVELI,062003,Koda/Kora,5,5,0
26,DADRA & NAGAR HAVELI,064000,64 KOM,3,1,2
26,DADRA & NAGAR HAVELI,064001,Kom,3,1,2
26,DADRA & NAGAR HAVELI,072000,72 KURUKH/ORAON,4,3,1
26,DADRA & NAGAR HAVELI,072024,Kurukh/Oraon,4,3,1
26,DADRA & NAGAR HAVELI,087000,87 MIRI/MISHING,9,9,0
26,DADRA & NAGAR HAVELI,087003,Miri/Mishing,9,9,0
26,DADRA & NAGAR HAVELI,091000,91 MUNDA,9,0,9
26,DADRA & NAGAR HAVELI,091009,Munda,9,0,9
26,DADRA & NAGAR HAVELI,092000,92 MUNDARI,13,1,12
26,DADRA & NAGAR HAVELI,092005,Mundari,13,1,12
26,DADRA & NAGAR HAVELI,114000,114 THADO,3,0,3
26,DADRA & NAGAR HAVELI,114015,Thado,3,0,3
26,DADRA & NAGAR HAVELI,116000,116 TRIPURI,6,1,5
26,DADRA & NAGAR HAVELI,116007,Kokbarak,6,1,5
26,DADRA & NAGAR HAVELI,117000,117 TULU,44,2,42
26,DADRA & NAGAR HAVELI,117009,Tulu,42,1,41
26,DADRA & NAGAR HAVELI,117999,117 Others,2,1,1
26,DADRA & NAGAR HAVELI,124000,124 OTHERS,666,31,635
27,MAHARASHTRA,001000,1 ASSAMESE,12842,2520,10322
27,MAHARASHTRA,001002,Assamese,12715,2510,10205
27,MAHARASHTRA,001999,1 Others,127,10,117
27,MAHARASHTRA,002000,2 BENGALI,442090,87120,354970
27,MAHARASHTRA,002007,Bengali,441449,86655,354794
27,MAHARASHTRA,002011,Chakma,46,0,46
27,MAHARASHTRA,002015,Haijong/Hajong,5,0,5
27,MAHARASHTRA,002999,2 Others,590,465,125
27,MAHARASHTRA,003000,3 BODO,330,64,266
27,MAHARASHTRA,003001,Bodo/Boro,266,62,204
27,MAHARASHTRA,003003,Kachari,59,2,57
27,MAHARASHTRA,003004,Mech/Mechhia,5,0,5
27,MAHARASHTRA,004000,4 DOGRI,1936,813,1123
27,MAHARASHTRA,004001,Dogri,1936,813,1123
27,MAHARASHTRA,005000,5 GUJARATI,2371743,132149,2239594
27,MAHARASHTRA,005018,Gujarati,2320191,109689,2210502
27,MAHARASHTRA,005019,Gujrao/Gujrau,13023,12241,782
27,MAHARASHTRA,005052,Pattani,952,795,157
27,MAHARASHTRA,005057,Saurashtra/Saurashtri,1292,16,1276
27,MAHARASHTRA,005999,5 Others,36285,9408,26877
27,MAHARASHTRA,006000,6 HINDI,14481513,4064495,10417018
27,MAHARASHTRA,006030,Awadhi,3579,186,3393
27,MAHARASHTRA,006040,Baghati/Baghati Pahari,203,7,196
27,MAHARASHTRA,006042,Bagheli/Baghel Khandi,512,156,356
27,MAHARASHTRA,006066,Banjari,1284345,1179278,105067
27,MAHARASHTRA,006086,Bhadrawahi,17,1,16
27,MAHARASHTRA,006089,Bhagoria,3,0,3
27,MAHARASHTRA,006096,Bharmauri/Gaddi,519,102,417
27,MAHARASHTRA,006102,Bhojpuri,511781,31460,480321
27,MAHARASHTRA,006119,Bishnoi,2,0,2
27,MAHARASHTRA,006123,Brajbhasha,662,80,582
27,MAHARASHTRA,006125,Bundeli/Bundel khandi,1849,371,1478
27,MAHARASHTRA,006133,Chambeali/Chamrali,1083,503,580
27,MAHARASHTRA,006142,Chhattisgarhi,127656,59501,68155
27,MAHARASHTRA,006149,Churahi,19,11,8
27,MAHARASHTRA,006173,Dhundhari,285,31,254
27,MAHARASHTRA,006195,Garhwali,14401,431,13970
27,MAHARASHTRA,006198,Gawari,7118,6476,642
27,MAHARASHTRA,006207,Gojri/Gujjari/Gujar,55735,49274,6461
27,MAHARASHTRA,006231,Handuri,1759,1721,38
27,MAHARASHTRA,006232,Hara/Harauti,15,1,14
27,MAHARASHTRA,006235,Haryanvi,13449,318,13131
27,MAHARASHTRA,006240,Hindi,10901790,2184766,8717024
27,MAHARASHTRA,006265,Jaunpuri/Jaunsari,53,3,50
27,MAHARASHTRA,006291,Kangri,54,2,52
27,MAHARASHTRA,006311,Khari Boli,345,43,302
27,MAHARASHTRA,006320,Khortha/Khotta,1863,583,1280
27,MAHARASHTRA,006336,Kulvi,9,0,9
27,MAHARASHTRA,006340,Kumauni,3582,133,3449
27,MAHARASHTRA,006345,Kurmali Thar,707,643,64
27,MAHARASHTRA,006353,Lamani/Lambadi,243368,185896,57472
27,MAHARASHTRA,006355,Laria,2,2,0
27,MAHARASHTRA,006358,Lodhi,49982,46208,3774
27,MAHARASHTRA,006376,Magadhi/Magahi,763,274,489
27,MAHARASHTRA,006391,Malvi,1475,391,1084
27,MAHARASHTRA,006394,Mandeali,25,3,22
27,MAHARASHTRA,006400,Marwari,888093,81415,806678
27,MAHARASHTRA,006408,Mewari,547,2,545
27,MAHARASHTRA,006409,Mewati,3161,285,2876
27,MAHARASHTRA,006420,Nagpuria,108,7,101
27,MAHARASHTRA,006432,Nimadi,13395,12106,1289
27,MAHARASHTRA,006439,Pahari,2901,191,2710
27,MAHARASHTRA,006451,Panch Pargania,5,1,4
27,MAHARASHTRA,006452,Pando/Pandwani,1,0,1
27,MAHARASHTRA,006466,Pawari/Powari,98823,93235,5588
27,MAHARASHTRA,006476,Puran/Puran Bhasha,2,0,2
27,MAHARASHTRA,006489,Rajasthani,79279,13504,65775
27,MAHARASHTRA,006503,Sadan/Sadri,527,97,430
27,MAHARASHTRA,006547,Surgujia,2,2,0
27,MAHARASHTRA,006548,Surjapuri,673,74,599
27,MAHARASHTRA,006999,6 Others,164986,114721,50265
27,MAHARASHTRA,007000,7 KANNADA,1000463,511484,488979
27,MAHARASHTRA,007002,Badaga,50,0,50
27,MAHARASHTRA,007016,Kannada,993133,509508,483625
27,MAHARASHTRA,007041,Prakritha/Prakritha Bhasha,4067,1889,2178
27,MAHARASHTRA,007999,7 Others,3213,87,3126
27,MAHARASHTRA,008000,8 KASHMIRI,8274,1551,6723
27,MAHARASHTRA,008005,Kashmiri,8265,1551,6714
27,MAHARASHTRA,008019,Dardi,4,0,4
27,MAHARASHTRA,008999,8 Others,5,0,5
27,MAHARASHTRA,009000,9 KONKANI,399255,158796,240459
27,MAHARASHTRA,009011,Konkani,324123,90153,233970
27,MAHARASHTRA,009016,Malwani,23136,19559,3577
27,MAHARASHTRA,009020,Nawait,55,1,54
27,MAHARASHTRA,009028,Gorboli/Goru/Gorwani,50133,48891,1242
27,MAHARASHTRA,009999,9 Others,1808,192,1616
27,MAHARASHTRA,010000,10 MAITHILI,46996,2591,44405
27,MAHARASHTRA,010008,Maithili,46472,2488,43984
27,MAHARASHTRA,010011,Purbi Maithili,35,0,35
27,MAHARASHTRA,010013,Thati,374,77,297
27,MAHARASHTRA,010014,Tharu,115,26,89
27,MAHARASHTRA,011000,11 MALAYALAM,366153,15225,350928
27,MAHARASHTRA,011016,Malayalam,365140,14444,350696
27,MAHARASHTRA,011023,Pania,3,0,3
27,MAHARASHTRA,011026,Yerava,11,6,5
27,MAHARASHTRA,011999,11 Others,999,775,224
27,MAHARASHTRA,012000,12 MANIPURI,3475,215,3260
27,MAHARASHTRA,012003,Manipuri,3460,215,3245
27,MAHARASHTRA,012999,12 Others,15,0,15
27,MAHARASHTRA,013000,13 MARATHI,77461172,49974030,27487142
27,MAHARASHTRA,013004,Are,9,0,9
27,MAHARASHTRA,013060,Koli,9197,1674,7523
27,MAHARASHTRA,013071,Marathi,77357905,49904195,27453710
27,MAHARASHTRA,013999,13 Others,94061,68161,25900
27,MAHARASHTRA,014000,14 NEPALI,75683,8367,67316
27,MAHARASHTRA,014011,Nepali,75665,8366,67299
27,MAHARASHTRA,014999,14 Others,18,1,17
27,MAHARASHTRA,015000,15 ODIA,139241,13738,125503
27,MAHARASHTRA,015007,Bhuiya/Bhuyan[Ori],182,10,172
27,MAHARASHTRA,015043,Odia,136940,12774,124166
27,MAHARASHTRA,015058,Sambalpuri,27,9,18
27,MAHARASHTRA,015999,15 Others,2092,945,1147
27,MAHARASHTRA,016000,16 PUNJABI,280192,11842,268350
27,MAHARASHTRA,016002,Bagri,390,15,375
27,MAHARASHTRA,016005,Bhateali,28,0,28
27,MAHARASHTRA,016006,Bilaspuri Kahluri,1,0,1
27,MAHARASHTRA,016038,Punjabi,279689,11786,267903
27,MAHARASHTRA,016999,16 Others,84,41,43
27,MAHARASHTRA,017000,17 SANSKRIT,3802,247,3555
27,MAHARASHTRA,017002,Sanskrit,3801,247,3554
27,MAHARASHTRA,017999,17 Others,1,0,1
27,MAHARASHTRA,018000,18 SANTALI,103456,102261,1195
27,MAHARASHTRA,018010,Karmali,4,0,4
27,MAHARASHTRA,018011,Mahili,301,254,47
27,MAHARASHTRA,018040,Santali,102185,101075,1110
27,MAHARASHTRA,018999,18 Others,966,932,34
27,MAHARASHTRA,019000,19 SINDHI,723748,18833,704915
27,MAHARASHTRA,019002,Bhatia,441,39,402
27,MAHARASHTRA,019008,Kachchhi,159665,2855,156810
27,MAHARASHTRA,019014,Sindhi,558054,10638,547416
27,MAHARASHTRA,019999,19 Others,5588,5301,287
27,MAHARASHTRA,020000,20 TAMIL,509887,20246,489641
27,MAHARASHTRA,020009,Kaikadi,24365,9074,15291
27,MAHARASHTRA,020015,Korava,81,0,81
27,MAHARASHTRA,020027,Tamil,484726,11104,473622
27,MAHARASHTRA,020029,Yerukala/Yerukula,439,0,439
27,MAHARASHTRA,020999,20 Others,276,68,208
27,MAHARASHTRA,021000,21 TELUGU,1320880,410747,910133
27,MAHARASHTRA,021046,Telugu,1118694,311977,806717
27,MAHARASHTRA,021048,Vadari,196488,95873,100615
27,MAHARASHTRA,021999,21 Others,5698,2897,2801
27,MAHARASHTRA,022000,22 URDU,7540324,1640718,5899606
27,MAHARASHTRA,022015,Urdu,7534783,1637678,5897105
27,MAHARASHTRA,022016,Bhansari,985,941,44
27,MAHARASHTRA,022999,22 Others,4556,2099,2457
27,MAHARASHTRA,023000,23 ADI,168,59,109
27,MAHARASHTRA,023003,Adi,9,6,3
27,MAHARASHTRA,023006,Adi Gallong/Gallong,3,3,0
27,MAHARASHTRA,023010,Adi Miniyong/Miniyong,1,0,1
27,MAHARASHTRA,023040,Talgalo,13,2,11
27,MAHARASHTRA,023999,23 Others,142,48,94
27,MAHARASHTRA,024000,24 AFGHANI/KABULI/PASHTO,147,12,135
27,MAHARASHTRA,024001,Afghani/Kabuli/Pashto,123,6,117
27,MAHARASHTRA,024999,24 Others,24,6,18
27,MAHARASHTRA,025000,25 ANAL,9,1,8
27,MAHARASHTRA,025001,Anal,3,1,2
27,MAHARASHTRA,025999,25 Others,6,0,6
27,MAHARASHTRA,026000,26 ANGAMI,164,121,43
27,MAHARASHTRA,026002,Angami,154,117,37
27,MAHARASHTRA,026999,26 Others,10,4,6
27,MAHARASHTRA,027000,27 AO,44,1,43
27,MAHARASHTRA,027001,Ao,32,1,31
27,MAHARASHTRA,027003,Chungli,7,0,7
27,MAHARASHTRA,027999,27 Others,5,0,5
27,MAHARASHTRA,028000,28 ARABIC/ARBI,1830,300,1530
27,MAHARASHTRA,028001,Arabic/Arbi,1828,300,1528
27,MAHARASHTRA,028999,28 Others,2,0,2
27,MAHARASHTRA,029000,29 BALTI,17,0,17
27,MAHARASHTRA,029002,Balti,6,0,6
27,MAHARASHTRA,029999,29 Others,11,0,11
27,MAHARASHTRA,030000,30 BHILI/BHILODI,2247678,2081279,166399
27,MAHARASHTRA,030002,Baori,292,100,192
27,MAHARASHTRA,030003,Barel,797,323,474
27,MAHARASHTRA,030006,Bhilali,1509,1504,5
27,MAHARASHTRA,030007,Bhili/Bhilodi,1208159,1163582,44577
27,MAHARASHTRA,030011,Chodhari,75,57,18
27,MAHARASHTRA,030015,Dhodia,5293,3305,1988
27,MAHARASHTRA,030020,Gamti/Gavit,1535,1467,68
27,MAHARASHTRA,030021,Garasia,12,5,7
27,MAHARASHTRA,030035,Kokna/Kokni/Kukna,295399,214244,81155
27,MAHARASHTRA,030049,Mawchi,96910,93039,3871
27,MAHARASHTRA,030066,Paradhi,62435,50353,12082
27,MAHARASHTRA,030068,Pawri,310940,303678,7262
27,MAHARASHTRA,030070,Rathi,1423,1310,113
27,MAHARASHTRA,030073,Tadavi,46403,41670,4733
27,MAHARASHTRA,030075,Varli,187394,181614,5780
27,MAHARASHTRA,030076,Vasava,9559,9272,287
27,MAHARASHTRA,030078,Wagdi,3127,2112,1015
27,MAHARASHTRA,030999,30 Others,16416,13644,2772
27,MAHARASHTRA,031000,31 BHOTIA,116,26,90
27,MAHARASHTRA,031001,Bhotia,43,0,43
27,MAHARASHTRA,031999,31 Others,73,26,47
27,MAHARASHTRA,032000,32 BHUMIJ,37,0,37
27,MAHARASHTRA,032999,32 Others,37,0,37
27,MAHARASHTRA,033000,33 BISHNUPURIYA,10,0,10
27,MAHARASHTRA,033003,Bishnupriya Manipuri/Manipuri Bishnupriya,4,0,4
27,MAHARASHTRA,033999,33 Others,6,0,6
27,MAHARASHTRA,034000,34 CHAKHESANG,1,0,1
27,MAHARASHTRA,034001,Chakhesang,1,0,1
27,MAHARASHTRA,035000,35 CHAKRU/CHOKRI,8,2,6
27,MAHARASHTRA,035001,Chakru/Chokri,8,2,6
27,MAHARASHTRA,036000,36 CHANG,35,13,22
27,MAHARASHTRA,036001,Chang,35,13,22
27,MAHARASHTRA,037000,37 COORGI/KODAGU,634,209,425
27,MAHARASHTRA,037001,Coorgi/Kodagu,598,209,389
27,MAHARASHTRA,037003,Kodava,36,0,36
27,MAHARASHTRA,038000,38 DEORI,5,1,4
27,MAHARASHTRA,038001,Deori,5,1,4
27,MAHARASHTRA,039000,39 DIMASA,26,0,26
27,MAHARASHTRA,039002,Dimasa,7,0,7
27,MAHARASHTRA,039999,39 Others,19,0,19
27,MAHARASHTRA,040000,40 ENGLISH,106656,1848,104808
27,MAHARASHTRA,040001,English,106656,1848,104808
27,MAHARASHTRA,041000,41 GADABA,9,1,8
27,MAHARASHTRA,041001,Gadaba,4,1,3
27,MAHARASHTRA,041999,41 Others,5,0,5
27,MAHARASHTRA,042000,42 GANGTE,16,1,15
27,MAHARASHTRA,042001,Gangte,16,1,15
27,MAHARASHTRA,043000,43 GARO,117,0,117
27,MAHARASHTRA,043005,Garo,103,0,103
27,MAHARASHTRA,043999,43 Others,14,0,14
27,MAHARASHTRA,044000,44 GONDI,458806,424148,34658
27,MAHARASHTRA,044002,Dorli,50,0,50
27,MAHARASHTRA,044007,Gondi,439084,406527,32557
27,MAHARASHTRA,044013,Kalari,4484,4089,395
27,MAHARASHTRA,044017,Maria/ Muria,2151,2124,27
27,MAHARASHTRA,044999,44 Others,13037,11408,1629
27,MAHARASHTRA,045000,45 HALABI,24950,8543,16407
27,MAHARASHTRA,045001,Halabi,24947,8540,16407
27,MAHARASHTRA,045999,45 Others,3,3,0
27,MAHARASHTRA,046000,46 HALAM,13,6,7
27,MAHARASHTRA,046003,Halam,6,6,0
27,MAHARASHTRA,046999,46 Others,7,0,7
27,MAHARASHTRA,047000,47 HMAR,10,2,8
27,MAHARASHTRA,047001,Hmar,10,2,8
27,MAHARASHTRA,048000,48 HO,1470,983,487
27,MAHARASHTRA,048004,Ho,57,14,43
27,MAHARASHTRA,048007,Lohara,1413,969,444
27,MAHARASHTRA,051000,51 KABUI,57,2,55
27,MAHARASHTRA,051003,Kabui,6,2,4
27,MAHARASHTRA,051005,Rongmei,51,0,51
27,MAHARASHTRA,052000,52 KARBI/MIKIR,21,0,21
27,MAHARASHTRA,052002,Karbi/Mikir,21,0,21
27,MAHARASHTRA,053000,53 KHANDESHI,1616730,1441715,175015
27,MAHARASHTRA,053002,Ahirani,1597606,1426392,171214
27,MAHARASHTRA,053004,Dangi,12437,12361,76
27,MAHARASHTRA,053005,Gujari,3081,2387,694
27,MAHARASHTRA,053006,Khandeshi,2887,325,2562
27,MAHARASHTRA,053999,53 Others,719,250,469
27,MAHARASHTRA,054000,54 KHARIA,341,85,256
27,MAHARASHTRA,054005,Kharia,313,66,247
27,MAHARASHTRA,054999,54 Others,28,19,9
27,MAHARASHTRA,055000,55 KHASI,249,13,236
27,MAHARASHTRA,055007,Khasi,184,12,172
27,MAHARASHTRA,055012,Pnar/Synteng,63,1,62
27,MAHARASHTRA,055999,55 Others,2,0,2
27,MAHARASHTRA,056000,56 KHEZHA,21,4,17
27,MAHARASHTRA,056999,56 Others,21,4,17
27,MAHARASHTRA,058000,58 KHOND/KONDH,29,1,28
27,MAHARASHTRA,058001,Khond/Kondh,28,0,28
27,MAHARASHTRA,058006,Kuvi,1,1,0
27,MAHARASHTRA,059000,59 KINNAURI,39,9,30
27,MAHARASHTRA,059999,59 Others,39,9,30
27,MAHARASHTRA,060000,60 KISAN,44,17,27
27,MAHARASHTRA,060002,Kisan,44,17,27
27,MAHARASHTRA,061000,61 KOCH,56,42,14
27,MAHARASHTRA,061002,Koch,13,0,13
27,MAHARASHTRA,061999,61 Others,43,42,1
27,MAHARASHTRA,062000,62 KODA/KORA,57,23,34
27,MAHARASHTRA,062003,Koda/Kora,56,23,33
27,MAHARASHTRA,062999,62 Others,1,0,1
27,MAHARASHTRA,063000,63 KOLAMI,89170,87528,1642
27,MAHARASHTRA,063001,Kolami,89170,87528,1642
27,MAHARASHTRA,064000,64 KOM,35,7,28
27,MAHARASHTRA,064001,Kom,35,7,28
27,MAHARASHTRA,065000,65 KONDA,19,5,14
27,MAHARASHTRA,065002,Kodu,7,4,3
27,MAHARASHTRA,065003,Konda,12,1,11
27,MAHARASHTRA,066000,66 KONYAK,8,0,8
27,MAHARASHTRA,066001,Konyak,8,0,8
27,MAHARASHTRA,067000,67 KORKU,255772,249636,6136
27,MAHARASHTRA,067001,Korku,254216,248108,6108
27,MAHARASHTRA,067004,Muwasi,150,124,26
27,MAHARASHTRA,067999,67 Others,1406,1404,2
27,MAHARASHTRA,068000,68 KORWA,1546,290,1256
27,MAHARASHTRA,068003,Koraku,268,240,28
27,MAHARASHTRA,068999,68 Others,1278,50,1228
27,MAHARASHTRA,069000,69 KOYA,20,20,0
27,MAHARASHTRA,069002,Koya,20,20,0
27,MAHARASHTRA,071000,71 KUKI,273,45,228
27,MAHARASHTRA,071008,Kuki,271,45,226
27,MAHARASHTRA,071999,71 Others,2,0,2
27,MAHARASHTRA,072000,72 KURUKH/ORAON,8239,6778,1461
27,MAHARASHTRA,072024,Kurukh/Oraon,7019,6038,981
27,MAHARASHTRA,072999,72 Others,1220,740,480
27,MAHARASHTRA,073000,73 LADAKHI,14,1,13
27,MAHARASHTRA,073003,Ladakhi,14,1,13
27,MAHARASHTRA,074000,74 LAHAULI,9,5,4
27,MAHARASHTRA,074002,Lahauli,1,0,1
27,MAHARASHTRA,074999,74 Others,8,5,3
27,MAHARASHTRA,075000,75 LAHNDA,7271,4402,2869
27,MAHARASHTRA,075001,Bahawal Puri,1933,44,1889
27,MAHARASHTRA,075006,Hindi Multani,5163,4348,815
27,MAHARASHTRA,075999,75 Others,175,10,165
27,MAHARASHTRA,076000,76 LAKHER,61,27,34
27,MAHARASHTRA,076002,Mara,61,27,34
27,MAHARASHTRA,078000,78 LEPCHA,9,0,9
27,MAHARASHTRA,078001,Lepcha,9,0,9
27,MAHARASHTRA,079000,79 LIANGMEI,74,0,74
27,MAHARASHTRA,079002,Liangmei,11,0,11
27,MAHARASHTRA,079999,79 Others,63,0,63
27,MAHARASHTRA,080000,80 LIMBU,15,0,15
27,MAHARASHTRA,080002,Limbu,13,0,13
27,MAHARASHTRA,080999,80 Others,2,0,2
27,MAHARASHTRA,081000,81 LOTHA,24,10,14
27,MAHARASHTRA,081001,Lotha,24,10,14
27,MAHARASHTRA,082000,82 LUSHAI/MIZO,406,46,360
27,MAHARASHTRA,082005,Lushai/Mizo,406,46,360
27,MAHARASHTRA,083000,83 MALTO,6,0,6
27,MAHARASHTRA,083002,Pahariya,3,0,3
27,MAHARASHTRA,083999,83 Others,3,0,3
27,MAHARASHTRA,084000,84 MAO,23,5,18
27,MAHARASHTRA,084001,Mao,23,5,18
27,MAHARASHTRA,085000,85 MARAM,8,0,8
27,MAHARASHTRA,085001,Maram,8,0,8
27,MAHARASHTRA,086000,86 MARING,2,0,2
27,MAHARASHTRA,086001,Maring,2,0,2
27,MAHARASHTRA,087000,87 MIRI/MISHING,14,0,14
27,MAHARASHTRA,087003,Miri/Mishing,14,0,14
27,MAHARASHTRA,088000,88 MISHMI,18,2,16
27,MAHARASHTRA,088007,Mishmi,13,1,12
27,MAHARASHTRA,088999,88 Others,5,1,4
27,MAHARASHTRA,089000,89 MOGH,21,6,15
27,MAHARASHTRA,089004,Mogh,21,6,15
27,MAHARASHTRA,090000,90 MONPA,8,0,8
27,MAHARASHTRA,090003,Monpa,8,0,8
27,MAHARASHTRA,091000,91 MUNDA,696,233,463
27,MAHARASHTRA,091006,Kol,173,141,32
27,MAHARASHTRA,091009,Munda,321,85,236
27,MAHARASHTRA,091999,91 Others,202,7,195
27,MAHARASHTRA,092000,92 MUNDARI,328,66,262
27,MAHARASHTRA,092005,Mundari,319,65,254
27,MAHARASHTRA,092999,92 Others,9,1,8
27,MAHARASHTRA,094000,94 NISSI/DAFLA,58,18,40
27,MAHARASHTRA,094001,Apatani,9,2,7
27,MAHARASHTRA,094007,Nissi/Dafla,21,2,19
27,MAHARASHTRA,094008,Tagin,1,0,1
27,MAHARASHTRA,094999,94 Others,27,14,13
27,MAHARASHTRA,095000,95 NOCTE,1,1,0
27,MAHARASHTRA,095999,95 Others,1,1,0
27,MAHARASHTRA,096000,96 PAITE,96,4,92
27,MAHARASHTRA,096002,Paite,96,4,92
27,MAHARASHTRA,097000,97 PARJI,12,0,12
27,MAHARASHTRA,097999,97 Others,12,0,12
27,MAHARASHTRA,098000,98 PAWI,1,0,1
27,MAHARASHTRA,098001,Pawi,1,0,1
27,MAHARASHTRA,100000,100 PHOM,1,0,1
27,MAHARASHTRA,100001,Phom,1,0,1
27,MAHARASHTRA,101000,101 POCHURY,4,1,3
27,MAHARASHTRA,101006,Pochury,4,1,3
27,MAHARASHTRA,102000,102 RABHA,30,2,28
27,MAHARASHTRA,102002,Rabha,30,2,28
27,MAHARASHTRA,103000,103 RAI,105,10,95
27,MAHARASHTRA,103003,Rai,94,9,85
27,MAHARASHTRA,103999,103 Others,11,1,10
27,MAHARASHTRA,105000,105 SANGTAM,1,0,1
27,MAHARASHTRA,105004,Sangtam,1,0,1
27,MAHARASHTRA,106000,106 SAVARA,54,4,50
27,MAHARASHTRA,106004,Savara,54,4,50
27,MAHARASHTRA,107000,107 SEMA,68,4,64
27,MAHARASHTRA,107002,Sema,68,4,64
27,MAHARASHTRA,108000,108 SHERPA,6,0,6
27,MAHARASHTRA,108001,Sherpa,6,0,6
27,MAHARASHTRA,109000,109 SHINA,12,2,10
27,MAHARASHTRA,109005,Shina,3,0,3
27,MAHARASHTRA,109999,109 Others,9,2,7
27,MAHARASHTRA,111000,111 TAMANG,58,18,40
27,MAHARASHTRA,111001,Tamang,58,18,40
27,MAHARASHTRA,112000,112 TANGKHUL,158,1,157
27,MAHARASHTRA,112008,Tangkhul,157,1,156
27,MAHARASHTRA,112999,112 Others,1,0,1
27,MAHARASHTRA,113000,113 TANGSA,15,4,11
27,MAHARASHTRA,113024,Tutcha Tangsa,3,3,0
27,MAHARASHTRA,113999,113 Others,12,1,11
27,MAHARASHTRA,114000,114 THADO,72,2,70
27,MAHARASHTRA,114015,Thado,54,1,53
27,MAHARASHTRA,114999,114 Others,18,1,17
27,MAHARASHTRA,115000,115 TIBETAN,1045,833,212
27,MAHARASHTRA,115008,Tibetan,1029,830,199
27,MAHARASHTRA,115011,Purkhi,6,0,6
27,MAHARASHTRA,115999,115 Others,10,3,7
27,MAHARASHTRA,116000,116 TRIPURI,118,12,106
27,MAHARASHTRA,116007,Kokbarak,50,7,43
27,MAHARASHTRA,116011,Reang,4,0,4
27,MAHARASHTRA,116014,Tripuri,57,5,52
27,MAHARASHTRA,116999,116 Others,7,0,7
27,MAHARASHTRA,117000,117 TULU,120072,2605,117467
27,MAHARASHTRA,117009,Tulu,119293,2446,116847
27,MAHARASHTRA,117999,117 Others,779,159,620
27,MAHARASHTRA,118000,118 VAIPHEI,15,2,13
27,MAHARASHTRA,118002,Vaiphei,15,2,13
27,MAHARASHTRA,119000,119 WANCHO,3,0,3
27,MAHARASHTRA,119001,Wancho,3,0,3
27,MAHARASHTRA,120000,120 YIMCHUNGRE,13,2,11
27,MAHARASHTRA,120001,Chirr,11,0,11
27,MAHARASHTRA,120999,120 Others,2,2,0
27,MAHARASHTRA,121000,121 ZELIANG,2,0,2
27,MAHARASHTRA,121001,Zeliang,2,0,2
27,MAHARASHTRA,122000,122 ZEMI,68,3,65
27,MAHARASHTRA,122003,Zemi,68,3,65
27,MAHARASHTRA,124000,124 OTHERS,134081,65915,68166
28,ANDHRA PRADESH,001000,1 ASSAMESE,2648,449,2199
28,ANDHRA PRADESH,001002,Assamese,2573,449,2124
28,ANDHRA PRADESH,001999,1 Others,75,0,75
28,ANDHRA PRADESH,002000,2 BENGALI,57804,21592,36212
28,ANDHRA PRADESH,002007,Bengali,57785,21586,36199
28,ANDHRA PRADESH,002011,Chakma,7,0,7
28,ANDHRA PRADESH,002015,Haijong/Hajong,1,0,1
28,ANDHRA PRADESH,002999,2 Others,11,6,5
28,ANDHRA PRADESH,003000,3 BODO,606,30,576
28,ANDHRA PRADESH,003001,Bodo/Boro,135,8,127
28,ANDHRA PRADESH,003003,Kachari,471,22,449
28,ANDHRA PRADESH,004000,4 DOGRI,769,37,732
28,ANDHRA PRADESH,004001,Dogri,769,37,732
28,ANDHRA PRADESH,005000,5 GUJARATI,58946,5348,53598
28,ANDHRA PRADESH,005018,Gujarati,48359,3486,44873
28,ANDHRA PRADESH,005019,Gujrao/Gujrau,1,1,0
28,ANDHRA PRADESH,005052,Pattani,16,15,1
28,ANDHRA PRADESH,005057,Saurashtra/Saurashtri,2323,42,2281
28,ANDHRA PRADESH,005999,5 Others,8247,1804,6443
28,ANDHRA PRADESH,006000,6 HINDI,3120413,2255673,864740
28,ANDHRA PRADESH,006030,Awadhi,42,0,42
28,ANDHRA PRADESH,006040,Baghati/Baghati Pahari,11,8,3
28,ANDHRA PRADESH,006066,Banjari,80355,71708,8647
28,ANDHRA PRADESH,006086,Bhadrawahi,9,2,7
28,ANDHRA PRADESH,006096,Bharmauri/Gaddi,24,1,23
28,ANDHRA PRADESH,006102,Bhojpuri,8260,1131,7129
28,ANDHRA PRADESH,006123,Brajbhasha,2,0,2
28,ANDHRA PRADESH,006125,Bundeli/Bundel khandi,68,36,32
28,ANDHRA PRADESH,006133,Chambeali/Chamrali,2,0,2
28,ANDHRA PRADESH,006142,Chhattisgarhi,407,198,209
28,ANDHRA PRADESH,006149,Churahi,5,0,5
28,ANDHRA PRADESH,006173,Dhundhari,91,30,61
28,ANDHRA PRADESH,006195,Garhwali,304,42,262
28,ANDHRA PRADESH,006198,Gawari,24,2,22
28,ANDHRA PRADESH,006207,Gojri/Gujjari/Gujar,28,0,28
28,ANDHRA PRADESH,006232,Hara/Harauti,5,5,0
28,ANDHRA PRADESH,006235,Haryanvi,560,58,502
28,ANDHRA PRADESH,006240,Hindi,705179,134614,570565
28,ANDHRA PRADESH,006265,Jaunpuri/Jaunsari,2,0,2
28,ANDHRA PRADESH,006291,Kangri,4,0,4
28,ANDHRA PRADESH,006311,Khari Boli,4,4,0
28,ANDHRA PRADESH,006320,Khortha/Khotta,151,125,26
28,ANDHRA PRADESH,006336,Kulvi,235,116,119
28,ANDHRA PRADESH,006340,Kumauni,89,9,80
28,ANDHRA PRADESH,006345,Kurmali Thar,9,0,9
28,ANDHRA PRADESH,006353,Lamani/Lambadi,2024473,1857980,166493
28,ANDHRA PRADESH,006358,Lodhi,61,14,47
28,ANDHRA PRADESH,006376,Magadhi/Magahi,120,6,114
28,ANDHRA PRADESH,006391,Malvi,2,0,2
28,ANDHRA PRADESH,006394,Mandeali,5,0,5
28,ANDHRA PRADESH,006400,Marwari,76480,3578,72902
28,ANDHRA PRADESH,006409,Mewati,8,8,0
28,ANDHRA PRADESH,006420,Nagpuria,16,11,5
28,ANDHRA PRADESH,006432,Nimadi,1,0,1
28,ANDHRA PRADESH,006439,Pahari,238,11,227
28,ANDHRA PRADESH,006452,Pando/Pandwani,1,1,0
28,ANDHRA PRADESH,006489,Rajasthani,15662,3184,12478
28,ANDHRA PRADESH,006503,Sadan/Sadri,56,18,38
28,ANDHRA PRADESH,006530,Sirmauri,5,5,0
28,ANDHRA PRADESH,006541,Sugali,170896,154333,16563
28,ANDHRA PRADESH,006547,Surgujia,1,0,1
28,ANDHRA PRADESH,006548,Surjapuri,1,0,1
28,ANDHRA PRADESH,006999,6 Others,36517,28435,8082
28,ANDHRA PRADESH,007000,7 KANNADA,534144,399952,134192
28,ANDHRA PRADESH,007002,Badaga,662,626,36
28,ANDHRA PRADESH,007016,Kannada,532937,399006,133931
28,ANDHRA PRADESH,007027,Kuruba/Kurumba,55,55,0
28,ANDHRA PRADESH,007041,Prakritha/Prakritha Bhasha,19,0,19
28,ANDHRA PRADESH,007999,7 Others,471,265,206
28,ANDHRA PRADESH,008000,8 KASHMIRI,576,27,549
28,ANDHRA PRADESH,008005,Kashmiri,567,27,540
28,ANDHRA PRADESH,008010,Kishtwari,2,0,2
28,ANDHRA PRADESH,008019,Dardi,7,0,7
28,ANDHRA PRADESH,009000,9 KONKANI,2729,155,2574
28,ANDHRA PRADESH,009011,Konkani,2650,124,2526
28,ANDHRA PRADESH,009013,Kudubi/Kudumbi,7,0,7
28,ANDHRA PRADESH,009016,Malwani,2,0,2
28,ANDHRA PRADESH,009028,Gorboli/Goru/Gorwani,46,21,25
28,ANDHRA PRADESH,009999,9 Others,24,10,14
28,ANDHRA PRADESH,010000,10 MAITHILI,2827,1642,1185
28,ANDHRA PRADESH,010008,Maithili,2817,1638,1179
28,ANDHRA PRADESH,010013,Thati,10,4,6
28,ANDHRA PRADESH,011000,11 MALAYALAM,61147,8407,52740
28,ANDHRA PRADESH,011016,Malayalam,61108,8378,52730
28,ANDHRA PRADESH,011026,Yerava,14,10,4
28,ANDHRA PRADESH,011999,11 Others,25,19,6
28,ANDHRA PRADESH,012000,12 MANIPURI,1356,241,1115
28,ANDHRA PRADESH,012003,Manipuri,1356,241,1115
28,ANDHRA PRADESH,013000,13 MARATHI,674928,434526,240402
28,ANDHRA PRADESH,013004,Are,3526,3443,83
28,ANDHRA PRADESH,013060,Koli,12,7,5
28,ANDHRA PRADESH,013071,Marathi,670048,430360,239688
28,ANDHRA PRADESH,013999,13 Others,1342,716,626
28,ANDHRA PRADESH,014000,14 NEPALI,11551,2485,9066
28,ANDHRA PRADESH,014011,Nepali,11546,2482,9064
28,ANDHRA PRADESH,014999,14 Others,5,3,2
28,ANDHRA PRADESH,015000,15 ODIA,361471,263632,97839
28,ANDHRA PRADESH,015006,Bhatri,12,0,12
28,ANDHRA PRADESH,015014,Desia,1,1,0
28,ANDHRA PRADESH,015043,Odia,344569,256261,88308
28,ANDHRA PRADESH,015055,Relli,12153,4351,7802
28,ANDHRA PRADESH,015999,15 Others,4736,3019,1717
28,ANDHRA PRADESH,016000,16 PUNJABI,24413,1901,22512
28,ANDHRA PRADESH,016002,Bagri,9,2,7
28,ANDHRA PRADESH,016038,Punjabi,24379,1876,22503
28,ANDHRA PRADESH,016999,16 Others,25,23,2
28,ANDHRA PRADESH,017000,17 SANSKRIT,493,59,434
28,ANDHRA PRADESH,017002,Sanskrit,493,59,434
28,ANDHRA PRADESH,018000,18 SANTALI,226,32,194
28,ANDHRA PRADESH,018011,Mahili,1,0,1
28,ANDHRA PRADESH,018040,Santali,219,32,187
28,ANDHRA PRADESH,018999,18 Others,6,0,6
28,ANDHRA PRADESH,019000,19 SINDHI,11299,188,11111
28,ANDHRA PRADESH,019008,Kachchhi,989,35,954
28,ANDHRA PRADESH,019014,Sindhi,10304,153,10151
28,ANDHRA PRADESH,019999,19 Others,6,0,6
28,ANDHRA PRADESH,020000,20 TAMIL,713848,388188,325660
28,ANDHRA PRADESH,020006,Irula/Irular Mozhi,1,0,1
28,ANDHRA PRADESH,020009,Kaikadi,143,122,21
28,ANDHRA PRADESH,020015,Korava,273,263,10
28,ANDHRA PRADESH,020027,Tamil,625546,318459,307087
28,ANDHRA PRADESH,020029,Yerukala/Yerukula,57595,39450,18145
28,ANDHRA PRADESH,020999,20 Others,30290,29894,396
28,ANDHRA PRADESH,021000,21 TELUGU,70667780,49350893,21316887
28,ANDHRA PRADESH,021046,Telugu,70662838,49347283,21315555
28,ANDHRA PRADESH,021048,Vadari,635,507,128
28,ANDHRA PRADESH,021999,21 Others,4307,3103,1204
28,ANDHRA PRADESH,022000,22 URDU,7505623,2506042,4999581
28,ANDHRA PRADESH,022015,Urdu,7504151,2505252,4998899
28,ANDHRA PRADESH,022999,22 Others,1472,790,682
28,ANDHRA PRADESH,023000,23 ADI,50,5,45
28,ANDHRA PRADESH,023003,Adi,37,5,32
28,ANDHRA PRADESH,023040,Talgalo,1,0,1
28,ANDHRA PRADESH,023999,23 Others,12,0,12
28,ANDHRA PRADESH,024000,24 AFGHANI/KABULI/PASHTO,15,1,14
28,ANDHRA PRADESH,024001,Afghani/Kabuli/Pashto,11,1,10
28,ANDHRA PRADESH,024999,24 Others,4,0,4
28,ANDHRA PRADESH,025000,25 ANAL,2,0,2
28,ANDHRA PRADESH,025001,Anal,2,0,2
28,ANDHRA PRADESH,026000,26 ANGAMI,19,2,17
28,ANDHRA PRADESH,026002,Angami,10,1,9
28,ANDHRA PRADESH,026999,26 Others,9,1,8
28,ANDHRA PRADESH,027000,27 AO,29,0,29
28,ANDHRA PRADESH,027001,Ao,22,0,22
28,ANDHRA PRADESH,027003,Chungli,3,0,3
28,ANDHRA PRADESH,027999,27 Others,4,0,4
28,ANDHRA PRADESH,028000,28 ARABIC/ARBI,1278,552,726
28,ANDHRA PRADESH,028001,Arabic/Arbi,1278,552,726
28,ANDHRA PRADESH,030000,30 BHILI/BHILODI,5329,917,4412
28,ANDHRA PRADESH,030002,Baori,5,4,1
28,ANDHRA PRADESH,030003,Barel,167,167,0
28,ANDHRA PRADESH,030011,Chodhari,4,0,4
28,ANDHRA PRADESH,030015,Dhodia,5,0,5
28,ANDHRA PRADESH,030035,Kokna/Kokni/Kukna,268,57,211
28,ANDHRA PRADESH,030049,Mawchi,4,0,4
28,ANDHRA PRADESH,030066,Paradhi,4064,62,4002
28,ANDHRA PRADESH,030070,Rathi,4,0,4
28,ANDHRA PRADESH,030073,Tadavi,1,1,0
28,ANDHRA PRADESH,030078,Wagdi,28,14,14
28,ANDHRA PRADESH,030999,30 Others,779,612,167
28,ANDHRA PRADESH,031000,31 BHOTIA,141,72,69
28,ANDHRA PRADESH,031001,Bhotia,4,0,4
28,ANDHRA PRADESH,031999,31 Others,137,72,65
28,ANDHRA PRADESH,032000,32 BHUMIJ,8,0,8
28,ANDHRA PRADESH,032999,32 Others,8,0,8
28,ANDHRA PRADESH,034000,34 CHAKHESANG,1,0,1
28,ANDHRA PRADESH,034001,Chakhesang,1,0,1
28,ANDHRA PRADESH,035000,35 CHAKRU/CHOKRI,2,0,2
28,ANDHRA PRADESH,035001,Chakru/Chokri,2,0,2
28,ANDHRA PRADESH,036000,36 CHANG,4,1,3
28,ANDHRA PRADESH,036001,Chang,4,1,3
28,ANDHRA PRADESH,037000,37 COORGI/KODAGU,62,9,53
28,ANDHRA PRADESH,037001,Coorgi/Kodagu,62,9,53
28,ANDHRA PRADESH,038000,38 DEORI,8,2,6
28,ANDHRA PRADESH,038001,Deori,8,2,6
28,ANDHRA PRADESH,039000,39 DIMASA,17,0,17
28,ANDHRA PRADESH,039002,Dimasa,3,0,3
28,ANDHRA PRADESH,039999,39 Others,14,0,14
28,ANDHRA PRADESH,040000,40 ENGLISH,13049,2064,10985
28,ANDHRA PRADESH,040001,English,13049,2064,10985
28,ANDHRA PRADESH,041000,41 GADABA,7589,7531,58
28,ANDHRA PRADESH,041001,Gadaba,7585,7531,54
28,ANDHRA PRADESH,041999,41 Others,4,0,4
28,ANDHRA PRADESH,043000,43 GARO,151,127,24
28,ANDHRA PRADESH,043005,Garo,28,4,24
28,ANDHRA PRADESH,043999,43 Others,123,123,0
28,ANDHRA PRADESH,044000,44 GONDI,214233,205295,8938
28,ANDHRA PRADESH,044002,Dorli,3,3,0
28,ANDHRA PRADESH,044007,Gondi,212263,204548,7715
28,ANDHRA PRADESH,044013,Kalari,4,0,4
28,ANDHRA PRADESH,044017,Maria/ Muria,2,0,2
28,ANDHRA PRADESH,044999,44 Others,1961,744,1217
28,ANDHRA PRADESH,045000,45 HALABI,7,3,4
28,ANDHRA PRADESH,045001,Halabi,3,3,0
28,ANDHRA PRADESH,045999,45 Others,4,0,4
28,ANDHRA PRADESH,046000,46 HALAM,6,0,6
28,ANDHRA PRADESH,046003,Halam,3,0,3
28,ANDHRA PRADESH,046999,46 Others,3,0,3
28,ANDHRA PRADESH,047000,47 HMAR,16,0,16
28,ANDHRA PRADESH,047001,Hmar,16,0,16
28,ANDHRA PRADESH,048000,48 HO,15,3,12
28,ANDHRA PRADESH,048004,Ho,15,3,12
28,ANDHRA PRADESH,049000,49 JATAPU,19913,19863,50
28,ANDHRA PRADESH,049002,Jatapu,19907,19857,50
28,ANDHRA PRADESH,049999,49 Others,6,6,0
28,ANDHRA PRADESH,051000,51 KABUI,33,4,29
28,ANDHRA PRADESH,051003,Kabui,3,1,2
28,ANDHRA PRADESH,051005,Rongmei,30,3,27
28,ANDHRA PRADESH,053000,53 KHANDESHI,9,6,3
28,ANDHRA PRADESH,053002,Ahirani,1,0,1
28,ANDHRA PRADESH,053005,Gujari,8,6,2
28,ANDHRA PRADESH,054000,54 KHARIA,77,10,67
28,ANDHRA PRADESH,054005,Kharia,77,10,67
28,ANDHRA PRADESH,055000,55 KHASI,31,3,28
28,ANDHRA PRADESH,055007,Khasi,26,2,24
28,ANDHRA PRADESH,055009,Lyngngam,2,1,1
28,ANDHRA PRADESH,055012,Pnar/Synteng,3,0,3
28,ANDHRA PRADESH,056000,56 KHEZHA,7,1,6
28,ANDHRA PRADESH,056003,Khezha,1,0,1
28,ANDHRA PRADESH,056999,56 Others,6,1,5
28,ANDHRA PRADESH,058000,58 KHOND/KONDH,39564,39459,105
28,ANDHRA PRADESH,058001,Khond/Kondh,2235,2181,54
28,ANDHRA PRADESH,058006,Kuvi,37329,37278,51
28,ANDHRA PRADESH,059000,59 KINNAURI,12,1,11
28,ANDHRA PRADESH,059999,59 Others,12,1,11
28,ANDHRA PRADESH,061000,61 KOCH,11,1,10
28,ANDHRA PRADESH,061002,Koch,11,1,10
28,ANDHRA PRADESH,062000,62 KODA/KORA,78,75,3
28,ANDHRA PRADESH,062003,Koda/Kora,78,75,3
28,ANDHRA PRADESH,063000,63 KOLAMI,39120,38530,590
28,ANDHRA PRADESH,063001,Kolami,39120,38530,590
28,ANDHRA PRADESH,064000,64 KOM,7,4,3
28,ANDHRA PRADESH,064001,Kom,7,4,3
28,ANDHRA PRADESH,065000,65 KONDA,58115,56920,1195
28,ANDHRA PRADESH,065002,Kodu,31954,30876,1078
28,ANDHRA PRADESH,065003,Konda,24714,24610,104
28,ANDHRA PRADESH,065999,65 Others,1447,1434,13
28,ANDHRA PRADESH,066000,66 KONYAK,6,0,6
28,ANDHRA PRADESH,066001,Konyak,6,0,6
28,ANDHRA PRADESH,067000,67 KORKU,3,0,3
28,ANDHRA PRADESH,067001,Korku,1,0,1
28,ANDHRA PRADESH,067999,67 Others,2,0,2
28,ANDHRA PRADESH,068000,68 KORWA,22,17,5
28,ANDHRA PRADESH,068999,68 Others,22,17,5
28,ANDHRA PRADESH,069000,69 KOYA,262560,258154,4406
28,ANDHRA PRADESH,069002,Koya,262560,258154,4406
28,ANDHRA PRADESH,070000,70 KUI,1549,1525,24
28,ANDHRA PRADESH,070001,Kui,1549,1525,24
28,ANDHRA PRADESH,071000,71 KUKI,79,13,66
28,ANDHRA PRADESH,071008,Kuki,79,13,66
28,ANDHRA PRADESH,072000,72 KURUKH/ORAON,66,9,57
28,ANDHRA PRADESH,072024,Kurukh/Oraon,66,9,57
28,ANDHRA PRADESH,073000,73 LADAKHI,5,3,2
28,ANDHRA PRADESH,073003,Ladakhi,5,3,2
28,ANDHRA PRADESH,074000,74 LAHAULI,2,0,2
28,ANDHRA PRADESH,074999,74 Others,2,0,2
28,ANDHRA PRADESH,075000,75 LAHNDA,6007,5972,35
28,ANDHRA PRADESH,075006,Hindi Multani,5997,5972,25
28,ANDHRA PRADESH,075999,75 Others,10,0,10
28,ANDHRA PRADESH,076000,76 LAKHER,17,6,11
28,ANDHRA PRADESH,076002,Mara,17,6,11
28,ANDHRA PRADESH,078000,78 LEPCHA,3,0,3
28,ANDHRA PRADESH,078001,Lepcha,3,0,3
28,ANDHRA PRADESH,079000,79 LIANGMEI,8,1,7
28,ANDHRA PRADESH,079002,Liangmei,1,1,0
28,ANDHRA PRADESH,079999,79 Others,7,0,7
28,ANDHRA PRADESH,080000,80 LIMBU,2,2,0
28,ANDHRA PRADESH,080999,80 Others,2,2,0
28,ANDHRA PRADESH,081000,81 LOTHA,18,0,18
28,ANDHRA PRADESH,081001,Lotha,18,0,18
28,ANDHRA PRADESH,082000,82 LUSHAI/MIZO,274,25,249
28,ANDHRA PRADESH,082005,Lushai/Mizo,274,25,249
28,ANDHRA PRADESH,083000,83 MALTO,8,4,4
28,ANDHRA PRADESH,083002,Pahariya,7,3,4
28,ANDHRA PRADESH,083999,83 Others,1,1,0
28,ANDHRA PRADESH,084000,84 MAO,10,0,10
28,ANDHRA PRADESH,084001,Mao,6,0,6
28,ANDHRA PRADESH,084999,84 Others,4,0,4
28,ANDHRA PRADESH,085000,85 MARAM,1,0,1
28,ANDHRA PRADESH,085001,Maram,1,0,1
28,ANDHRA PRADESH,088000,88 MISHMI,1,0,1
28,ANDHRA PRADESH,088007,Mishmi,1,0,1
28,ANDHRA PRADESH,089000,89 MOGH,2,0,2
28,ANDHRA PRADESH,089004,Mogh,2,0,2
28,ANDHRA PRADESH,090000,90 MONPA,6,0,6
28,ANDHRA PRADESH,090003,Monpa,6,0,6
28,ANDHRA PRADESH,091000,91 MUNDA,58,8,50
28,ANDHRA PRADESH,091006,Kol,6,5,1
28,ANDHRA PRADESH,091009,Munda,42,3,39
28,ANDHRA PRADESH,091999,91 Others,10,0,10
28,ANDHRA PRADESH,092000,92 MUNDARI,47,6,41
28,ANDHRA PRADESH,092005,Mundari,47,6,41
28,ANDHRA PRADESH,093000,93 NICOBARESE,5,0,5
28,ANDHRA PRADESH,093001,Nicobarese,5,0,5
28,ANDHRA PRADESH,094000,94 NISSI/DAFLA,15,8,7
28,ANDHRA PRADESH,094001,Apatani,3,0,3
28,ANDHRA PRADESH,094007,Nissi/Dafla,9,8,1
28,ANDHRA PRADESH,094008,Tagin,1,0,1
28,ANDHRA PRADESH,094999,94 Others,2,0,2
28,ANDHRA PRADESH,096000,96 PAITE,22,0,22
28,ANDHRA PRADESH,096002,Paite,22,0,22
28,ANDHRA PRADESH,097000,97 PARJI,395,379,16
28,ANDHRA PRADESH,097001,Dhurwa,6,6,0
28,ANDHRA PRADESH,097999,97 Others,389,373,16
28,ANDHRA PRADESH,100000,100 PHOM,3,0,3
28,ANDHRA PRADESH,100001,Phom,3,0,3
28,ANDHRA PRADESH,101000,101 POCHURY,4,0,4
28,ANDHRA PRADESH,101006,Pochury,4,0,4
28,ANDHRA PRADESH,102000,102 RABHA,1,1,0
28,ANDHRA PRADESH,102002,Rabha,1,1,0
28,ANDHRA PRADESH,104000,104 RENGMA,5,1,4
28,ANDHRA PRADESH,104001,Rengma,5,1,4
28,ANDHRA PRADESH,106000,106 SAVARA,74605,73659,946
28,ANDHRA PRADESH,106004,Savara,74605,73659,946
28,ANDHRA PRADESH,107000,107 SEMA,11,2,9
28,ANDHRA PRADESH,107002,Sema,11,2,9
28,ANDHRA PRADESH,108000,108 SHERPA,19,0,19
28,ANDHRA PRADESH,108001,Sherpa,19,0,19
28,ANDHRA PRADESH,111000,111 TAMANG,1,0,1
28,ANDHRA PRADESH,111001,Tamang,1,0,1
28,ANDHRA PRADESH,112000,112 TANGKHUL,8,0,8
28,ANDHRA PRADESH,112008,Tangkhul,8,0,8
28,ANDHRA PRADESH,113000,113 TANGSA,3,0,3
28,ANDHRA PRADESH,113999,113 Others,3,0,3
28,ANDHRA PRADESH,114000,114 THADO,361,320,41
28,ANDHRA PRADESH,114015,Thado,354,320,34
28,ANDHRA PRADESH,114999,114 Others,7,0,7
28,ANDHRA PRADESH,115000,115 TIBETAN,32,16,16
28,ANDHRA PRADESH,115008,Tibetan,19,9,10
28,ANDHRA PRADESH,115011,Purkhi,1,0,1
28,ANDHRA PRADESH,115999,115 Others,12,7,5
28,ANDHRA PRADESH,116000,116 TRIPURI,39,2,37
28,ANDHRA PRADESH,116007,Kokbarak,25,2,23
28,ANDHRA PRADESH,116011,Reang,1,0,1
28,ANDHRA PRADESH,116014,Tripuri,13,0,13
28,ANDHRA PRADESH,117000,117 TULU,572,57,515
28,ANDHRA PRADESH,117009,Tulu,516,31,485
28,ANDHRA PRADESH,117999,117 Others,56,26,30
28,ANDHRA PRADESH,118000,118 VAIPHEI,106,90,16
28,ANDHRA PRADESH,118002,Vaiphei,106,90,16
28,ANDHRA PRADESH,119000,119 WANCHO,7,0,7
28,ANDHRA PRADESH,119001,Wancho,7,0,7
28,ANDHRA PRADESH,121000,121 ZELIANG,1,0,1
28,ANDHRA PRADESH,121001,Zeliang,1,0,1
28,ANDHRA PRADESH,123000,123 ZOU,30,0,30
28,ANDHRA PRADESH,123001,Zou,30,0,30
28,ANDHRA PRADESH,124000,124 OTHERS,19173,8462,10711
29,KARNATAKA,001000,1 ASSAMESE,9871,2984,6887
29,KARNATAKA,001002,Assamese,9724,2971,6753
29,KARNATAKA,001999,1 Others,147,13,134
29,KARNATAKA,002000,2 BENGALI,87963,21595,66368
29,KARNATAKA,002007,Bengali,87889,21592,66297
29,KARNATAKA,002011,Chakma,52,1,51
29,KARNATAKA,002015,Haijong/Hajong,1,1,0
29,KARNATAKA,002999,2 Others,21,1,20
29,KARNATAKA,003000,3 BODO,439,183,256
29,KARNATAKA,003001,Bodo/Boro,430,182,248
29,KARNATAKA,003003,Kachari,9,1,8
29,KARNATAKA,004000,4 DOGRI,834,116,718
29,KARNATAKA,004001,Dogri,834,116,718
29,KARNATAKA,005000,5 GUJARATI,114616,11083,103533
29,KARNATAKA,005018,Gujarati,66265,8979,57286
29,KARNATAKA,005052,Pattani,42,0,42
29,KARNATAKA,005054,Ponchi,6,0,6
29,KARNATAKA,005057,Saurashtra/Saurashtri,4399,56,4343
29,KARNATAKA,005999,5 Others,43904,2048,41856
29,KARNATAKA,006000,6 HINDI,2013364,1088225,925139
29,KARNATAKA,006030,Awadhi,53,7,46
29,KARNATAKA,006040,Baghati/Baghati Pahari,8,3,5
29,KARNATAKA,006042,Bagheli/Baghel Khandi,26,3,23
29,KARNATAKA,006066,Banjari,25373,21309,4064
29,KARNATAKA,006086,Bhadrawahi,8,5,3
29,KARNATAKA,006096,Bharmauri/Gaddi,79,7,72
29,KARNATAKA,006102,Bhojpuri,7675,1285,6390
29,KARNATAKA,006123,Brajbhasha,5,0,5
29,KARNATAKA,006125,Bundeli/Bundel khandi,31,9,22
29,KARNATAKA,006142,Chhattisgarhi,139,51,88
29,KARNATAKA,006149,Churahi,1,0,1
29,KARNATAKA,006173,Dhundhari,87,54,33
29,KARNATAKA,006195,Garhwali,381,77,304
29,KARNATAKA,006207,Gojri/Gujjari/Gujar,77,6,71
29,KARNATAKA,006232,Hara/Harauti,1,1,0
29,KARNATAKA,006235,Haryanvi,690,108,582
29,KARNATAKA,006240,Hindi,871809,199158,672651
29,KARNATAKA,006265,Jaunpuri/Jaunsari,1,0,1
29,KARNATAKA,006291,Kangri,1,1,0
29,KARNATAKA,006311,Khari Boli,13,8,5
29,KARNATAKA,006320,Khortha/Khotta,15,9,6
29,KARNATAKA,006340,Kumauni,201,68,133
29,KARNATAKA,006345,Kurmali Thar,16,0,16
29,KARNATAKA,006353,Lamani/Lambadi,974622,859726,114896
29,KARNATAKA,006358,Lodhi,3,0,3
29,KARNATAKA,006376,Magadhi/Magahi,144,19,125
29,KARNATAKA,006391,Malvi,20,0,20
29,KARNATAKA,006394,Mandeali,3,2,1
29,KARNATAKA,006400,Marwari,100214,2398,97816
29,KARNATAKA,006408,Mewari,9,0,9
29,KARNATAKA,006409,Mewati,6,0,6
29,KARNATAKA,006420,Nagpuria,25,11,14
29,KARNATAKA,006432,Nimadi,11,0,11
29,KARNATAKA,006438,Padari,1,1,0
29,KARNATAKA,006439,Pahari,163,23,140
29,KARNATAKA,006466,Pawari/Powari,34,32,2
29,KARNATAKA,006489,Rajasthani,24087,2198,21889
29,KARNATAKA,006503,Sadan/Sadri,152,34,118
29,KARNATAKA,006541,Sugali,76,23,53
29,KARNATAKA,006548,Surjapuri,13,2,11
29,KARNATAKA,006999,6 Others,7091,1587,5504
29,KARNATAKA,007000,7 KANNADA,40651090,29040962,11610128
29,KARNATAKA,007002,Badaga,619,42,577
29,KARNATAKA,007016,Kannada,40622836,29019265,11603571
29,KARNATAKA,007027,Kuruba/Kurumba,15674,15073,601
29,KARNATAKA,007041,Prakritha/Prakritha Bhasha,385,19,366
29,KARNATAKA,007999,7 Others,11576,6563,5013
29,KARNATAKA,008000,8 KASHMIRI,3388,833,2555
29,KARNATAKA,008005,Kashmiri,2972,434,2538
29,KARNATAKA,008010,Kishtwari,1,0,1
29,KARNATAKA,008019,Dardi,403,399,4
29,KARNATAKA,008999,8 Others,12,0,12
29,KARNATAKA,009000,9 KONKANI,788294,357372,430922
29,KARNATAKA,009011,Konkani,764196,340350,423846
29,KARNATAKA,009013,Kudubi/Kudumbi,9053,8453,600
29,KARNATAKA,009016,Malwani,14,5,9
29,KARNATAKA,009020,Nawait,12775,7009,5766
29,KARNATAKA,009028,Gorboli/Goru/Gorwani,21,0,21
29,KARNATAKA,009999,9 Others,2235,1555,680
29,KARNATAKA,010000,10 MAITHILI,1810,163,1647
29,KARNATAKA,010008,Maithili,1757,134,1623
29,KARNATAKA,010011,Purbi Maithili,1,0,1
29,KARNATAKA,010013,Thati,42,20,22
29,KARNATAKA,010014,Tharu,10,9,1
29,KARNATAKA,011000,11 MALAYALAM,774057,339952,434105
29,KARNATAKA,011016,Malayalam,745903,312494,433409
29,KARNATAKA,011023,Pania,257,247,10
29,KARNATAKA,011026,Yerava,26536,25889,647
29,KARNATAKA,011999,11 Others,1361,1322,39
29,KARNATAKA,012000,12 MANIPURI,4103,303,3800
29,KARNATAKA,012003,Manipuri,4073,303,3770
29,KARNATAKA,012999,12 Others,30,0,30
29,KARNATAKA,013000,13 MARATHI,2064906,1237722,827184
29,KARNATAKA,013004,Are,50339,45914,4425
29,KARNATAKA,013060,Koli,9,1,8
29,KARNATAKA,013071,Marathi,2013090,1190734,822356
29,KARNATAKA,013999,13 Others,1468,1073,395
29,KARNATAKA,014000,14 NEPALI,19274,3940,15334
29,KARNATAKA,014011,Nepali,19263,3940,15323
29,KARNATAKA,014999,14 Others,11,0,11
29,KARNATAKA,015000,15 ODIA,64119,16212,47907
29,KARNATAKA,015006,Bhatri,2,0,2
29,KARNATAKA,015007,Bhuiya/Bhuyan[Ori],1,0,1
29,KARNATAKA,015043,Odia,63917,16077,47840
29,KARNATAKA,015058,Sambalpuri,22,16,6
29,KARNATAKA,015999,15 Others,177,119,58
29,KARNATAKA,016000,16 PUNJABI,25981,1085,24896
29,KARNATAKA,016002,Bagri,3,0,3
29,KARNATAKA,016038,Punjabi,25910,1081,24829
29,KARNATAKA,016999,16 Others,68,4,64
29,KARNATAKA,017000,17 SANSKRIT,1218,202,1016
29,KARNATAKA,017002,Sanskrit,1218,202,1016
29,KARNATAKA,018000,18 SANTALI,311,76,235
29,KARNATAKA,018011,Mahili,9,0,9
29,KARNATAKA,018040,Santali,300,75,225
29,KARNATAKA,018999,18 Others,2,1,1
29,KARNATAKA,019000,19 SINDHI,16954,86,16868
29,KARNATAKA,019002,Bhatia,15,0,15
29,KARNATAKA,019008,Kachchhi,2008,19,1989
29,KARNATAKA,019014,Sindhi,14923,67,14856
29,KARNATAKA,019999,19 Others,8,0,8
29,KARNATAKA,020000,20 TAMIL,2110128,332578,1777550
29,KARNATAKA,020009,Kaikadi,523,282,241
29,KARNATAKA,020015,Korava,8385,3769,4616
29,KARNATAKA,020027,Tamil,2101032,328485,1772547
29,KARNATAKA,020999,20 Others,188,42,146
29,KARNATAKA,021000,21 TELUGU,3569400,1617894,1951506
29,KARNATAKA,021046,Telugu,3565618,1616012,1949606
29,KARNATAKA,021048,Vadari,204,176,28
29,KARNATAKA,021999,21 Others,3578,1706,1872
29,KARNATAKA,022000,22 URDU,6618324,2142104,4476220
29,KARNATAKA,022015,Urdu,6617850,2141897,4475953
29,KARNATAKA,022016,Bhansari,27,15,12
29,KARNATAKA,022999,22 Others,447,192,255
29,KARNATAKA,023000,23 ADI,136,32,104
29,KARNATAKA,023003,Adi,61,13,48
29,KARNATAKA,023006,Adi Gallong/Gallong,7,0,7
29,KARNATAKA,023010,Adi Miniyong/Miniyong,2,1,1
29,KARNATAKA,023040,Talgalo,26,6,20
29,KARNATAKA,023999,23 Others,40,12,28
29,KARNATAKA,024000,24 AFGHANI/KABULI/PASHTO,27,0,27
29,KARNATAKA,024001,Afghani/Kabuli/Pashto,21,0,21
29,KARNATAKA,024999,24 Others,6,0,6
29,KARNATAKA,025000,25 ANAL,14,2,12
29,KARNATAKA,025001,Anal,14,2,12
29,KARNATAKA,026000,26 ANGAMI,57,2,55
29,KARNATAKA,026002,Angami,51,2,49
29,KARNATAKA,026999,26 Others,6,0,6
29,KARNATAKA,027000,27 AO,60,4,56
29,KARNATAKA,027001,Ao,26,2,24
29,KARNATAKA,027005,Mongsen,3,2,1
29,KARNATAKA,027999,27 Others,31,0,31
29,KARNATAKA,028000,28 ARABIC/ARBI,1159,552,607
29,KARNATAKA,028001,Arabic/Arbi,1159,552,607
29,KARNATAKA,030000,30 BHILI/BHILODI,2621,1667,954
29,KARNATAKA,030002,Baori,2,0,2
29,KARNATAKA,030003,Barel,1,0,1
29,KARNATAKA,030006,Bhilali,1,1,0
29,KARNATAKA,030007,Bhili/Bhilodi,4,0,4
29,KARNATAKA,030011,Chodhari,29,0,29
29,KARNATAKA,030035,Kokna/Kokni/Kukna,55,18,37
29,KARNATAKA,030049,Mawchi,5,0,5
29,KARNATAKA,030066,Paradhi,454,197,257
29,KARNATAKA,030073,Tadavi,3,0,3
29,KARNATAKA,030078,Wagdi,575,393,182
29,KARNATAKA,030999,30 Others,1492,1058,434
29,KARNATAKA,031000,31 BHOTIA,888,488,400
29,KARNATAKA,031001,Bhotia,366,344,22
29,KARNATAKA,031999,31 Others,522,144,378
29,KARNATAKA,032000,32 BHUMIJ,11,2,9
29,KARNATAKA,032999,32 Others,11,2,9
29,KARNATAKA,033000,33 BISHNUPURIYA,15,0,15
29,KARNATAKA,033003,Bishnupriya Manipuri/Manipuri Bishnupriya,2,0,2
29,KARNATAKA,033999,33 Others,13,0,13
29,KARNATAKA,034000,34 CHAKHESANG,2,0,2
29,KARNATAKA,034001,Chakhesang,2,0,2
29,KARNATAKA,035000,35 CHAKRU/CHOKRI,13,0,13
29,KARNATAKA,035001,Chakru/Chokri,13,0,13
29,KARNATAKA,036000,36 CHANG,3,1,2
29,KARNATAKA,036001,Chang,3,1,2
29,KARNATAKA,037000,37 COORGI/KODAGU,110508,76421,34087
29,KARNATAKA,037001,Coorgi/Kodagu,13630,693,12937
29,KARNATAKA,037003,Kodava,96878,75728,21150
29,KARNATAKA,038000,38 DEORI,17,0,17
29,KARNATAKA,038001,Deori,17,0,17
29,KARNATAKA,039000,39 DIMASA,20,2,18
29,KARNATAKA,039002,Dimasa,18,0,18
29,KARNATAKA,039999,39 Others,2,2,0
29,KARNATAKA,040000,40 ENGLISH,23227,1691,21536
29,KARNATAKA,040001,English,23227,1691,21536
29,KARNATAKA,041000,41 GADABA,5,1,4
29,KARNATAKA,041001,Gadaba,5,1,4
29,KARNATAKA,042000,42 GANGTE,10,0,10
29,KARNATAKA,042001,Gangte,10,0,10
29,KARNATAKA,043000,43 GARO,41,5,36
29,KARNATAKA,043005,Garo,41,5,36
29,KARNATAKA,044000,44 GONDI,1145,285,860
29,KARNATAKA,044002,Dorli,1,0,1
29,KARNATAKA,044007,Gondi,1012,283,729
29,KARNATAKA,044013,Kalari,4,0,4
29,KARNATAKA,044017,Maria/ Muria,4,0,4
29,KARNATAKA,044999,44 Others,124,2,122
29,KARNATAKA,045000,45 HALABI,76,13,63
29,KARNATAKA,045001,Halabi,1,1,0
29,KARNATAKA,045999,45 Others,75,12,63
29,KARNATAKA,046000,46 HALAM,7,0,7
29,KARNATAKA,046003,Halam,4,0,4
29,KARNATAKA,046999,46 Others,3,0,3
29,KARNATAKA,047000,47 HMAR,24,0,24
29,KARNATAKA,047001,Hmar,24,0,24
29,KARNATAKA,048000,48 HO,23,0,23
29,KARNATAKA,048004,Ho,15,0,15
29,KARNATAKA,048007,Lohara,8,0,8
29,KARNATAKA,049000,49 JATAPU,6,0,6
29,KARNATAKA,049999,49 Others,6,0,6
29,KARNATAKA,051000,51 KABUI,44,0,44
29,KARNATAKA,051003,Kabui,6,0,6
29,KARNATAKA,051005,Rongmei,38,0,38
29,KARNATAKA,052000,52 KARBI/MIKIR,38,7,31
29,KARNATAKA,052002,Karbi/Mikir,38,7,31
29,KARNATAKA,053000,53 KHANDESHI,490,487,3
29,KARNATAKA,053002,Ahirani,6,3,3
29,KARNATAKA,053999,53 Others,484,484,0
29,KARNATAKA,054000,54 KHARIA,66,18,48
29,KARNATAKA,054005,Kharia,61,15,46
29,KARNATAKA,054999,54 Others,5,3,2
29,KARNATAKA,055000,55 KHASI,359,98,261
29,KARNATAKA,055007,Khasi,257,57,200
29,KARNATAKA,055009,Lyngngam,2,1,1
29,KARNATAKA,055012,Pnar/Synteng,97,40,57
29,KARNATAKA,055999,55 Others,3,0,3
29,KARNATAKA,056000,56 KHEZHA,11,0,11
29,KARNATAKA,056003,Khezha,7,0,7
29,KARNATAKA,056999,56 Others,4,0,4
29,KARNATAKA,057000,57 KHIEMNUNGAN,6,0,6
29,KARNATAKA,057999,57 Others,6,0,6
29,KARNATAKA,058000,58 KHOND/KONDH,125,118,7
29,KARNATAKA,058001,Khond/Kondh,125,118,7
29,KARNATAKA,059000,59 KINNAURI,54,34,20
29,KARNATAKA,059003,Kinnauri,54,34,20
29,KARNATAKA,060000,60 KISAN,4,1,3
29,KARNATAKA,060002,Kisan,4,1,3
29,KARNATAKA,061000,61 KOCH,3,0,3
29,KARNATAKA,061002,Koch,3,0,3
29,KARNATAKA,062000,62 KODA/KORA,227,85,142
29,KARNATAKA,062003,Koda/Kora,227,85,142
29,KARNATAKA,064000,64 KOM,71,10,61
29,KARNATAKA,064001,Kom,71,10,61
29,KARNATAKA,065000,65 KONDA,12,5,7
29,KARNATAKA,065002,Kodu,4,4,0
29,KARNATAKA,065003,Konda,8,1,7
29,KARNATAKA,066000,66 KONYAK,5,1,4
29,KARNATAKA,066001,Konyak,5,1,4
29,KARNATAKA,067000,67 KORKU,7,3,4
29,KARNATAKA,067001,Korku,7,3,4
29,KARNATAKA,068000,68 KORWA,132,10,122
29,KARNATAKA,068003,Koraku,4,0,4
29,KARNATAKA,068999,68 Others,128,10,118
29,KARNATAKA,069000,69 KOYA,29,29,0
29,KARNATAKA,069002,Koya,29,29,0
29,KARNATAKA,070000,70 KUI,4,0,4
29,KARNATAKA,070001,Kui,4,0,4
29,KARNATAKA,071000,71 KUKI,111,4,107
29,KARNATAKA,071008,Kuki,108,4,104
29,KARNATAKA,071999,71 Others,3,0,3
29,KARNATAKA,072000,72 KURUKH/ORAON,284,117,167
29,KARNATAKA,072024,Kurukh/Oraon,281,116,165
29,KARNATAKA,072999,72 Others,3,1,2
29,KARNATAKA,073000,73 LADAKHI,666,578,88
29,KARNATAKA,073003,Ladakhi,666,578,88
29,KARNATAKA,075000,75 LAHNDA,289,15,274
29,KARNATAKA,075006,Hindi Multani,14,0,14
29,KARNATAKA,075999,75 Others,275,15,260
29,KARNATAKA,076000,76 LAKHER,66,20,46
29,KARNATAKA,076002,Mara,66,20,46
29,KARNATAKA,078000,78 LEPCHA,21,2,19
29,KARNATAKA,078001,Lepcha,21,2,19
29,KARNATAKA,080000,80 LIMBU,4,0,4
29,KARNATAKA,080002,Limbu,4,0,4
29,KARNATAKA,081000,81 LOTHA,43,0,43
29,KARNATAKA,081001,Lotha,43,0,43
29,KARNATAKA,082000,82 LUSHAI/MIZO,453,28,425
29,KARNATAKA,082005,Lushai/Mizo,453,28,425
29,KARNATAKA,083000,83 MALTO,6,0,6
29,KARNATAKA,083002,Pahariya,6,0,6
29,KARNATAKA,084000,84 MAO,49,17,32
29,KARNATAKA,084001,Mao,25,8,17
29,KARNATAKA,084003,Paola,23,8,15
29,KARNATAKA,084999,84 Others,1,1,0
29,KARNATAKA,085000,85 MARAM,6,5,1
29,KARNATAKA,085001,Maram,6,5,1
29,KARNATAKA,086000,86 MARING,8,2,6
29,KARNATAKA,086001,Maring,8,2,6
29,KARNATAKA,087000,87 MIRI/MISHING,8,0,8
29,KARNATAKA,087003,Miri/Mishing,8,0,8
29,KARNATAKA,088000,88 MISHMI,2,0,2
29,KARNATAKA,088999,88 Others,2,0,2
29,KARNATAKA,089000,89 MOGH,33,0,33
29,KARNATAKA,089004,Mogh,32,0,32
29,KARNATAKA,089999,89 Others,1,0,1
29,KARNATAKA,090000,90 MONPA,767,632,135
29,KARNATAKA,090003,Monpa,767,632,135
29,KARNATAKA,091000,91 MUNDA,176,28,148
29,KARNATAKA,091009,Munda,119,24,95
29,KARNATAKA,091999,91 Others,57,4,53
29,KARNATAKA,092000,92 MUNDARI,67,12,55
29,KARNATAKA,092005,Mundari,66,12,54
29,KARNATAKA,092999,92 Others,1,0,1
29,KARNATAKA,093000,93 NICOBARESE,3,0,3
29,KARNATAKA,093001,Nicobarese,3,0,3
29,KARNATAKA,094000,94 NISSI/DAFLA,23,4,19
29,KARNATAKA,094001,Apatani,12,3,9
29,KARNATAKA,094007,Nissi/Dafla,7,1,6
29,KARNATAKA,094008,Tagin,4,0,4
29,KARNATAKA,095000,95 NOCTE,2,1,1
29,KARNATAKA,095003,Nocte,2,1,1
29,KARNATAKA,096000,96 PAITE,118,1,117
29,KARNATAKA,096002,Paite,118,1,117
29,KARNATAKA,101000,101 POCHURY,6,0,6
29,KARNATAKA,101006,Pochury,5,0,5
29,KARNATAKA,101999,101 Others,1,0,1
29,KARNATAKA,102000,102 RABHA,2,0,2
29,KARNATAKA,102002,Rabha,2,0,2
29,KARNATAKA,104000,104 RENGMA,5,0,5
29,KARNATAKA,104001,Rengma,5,0,5
29,KARNATAKA,105000,105 SANGTAM,1,0,1
29,KARNATAKA,105004,Sangtam,1,0,1
29,KARNATAKA,106000,106 SAVARA,62,3,59
29,KARNATAKA,106004,Savara,62,3,59
29,KARNATAKA,107000,107 SEMA,57,0,57
29,KARNATAKA,107002,Sema,57,0,57
29,KARNATAKA,108000,108 SHERPA,8,3,5
29,KARNATAKA,108001,Sherpa,8,3,5
29,KARNATAKA,109000,109 SHINA,1,0,1
29,KARNATAKA,109999,109 Others,1,0,1
29,KARNATAKA,111000,111 TAMANG,5,2,3
29,KARNATAKA,111001,Tamang,5,2,3
29,KARNATAKA,112000,112 TANGKHUL,209,3,206
29,KARNATAKA,112008,Tangkhul,208,3,205
29,KARNATAKA,112999,112 Others,1,0,1
29,KARNATAKA,113000,113 TANGSA,39,8,31
29,KARNATAKA,113999,113 Others,39,8,31
29,KARNATAKA,114000,114 THADO,133,2,131
29,KARNATAKA,114015,Thado,116,2,114
29,KARNATAKA,114999,114 Others,17,0,17
29,KARNATAKA,115000,115 TIBETAN,27544,24314,3230
29,KARNATAKA,115008,Tibetan,27531,24306,3225
29,KARNATAKA,115011,Purkhi,4,0,4
29,KARNATAKA,115999,115 Others,9,8,1
29,KARNATAKA,116000,116 TRIPURI,114,18,96
29,KARNATAKA,116007,Kokbarak,58,1,57
29,KARNATAKA,116011,Reang,6,3,3
29,KARNATAKA,116014,Tripuri,38,7,31
29,KARNATAKA,116999,116 Others,12,7,5
29,KARNATAKA,117000,117 TULU,1595038,989173,605865
29,KARNATAKA,117009,Tulu,1592915,987666,605249
29,KARNATAKA,117999,117 Others,2123,1507,616
29,KARNATAKA,118000,118 VAIPHEI,38,0,38
29,KARNATAKA,118002,Vaiphei,38,0,38
29,KARNATAKA,119000,119 WANCHO,1,0,1
29,KARNATAKA,119001,Wancho,1,0,1
29,KARNATAKA,120000,120 YIMCHUNGRE,4,1,3
29,KARNATAKA,120001,Chirr,2,0,2
29,KARNATAKA,120004,Tikhir,1,1,0
29,KARNATAKA,120005,Yimchungre,1,0,1
29,KARNATAKA,122000,122 ZEMI,7,0,7
29,KARNATAKA,122003,Zemi,7,0,7
29,KARNATAKA,123000,123 ZOU,20,1,19
29,KARNATAKA,123001,Zou,20,1,19
29,KARNATAKA,124000,124 OTHERS,386552,156597,229955
30,GOA,001000,1 ASSAMESE,1107,337,770
30,GOA,001002,Assamese,1098,333,765
30,GOA,001999,1 Others,9,4,5
30,GOA,002000,2 BENGALI,7099,1283,5816
30,GOA,002007,Bengali,7099,1283,5816
30,GOA,003000,3 BODO,62,35,27
30,GOA,003001,Bodo/Boro,62,35,27
30,GOA,004000,4 DOGRI,105,0,105
30,GOA,004001,Dogri,105,0,105
30,GOA,005000,5 GUJARATI,6846,870,5976
30,GOA,005018,Gujarati,6694,856,5838
30,GOA,005019,Gujrao/Gujrau,3,0,3
30,GOA,005057,Saurashtra/Saurashtri,14,2,12
30,GOA,005999,5 Others,135,12,123
30,GOA,006000,6 HINDI,150017,26926,123091
30,GOA,006030,Awadhi,44,1,43
30,GOA,006042,Bagheli/Baghel Khandi,23,4,19
30,GOA,006066,Banjari,1728,287,1441
30,GOA,006096,Bharmauri/Gaddi,3,0,3
30,GOA,006102,Bhojpuri,9185,2135,7050
30,GOA,006123,Brajbhasha,17,0,17
30,GOA,006125,Bundeli/Bundel khandi,8,0,8
30,GOA,006133,Chambeali/Chamrali,1,0,1
30,GOA,006142,Chhattisgarhi,89,9,80
30,GOA,006173,Dhundhari,5,0,5
30,GOA,006195,Garhwali,170,18,152
30,GOA,006198,Gawari,12,5,7
30,GOA,006207,Gojri/Gujjari/Gujar,2,0,2
30,GOA,006231,Handuri,8,8,0
30,GOA,006232,Hara/Harauti,1,0,1
30,GOA,006235,Haryanvi,192,0,192
30,GOA,006240,Hindi,126020,21846,104174
30,GOA,006291,Kangri,4,0,4
30,GOA,006311,Khari Boli,2,2,0
30,GOA,006320,Khortha/Khotta,85,55,30
30,GOA,006340,Kumauni,45,0,45
30,GOA,006345,Kurmali Thar,5,0,5
30,GOA,006353,Lamani/Lambadi,7300,1416,5884
30,GOA,006358,Lodhi,10,3,7
30,GOA,006376,Magadhi/Magahi,14,12,2
30,GOA,006391,Malvi,287,200,87
30,GOA,006400,Marwari,1407,181,1226
30,GOA,006409,Mewati,34,4,30
30,GOA,006420,Nagpuria,16,12,4
30,GOA,006432,Nimadi,4,0,4
30,GOA,006439,Pahari,45,0,45
30,GOA,006452,Pando/Pandwani,1,1,0
30,GOA,006466,Pawari/Powari,1,0,1
30,GOA,006489,Rajasthani,2202,361,1841
30,GOA,006503,Sadan/Sadri,325,184,141
30,GOA,006548,Surjapuri,12,3,9
30,GOA,006999,6 Others,710,179,531
30,GOA,007000,7 KANNADA,67923,13951,53972
30,GOA,007002,Badaga,7,0,7
30,GOA,007016,Kannada,67837,13926,53911
30,GOA,007999,7 Others,79,25,54
30,GOA,008000,8 KASHMIRI,372,91,281
30,GOA,008005,Kashmiri,372,91,281
30,GOA,009000,9 KONKANI,964305,417767,546538
30,GOA,009011,Konkani,963980,417665,546315
30,GOA,009016,Malwani,195,55,140
30,GOA,009020,Nawait,71,22,49
30,GOA,009028,Gorboli/Goru/Gorwani,3,0,3
30,GOA,009999,9 Others,56,25,31
30,GOA,010000,10 MAITHILI,289,65,224
30,GOA,010008,Maithili,230,54,176
30,GOA,010011,Purbi Maithili,2,2,0
30,GOA,010013,Thati,57,9,48
30,GOA,011000,11 MALAYALAM,12983,1778,11205
30,GOA,011016,Malayalam,12975,1778,11197
30,GOA,011999,11 Others,8,0,8
30,GOA,012000,12 MANIPURI,367,124,243
30,GOA,012003,Manipuri,364,122,242
30,GOA,012999,12 Others,3,2,1
30,GOA,013000,13 MARATHI,158787,71708,87079
30,GOA,013071,Marathi,158757,71696,87061
30,GOA,013999,13 Others,30,12,18
30,GOA,014000,14 NEPALI,2600,618,1982
30,GOA,014011,Nepali,2600,618,1982
30,GOA,015000,15 ODIA,5558,1344,4214
30,GOA,015007,Bhuiya/Bhuyan[Ori],20,5,15
30,GOA,015043,Odia,5514,1337,4177
30,GOA,015999,15 Others,24,2,22
30,GOA,016000,16 PUNJABI,1959,318,1641
30,GOA,016005,Bhateali,9,0,9
30,GOA,016038,Punjabi,1930,303,1627
30,GOA,016999,16 Others,20,15,5
30,GOA,017000,17 SANSKRIT,1055,385,670
30,GOA,017002,Sanskrit,1055,385,670
30,GOA,018000,18 SANTALI,103,57,46
30,GOA,018040,Santali,103,57,46
30,GOA,019000,19 SINDHI,656,85,571
30,GOA,019008,Kachchhi,135,1,134
30,GOA,019014,Sindhi,444,51,393
30,GOA,019999,19 Others,77,33,44
30,GOA,020000,20 TAMIL,6947,1284,5663
30,GOA,020006,Irula/Irular Mozhi,1,0,1
30,GOA,020009,Kaikadi,3,0,3
30,GOA,020015,Korava,3,0,3
30,GOA,020027,Tamil,6939,1284,5655
30,GOA,020999,20 Others,1,0,1
30,GOA,021000,21 TELUGU,11116,2323,8793
30,GOA,021046,Telugu,10954,2221,8733
30,GOA,021048,Vadari,123,102,21
30,GOA,021999,21 Others,39,0,39
30,GOA,022000,22 URDU,41242,5163,36079
30,GOA,022015,Urdu,41145,5145,36000
30,GOA,022999,22 Others,97,18,79
30,GOA,023000,23 ADI,10,7,3
30,GOA,023003,Adi,1,0,1
30,GOA,023006,Adi Gallong/Gallong,4,4,0
30,GOA,023040,Talgalo,2,0,2
30,GOA,023999,23 Others,3,3,0
30,GOA,024000,24 AFGHANI/KABULI/PASHTO,14,0,14
30,GOA,024001,Afghani/Kabuli/Pashto,11,0,11
30,GOA,024999,24 Others,3,0,3
30,GOA,025000,25 ANAL,4,0,4
30,GOA,025999,25 Others,4,0,4
30,GOA,026000,26 ANGAMI,22,20,2
30,GOA,026002,Angami,22,20,2
30,GOA,027000,27 AO,5,0,5
30,GOA,027001,Ao,1,0,1
30,GOA,027999,27 Others,4,0,4
30,GOA,028000,28 ARABIC/ARBI,73,9,64
30,GOA,028001,Arabic/Arbi,73,9,64
30,GOA,030000,30 BHILI/BHILODI,2665,1966,699
30,GOA,030007,Bhili/Bhilodi,9,8,1
30,GOA,030015,Dhodia,8,5,3
30,GOA,030035,Kokna/Kokni/Kukna,2480,1940,540
30,GOA,030049,Mawchi,1,0,1
30,GOA,030066,Paradhi,82,0,82
30,GOA,030073,Tadavi,37,11,26
30,GOA,030999,30 Others,48,2,46
30,GOA,031000,31 BHOTIA,2,0,2
30,GOA,031001,Bhotia,1,0,1
30,GOA,031999,31 Others,1,0,1
30,GOA,034000,34 CHAKHESANG,2,0,2
30,GOA,034001,Chakhesang,2,0,2
30,GOA,036000,36 CHANG,1,0,1
30,GOA,036001,Chang,1,0,1
30,GOA,037000,37 COORGI/KODAGU,57,1,56
30,GOA,037001,Coorgi/Kodagu,57,1,56
30,GOA,039000,39 DIMASA,2,0,2
30,GOA,039002,Dimasa,1,0,1
30,GOA,039999,39 Others,1,0,1
30,GOA,040000,40 ENGLISH,9765,2110,7655
30,GOA,040001,English,9765,2110,7655
30,GOA,043000,43 GARO,13,6,7
30,GOA,043005,Garo,13,6,7
30,GOA,044000,44 GONDI,234,90,144
30,GOA,044007,Gondi,11,0,11
30,GOA,044013,Kalari,215,90,125
30,GOA,044999,44 Others,8,0,8
30,GOA,045000,45 HALABI,26,3,23
30,GOA,045001,Halabi,26,3,23
30,GOA,047000,47 HMAR,2,2,0
30,GOA,047001,Hmar,2,2,0
30,GOA,051000,51 KABUI,2,0,2
30,GOA,051003,Kabui,1,0,1
30,GOA,051005,Rongmei,1,0,1
30,GOA,052000,52 KARBI/MIKIR,1,0,1
30,GOA,052002,Karbi/Mikir,1,0,1
30,GOA,053000,53 KHANDESHI,9,1,8
30,GOA,053005,Gujari,9,1,8
30,GOA,054000,54 KHARIA,76,42,34
30,GOA,054005,Kharia,76,42,34
30,GOA,055000,55 KHASI,16,3,13
30,GOA,055007,Khasi,13,3,10
30,GOA,055009,Lyngngam,1,0,1
30,GOA,055012,Pnar/Synteng,2,0,2
30,GOA,056000,56 KHEZHA,1,1,0
30,GOA,056999,56 Others,1,1,0
30,GOA,059000,59 KINNAURI,2,0,2
30,GOA,059003,Kinnauri,2,0,2
30,GOA,061000,61 KOCH,1,0,1
30,GOA,061002,Koch,1,0,1
30,GOA,063000,63 KOLAMI,160,54,106
30,GOA,063001,Kolami,160,54,106
30,GOA,064000,64 KOM,111,2,109
30,GOA,064001,Kom,111,2,109
30,GOA,065000,65 KONDA,9,9,0
30,GOA,065003,Konda,9,9,0
30,GOA,067000,67 KORKU,362,131,231
30,GOA,067001,Korku,362,131,231
30,GOA,068000,68 KORWA,5,0,5
30,GOA,068999,68 Others,5,0,5
30,GOA,070000,70 KUI,1,0,1
30,GOA,070001,Kui,1,0,1
30,GOA,071000,71 KUKI,1,0,1
30,GOA,071008,Kuki,1,0,1
30,GOA,072000,72 KURUKH/ORAON,213,130,83
30,GOA,072024,Kurukh/Oraon,211,128,83
30,GOA,072999,72 Others,2,2,0
30,GOA,073000,73 LADAKHI,4,0,4
30,GOA,073003,Ladakhi,4,0,4
30,GOA,075000,75 LAHNDA,85,23,62
30,GOA,075006,Hindi Multani,85,23,62
30,GOA,078000,78 LEPCHA,1,0,1
30,GOA,078001,Lepcha,1,0,1
30,GOA,079000,79 LIANGMEI,1,1,0
30,GOA,079002,Liangmei,1,1,0
30,GOA,080000,80 LIMBU,1,0,1
30,GOA,080002,Limbu,1,0,1
30,GOA,081000,81 LOTHA,2,1,1
30,GOA,081001,Lotha,2,1,1
30,GOA,082000,82 LUSHAI/MIZO,35,4,31
30,GOA,082005,Lushai/Mizo,35,4,31
30,GOA,083000,83 MALTO,5,5,0
30,GOA,083002,Pahariya,5,5,0
30,GOA,084000,84 MAO,3,0,3
30,GOA,084001,Mao,3,0,3
30,GOA,087000,87 MIRI/MISHING,3,1,2
30,GOA,087003,Miri/Mishing,3,1,2
30,GOA,088000,88 MISHMI,1,0,1
30,GOA,088999,88 Others,1,0,1
30,GOA,091000,91 MUNDA,71,54,17
30,GOA,091009,Munda,70,54,16
30,GOA,091999,91 Others,1,0,1
30,GOA,092000,92 MUNDARI,71,8,63
30,GOA,092005,Mundari,71,8,63
30,GOA,094000,94 NISSI/DAFLA,2,0,2
30,GOA,094007,Nissi/Dafla,1,0,1
30,GOA,094008,Tagin,1,0,1
30,GOA,096000,96 PAITE,1,1,0
30,GOA,096002,Paite,1,1,0
30,GOA,097000,97 PARJI,1,0,1
30,GOA,097001,Dhurwa,1,0,1
30,GOA,104000,104 RENGMA,1,0,1
30,GOA,104001,Rengma,1,0,1
30,GOA,105000,105 SANGTAM,1,1,0
30,GOA,105004,Sangtam,1,1,0
30,GOA,106000,106 SAVARA,8,0,8
30,GOA,106004,Savara,3,0,3
30,GOA,106999,106 Others,5,0,5
30,GOA,107000,107 SEMA,4,0,4
30,GOA,107002,Sema,4,0,4
30,GOA,108000,108 SHERPA,1,0,1
30,GOA,108001,Sherpa,1,0,1
30,GOA,111000,111 TAMANG,2,0,2
30,GOA,111001,Tamang,2,0,2
30,GOA,112000,112 TANGKHUL,14,10,4
30,GOA,112008,Tangkhul,14,10,4
30,GOA,113000,113 TANGSA,4,1,3
30,GOA,113999,113 Others,4,1,3
30,GOA,115000,115 TIBETAN,53,2,51
30,GOA,115008,Tibetan,53,2,51
30,GOA,116000,116 TRIPURI,1,0,1
30,GOA,116014,Tripuri,1,0,1
30,GOA,117000,117 TULU,929,144,785
30,GOA,117009,Tulu,912,134,778
30,GOA,117999,117 Others,17,10,7
30,GOA,120000,120 YIMCHUNGRE,1,0,1
30,GOA,120001,Chirr,1,0,1
30,GOA,121000,121 ZELIANG,1,0,1
30,GOA,121001,Zeliang,1,0,1
30,GOA,124000,124 OTHERS,1873,376,1497
31,LAKSHADWEEP,001000,1 ASSAMESE,1,0,1
31,LAKSHADWEEP,001002,Assamese,1,0,1
31,LAKSHADWEEP,002000,2 BENGALI,140,9,131
31,LAKSHADWEEP,002007,Bengali,140,9,131
31,LAKSHADWEEP,003000,3 BODO,5,0,5
31,LAKSHADWEEP,003001,Bodo/Boro,5,0,5
31,LAKSHADWEEP,005000,5 GUJARATI,24,3,21
31,LAKSHADWEEP,005018,Gujarati,23,2,21
31,LAKSHADWEEP,005057,Saurashtra/Saurashtri,1,1,0
31,LAKSHADWEEP,006000,6 HINDI,160,17,143
31,LAKSHADWEEP,006102,Bhojpuri,10,0,10
31,LAKSHADWEEP,006173,Dhundhari,1,0,1
31,LAKSHADWEEP,006195,Garhwali,1,0,1
31,LAKSHADWEEP,006235,Haryanvi,7,0,7
31,LAKSHADWEEP,006240,Hindi,133,17,116
31,LAKSHADWEEP,006489,Rajasthani,4,0,4
31,LAKSHADWEEP,006541,Sugali,3,0,3
31,LAKSHADWEEP,006999,6 Others,1,0,1
31,LAKSHADWEEP,007000,7 KANNADA,37,21,16
31,LAKSHADWEEP,007016,Kannada,37,21,16
31,LAKSHADWEEP,009000,9 KONKANI,1,0,1
31,LAKSHADWEEP,009011,Konkani,1,0,1
31,LAKSHADWEEP,011000,11 MALAYALAM,54264,13870,40394
31,LAKSHADWEEP,011016,Malayalam,54264,13870,40394
31,LAKSHADWEEP,013000,13 MARATHI,26,5,21
31,LAKSHADWEEP,013071,Marathi,26,5,21
31,LAKSHADWEEP,014000,14 NEPALI,4,0,4
31,LAKSHADWEEP,014011,Nepali,4,0,4
31,LAKSHADWEEP,015000,15 ODIA,40,13,27
31,LAKSHADWEEP,015043,Odia,39,13,26
31,LAKSHADWEEP,015999,15 Others,1,0,1
31,LAKSHADWEEP,016000,16 PUNJABI,4,0,4
31,LAKSHADWEEP,016038,Punjabi,4,0,4
31,LAKSHADWEEP,019000,19 SINDHI,7,0,7
31,LAKSHADWEEP,019008,Kachchhi,7,0,7
31,LAKSHADWEEP,020000,20 TAMIL,364,145,219
31,LAKSHADWEEP,020027,Tamil,364,145,219
31,LAKSHADWEEP,021000,21 TELUGU,42,4,38
31,LAKSHADWEEP,021046,Telugu,42,4,38
31,LAKSHADWEEP,022000,22 URDU,32,0,32
31,LAKSHADWEEP,022015,Urdu,31,0,31
31,LAKSHADWEEP,022999,22 Others,1,0,1
31,LAKSHADWEEP,023000,23 ADI,2,0,2
31,LAKSHADWEEP,023040,Talgalo,2,0,2
31,LAKSHADWEEP,024000,24 AFGHANI/KABULI/PASHTO,3,0,3
31,LAKSHADWEEP,024001,Afghani/Kabuli/Pashto,3,0,3
31,LAKSHADWEEP,040000,40 ENGLISH,1,0,1
31,LAKSHADWEEP,040001,English,1,0,1
31,LAKSHADWEEP,106000,106 SAVARA,3,3,0
31,LAKSHADWEEP,106004,Savara,3,3,0
31,LAKSHADWEEP,117000,117 TULU,2,0,2
31,LAKSHADWEEP,117009,Tulu,2,0,2
31,LAKSHADWEEP,124000,124 OTHERS,9311,51,9260
32,KERALA,001000,1 ASSAMESE,5796,3053,2743
32,KERALA,001002,Assamese,5752,3045,2707
32,KERALA,001999,1 Others,44,8,36
32,KERALA,002000,2 BENGALI,29061,12285,16776
32,KERALA,002007,Bengali,29059,12283,16776
32,KERALA,002044,Rajbangsi,2,2,0
32,KERALA,003000,3 BODO,47,33,14
32,KERALA,003001,Bodo/Boro,44,32,12
32,KERALA,003003,Kachari,2,0,2
32,KERALA,003004,Mech/Mechhia,1,1,0
32,KERALA,004000,4 DOGRI,225,28,197
32,KERALA,004001,Dogri,225,28,197
32,KERALA,005000,5 GUJARATI,4710,352,4358
32,KERALA,005018,Gujarati,4460,280,4180
32,KERALA,005052,Pattani,18,0,18
32,KERALA,005057,Saurashtra/Saurashtri,144,16,128
32,KERALA,005999,5 Others,88,56,32
32,KERALA,006000,6 HINDI,51928,12428,39500
32,KERALA,006030,Awadhi,30,1,29
32,KERALA,006040,Baghati/Baghati Pahari,5,3,2
32,KERALA,006042,Bagheli/Baghel Khandi,68,0,68
32,KERALA,006102,Bhojpuri,1688,306,1382
32,KERALA,006123,Brajbhasha,22,2,20
32,KERALA,006125,Bundeli/Bundel khandi,12,7,5
32,KERALA,006142,Chhattisgarhi,16,13,3
32,KERALA,006173,Dhundhari,23,5,18
32,KERALA,006195,Garhwali,66,3,63
32,KERALA,006207,Gojri/Gujjari/Gujar,29,22,7
32,KERALA,006232,Hara/Harauti,7,7,0
32,KERALA,006235,Haryanvi,390,28,362
32,KERALA,006240,Hindi,45817,11257,34560
32,KERALA,006265,Jaunpuri/Jaunsari,3,1,2
32,KERALA,006291,Kangri,1,0,1
32,KERALA,006320,Khortha/Khotta,18,2,16
32,KERALA,006340,Kumauni,31,0,31
32,KERALA,006345,Kurmali Thar,1,1,0
32,KERALA,006353,Lamani/Lambadi,54,0,54
32,KERALA,006376,Magadhi/Magahi,61,3,58
32,KERALA,006394,Mandeali,2,2,0
32,KERALA,006400,Marwari,571,37,534
32,KERALA,006409,Mewati,1,1,0
32,KERALA,006420,Nagpuria,11,9,2
32,KERALA,006439,Pahari,70,7,63
32,KERALA,006489,Rajasthani,1279,185,1094
32,KERALA,006503,Sadan/Sadri,120,37,83
32,KERALA,006541,Sugali,4,0,4
32,KERALA,006548,Surjapuri,5,0,5
32,KERALA,006999,6 Others,1523,489,1034
32,KERALA,007000,7 KANNADA,86995,58195,28800
32,KERALA,007002,Badaga,20,1,19
32,KERALA,007016,Kannada,78067,49503,28564
32,KERALA,007027,Kuruba/Kurumba,3257,3245,12
32,KERALA,007041,Prakritha/Prakritha Bhasha,12,12,0
32,KERALA,007999,7 Others,5639,5434,205
32,KERALA,008000,8 KASHMIRI,651,107,544
32,KERALA,008005,Kashmiri,645,101,544
32,KERALA,008019,Dardi,6,6,0
32,KERALA,009000,9 KONKANI,69449,16312,53137
32,KERALA,009011,Konkani,68595,16148,52447
32,KERALA,009013,Kudubi/Kudumbi,655,70,585
32,KERALA,009020,Nawait,98,0,98
32,KERALA,009999,9 Others,101,94,7
32,KERALA,010000,10 MAITHILI,214,24,190
32,KERALA,010008,Maithili,214,24,190
32,KERALA,011000,11 MALAYALAM,32413213,16867245,15545968
32,KERALA,011016,Malayalam,32393324,16848670,15544654
32,KERALA,011023,Pania,15530,14804,726
32,KERALA,011999,11 Others,4359,3771,588
32,KERALA,012000,12 MANIPURI,444,91,353
32,KERALA,012003,Manipuri,442,90,352
32,KERALA,012999,12 Others,2,1,1
32,KERALA,013000,13 MARATHI,31642,23942,7700
32,KERALA,013060,Koli,3,3,0
32,KERALA,013071,Marathi,31559,23873,7686
32,KERALA,013999,13 Others,80,66,14
32,KERALA,014000,14 NEPALI,3665,1026,2639
32,KERALA,014011,Nepali,3658,1025,2633
32,KERALA,014999,14 Others,7,1,6
32,KERALA,015000,15 ODIA,10958,4123,6835
32,KERALA,015043,Odia,10911,4078,6833
32,KERALA,015999,15 Others,47,45,2
32,KERALA,016000,16 PUNJABI,1380,178,1202
32,KERALA,016038,Punjabi,1344,156,1188
32,KERALA,016999,16 Others,36,22,14
32,KERALA,017000,17 SANSKRIT,278,95,183
32,KERALA,017002,Sanskrit,278,95,183
32,KERALA,018000,18 SANTALI,114,72,42
32,KERALA,018040,Santali,114,72,42
32,KERALA,019000,19 SINDHI,1251,9,1242
32,KERALA,019008,Kachchhi,1097,8,1089
32,KERALA,019014,Sindhi,154,1,153
32,KERALA,020000,20 TAMIL,502516,346256,156260
32,KERALA,020006,Irula/Irular Mozhi,3562,3562,0
32,KERALA,020027,Tamil,498938,342679,156259
32,KERALA,020999,20 Others,16,15,1
32,KERALA,021000,21 TELUGU,35380,17678,17702
32,KERALA,021046,Telugu,35355,17669,17686
32,KERALA,021999,21 Others,25,9,16
32,KERALA,022000,22 URDU,13122,4002,9120
32,KERALA,022015,Urdu,13087,3992,9095
32,KERALA,022999,22 Others,35,10,25
32,KERALA,023000,23 ADI,29,20,9
32,KERALA,023003,Adi,24,20,4
32,KERALA,023006,Adi Gallong/Gallong,4,0,4
32,KERALA,023040,Talgalo,1,0,1
32,KERALA,024000,24 AFGHANI/KABULI/PASHTO,12,2,10
32,KERALA,024001,Afghani/Kabuli/Pashto,12,2,10
32,KERALA,025000,25 ANAL,1,0,1
32,KERALA,025001,Anal,1,0,1
32,KERALA,026000,26 ANGAMI,3,0,3
32,KERALA,026002,Angami,1,0,1
32,KERALA,026999,26 Others,2,0,2
32,KERALA,027000,27 AO,5,1,4
32,KERALA,027001,Ao,2,1,1
32,KERALA,027999,27 Others,3,0,3
32,KERALA,028000,28 ARABIC/ARBI,240,111,129
32,KERALA,028001,Arabic/Arbi,240,111,129
32,KERALA,030000,30 BHILI/BHILODI,3458,3187,271
32,KERALA,030002,Baori,360,171,189
32,KERALA,030007,Bhili/Bhilodi,7,7,0
32,KERALA,030020,Gamti/Gavit,1,0,1
32,KERALA,030035,Kokna/Kokni/Kukna,2,0,2
32,KERALA,030999,30 Others,3088,3009,79
32,KERALA,031000,31 BHOTIA,5,0,5
32,KERALA,031999,31 Others,5,0,5
32,KERALA,037000,37 COORGI/KODAGU,75,30,45
32,KERALA,037001,Coorgi/Kodagu,75,30,45
32,KERALA,040000,40 ENGLISH,4471,1142,3329
32,KERALA,040001,English,4471,1142,3329
32,KERALA,043000,43 GARO,6,3,3
32,KERALA,043005,Garo,6,3,3
32,KERALA,044000,44 GONDI,5,0,5
32,KERALA,044002,Dorli,1,0,1
32,KERALA,044007,Gondi,4,0,4
32,KERALA,045000,45 HALABI,2,2,0
32,KERALA,045001,Halabi,2,2,0
32,KERALA,048000,48 HO,21,17,4
32,KERALA,048004,Ho,21,17,4
32,KERALA,051000,51 KABUI,5,4,1
32,KERALA,051003,Kabui,2,2,0
32,KERALA,051005,Rongmei,3,2,1
32,KERALA,052000,52 KARBI/MIKIR,13,1,12
32,KERALA,052002,Karbi/Mikir,13,1,12
32,KERALA,053000,53 KHANDESHI,1,1,0
32,KERALA,053005,Gujari,1,1,0
32,KERALA,054000,54 KHARIA,10,0,10
32,KERALA,054005,Kharia,1,0,1
32,KERALA,054999,54 Others,9,0,9
32,KERALA,055000,55 KHASI,18,11,7
32,KERALA,055007,Khasi,18,11,7
32,KERALA,058000,58 KHOND/KONDH,331,331,0
32,KERALA,058001,Khond/Kondh,331,331,0
32,KERALA,059000,59 KINNAURI,1,0,1
32,KERALA,059999,59 Others,1,0,1
32,KERALA,060000,60 KISAN,1,1,0
32,KERALA,060002,Kisan,1,1,0
32,KERALA,064000,64 KOM,12,1,11
32,KERALA,064001,Kom,12,1,11
32,KERALA,067000,67 KORKU,1,0,1
32,KERALA,067999,67 Others,1,0,1
32,KERALA,068000,68 KORWA,7,3,4
32,KERALA,068999,68 Others,7,3,4
32,KERALA,070000,70 KUI,16,9,7
32,KERALA,070001,Kui,16,9,7
32,KERALA,071000,71 KUKI,17,4,13
32,KERALA,071008,Kuki,16,3,13
32,KERALA,071999,71 Others,1,1,0
32,KERALA,072000,72 KURUKH/ORAON,56,23,33
32,KERALA,072024,Kurukh/Oraon,52,23,29
32,KERALA,072999,72 Others,4,0,4
32,KERALA,073000,73 LADAKHI,16,0,16
32,KERALA,073003,Ladakhi,16,0,16
32,KERALA,074000,74 LAHAULI,4,0,4
32,KERALA,074999,74 Others,4,0,4
32,KERALA,076000,76 LAKHER,6,5,1
32,KERALA,076002,Mara,6,5,1
32,KERALA,079000,79 LIANGMEI,3,3,0
32,KERALA,079002,Liangmei,1,1,0
32,KERALA,079999,79 Others,2,2,0
32,KERALA,081000,81 LOTHA,1,0,1
32,KERALA,081001,Lotha,1,0,1
32,KERALA,082000,82 LUSHAI/MIZO,21,4,17
32,KERALA,082005,Lushai/Mizo,21,4,17
32,KERALA,083000,83 MALTO,74,0,74
32,KERALA,083999,83 Others,74,0,74
32,KERALA,084000,84 MAO,2,1,1
32,KERALA,084001,Mao,2,1,1
32,KERALA,085000,85 MARAM,6,6,0
32,KERALA,085001,Maram,6,6,0
32,KERALA,091000,91 MUNDA,20,6,14
32,KERALA,091006,Kol,1,1,0
32,KERALA,091009,Munda,17,5,12
32,KERALA,091999,91 Others,2,0,2
32,KERALA,092000,92 MUNDARI,25,5,20
32,KERALA,092005,Mundari,25,5,20
32,KERALA,094000,94 NISSI/DAFLA,8,4,4
32,KERALA,094001,Apatani,2,1,1
32,KERALA,094007,Nissi/Dafla,5,3,2
32,KERALA,094999,94 Others,1,0,1
32,KERALA,096000,96 PAITE,6,0,6
32,KERALA,096002,Paite,6,0,6
32,KERALA,102000,102 RABHA,14,0,14
32,KERALA,102002,Rabha,14,0,14
32,KERALA,103000,103 RAI,1,0,1
32,KERALA,103999,103 Others,1,0,1
32,KERALA,104000,104 RENGMA,2,2,0
32,KERALA,104001,Rengma,2,2,0
32,KERALA,106000,106 SAVARA,10,2,8
32,KERALA,106004,Savara,10,2,8
32,KERALA,109000,109 SHINA,1,1,0
32,KERALA,109005,Shina,1,1,0
32,KERALA,111000,111 TAMANG,2,0,2
32,KERALA,111001,Tamang,2,0,2
32,KERALA,113000,113 TANGSA,20,20,0
32,KERALA,113999,113 Others,20,20,0
32,KERALA,114000,114 THADO,7,5,2
32,KERALA,114015,Thado,7,5,2
32,KERALA,115000,115 TIBETAN,7,0,7
32,KERALA,115008,Tibetan,7,0,7
32,KERALA,116000,116 TRIPURI,13,5,8
32,KERALA,116007,Kokbarak,6,5,1
32,KERALA,116014,Tripuri,7,0,7
32,KERALA,117000,117 TULU,124266,91046,33220
32,KERALA,117009,Tulu,124256,91037,33219
32,KERALA,117999,117 Others,10,9,1
32,KERALA,118000,118 VAIPHEI,2,0,2
32,KERALA,118002,Vaiphei,2,0,2
32,KERALA,119000,119 WANCHO,1,1,0
32,KERALA,119001,Wancho,1,1,0
32,KERALA,121000,121 ZELIANG,1,0,1
32,KERALA,121001,Zeliang,1,0,1
32,KERALA,122000,122 ZEMI,64,0,64
32,KERALA,122003,Zemi,64,0,64
32,KERALA,124000,124 OTHERS,9597,7581,2016
33,TAMIL NADU,001000,1 ASSAMESE,2594,674,1920
33,TAMIL NADU,001002,Assamese,2575,671,1904
33,TAMIL NADU,001999,1 Others,19,3,16
33,TAMIL NADU,002000,2 BENGALI,22969,2515,20454
33,TAMIL NADU,002007,Bengali,22930,2496,20434
33,TAMIL NADU,002011,Chakma,38,19,19
33,TAMIL NADU,002999,2 Others,1,0,1
33,TAMIL NADU,003000,3 BODO,67,13,54
33,TAMIL NADU,003001,Bodo/Boro,53,13,40
33,TAMIL NADU,003003,Kachari,14,0,14
33,TAMIL NADU,004000,4 DOGRI,934,49,885
33,TAMIL NADU,004001,Dogri,934,49,885
33,TAMIL NADU,005000,5 GUJARATI,275023,17862,257161
33,TAMIL NADU,005018,Gujarati,34793,1727,33066
33,TAMIL NADU,005052,Pattani,419,266,153
33,TAMIL NADU,005057,Saurashtra/Saurashtri,238556,15721,222835
33,TAMIL NADU,005999,5 Others,1255,148,1107
33,TAMIL NADU,006000,6 HINDI,393380,48662,344718
33,TAMIL NADU,006030,Awadhi,11,3,8
33,TAMIL NADU,006040,Baghati/Baghati Pahari,76,17,59
33,TAMIL NADU,006066,Banjari,481,460,21
33,TAMIL NADU,006086,Bhadrawahi,2,0,2
33,TAMIL NADU,006096,Bharmauri/Gaddi,6,1,5
33,TAMIL NADU,006102,Bhojpuri,944,309,635
33,TAMIL NADU,006123,Brajbhasha,20,0,20
33,TAMIL NADU,006125,Bundeli/Bundel khandi,35,1,34
33,TAMIL NADU,006142,Chhattisgarhi,136,1,135
33,TAMIL NADU,006173,Dhundhari,1,0,1
33,TAMIL NADU,006195,Garhwali,93,31,62
33,TAMIL NADU,006207,Gojri/Gujjari/Gujar,3,0,3
33,TAMIL NADU,006235,Haryanvi,118,5,113
33,TAMIL NADU,006240,Hindi,331057,36828,294229
33,TAMIL NADU,006311,Khari Boli,2,0,2
33,TAMIL NADU,006320,Khortha/Khotta,1292,271,1021
33,TAMIL NADU,006340,Kumauni,90,38,52
33,TAMIL NADU,006345,Kurmali Thar,5,0,5
33,TAMIL NADU,006353,Lamani/Lambadi,9794,9522,272
33,TAMIL NADU,006376,Magadhi/Magahi,85,11,74
33,TAMIL NADU,006394,Mandeali,4,0,4
33,TAMIL NADU,006400,Marwari,34854,226,34628
33,TAMIL NADU,006439,Pahari,85,56,29
33,TAMIL NADU,006489,Rajasthani,9792,341,9451
33,TAMIL NADU,006503,Sadan/Sadri,238,56,182
33,TAMIL NADU,006541,Sugali,4,0,4
33,TAMIL NADU,006548,Surjapuri,22,0,22
33,TAMIL NADU,006999,6 Others,4130,485,3645
33,TAMIL NADU,007000,7 KANNADA,1286175,694645,591530
33,TAMIL NADU,007002,Badaga,132102,80392,51710
33,TAMIL NADU,007016,Kannada,1141976,606611,535365
33,TAMIL NADU,007027,Kuruba/Kurumba,5134,2868,2266
33,TAMIL NADU,007041,Prakritha/Prakritha Bhasha,71,0,71
33,TAMIL NADU,007999,7 Others,6892,4774,2118
33,TAMIL NADU,008000,8 KASHMIRI,453,40,413
33,TAMIL NADU,008005,Kashmiri,450,40,410
33,TAMIL NADU,008010,Kishtwari,3,0,3
33,TAMIL NADU,009000,9 KONKANI,6098,222,5876
33,TAMIL NADU,009011,Konkani,5989,203,5786
33,TAMIL NADU,009013,Kudubi/Kudumbi,1,0,1
33,TAMIL NADU,009020,Nawait,21,0,21
33,TAMIL NADU,009999,9 Others,87,19,68
33,TAMIL NADU,010000,10 MAITHILI,380,114,266
33,TAMIL NADU,010008,Maithili,380,114,266
33,TAMIL NADU,011000,11 MALAYALAM,726096,109184,616912
33,TAMIL NADU,011016,Malayalam,718977,104745,614232
33,TAMIL NADU,011023,Pania,7000,4325,2675
33,TAMIL NADU,011999,11 Others,119,114,5
33,TAMIL NADU,012000,12 MANIPURI,928,360,568
33,TAMIL NADU,012003,Manipuri,913,358,555
33,TAMIL NADU,012999,12 Others,15,2,13
33,TAMIL NADU,013000,13 MARATHI,85454,18848,66606
33,TAMIL NADU,013071,Marathi,85380,18833,66547
33,TAMIL NADU,013999,13 Others,74,15,59
33,TAMIL NADU,014000,14 NEPALI,7575,1663,5912
33,TAMIL NADU,014011,Nepali,7574,1663,5911
33,TAMIL NADU,014999,14 Others,1,0,1
33,TAMIL NADU,015000,15 ODIA,21381,7414,13967
33,TAMIL NADU,015043,Odia,21132,7203,13929
33,TAMIL NADU,015999,15 Others,249,211,38
33,TAMIL NADU,016000,16 PUNJABI,6565,394,6171
33,TAMIL NADU,016002,Bagri,8,3,5
33,TAMIL NADU,016038,Punjabi,6555,389,6166
33,TAMIL NADU,016999,16 Others,2,2,0
33,TAMIL NADU,017000,17 SANSKRIT,803,60,743
33,TAMIL NADU,017002,Sanskrit,795,60,735
33,TAMIL NADU,017999,17 Others,8,0,8
33,TAMIL NADU,018000,18 SANTALI,156,47,109
33,TAMIL NADU,018011,Mahili,4,0,4
33,TAMIL NADU,018040,Santali,152,47,105
33,TAMIL NADU,019000,19 SINDHI,8448,58,8390
33,TAMIL NADU,019008,Kachchhi,690,7,683
33,TAMIL NADU,019014,Sindhi,7757,51,7706
33,TAMIL NADU,019999,19 Others,1,0,1
33,TAMIL NADU,020000,20 TAMIL,63753997,34096860,29657137
33,TAMIL NADU,020006,Irula/Irular Mozhi,8306,7735,571
33,TAMIL NADU,020015,Korava,1575,1415,160
33,TAMIL NADU,020027,Tamil,63743847,34087554,29656293
33,TAMIL NADU,020999,20 Others,269,156,113
33,TAMIL NADU,021000,21 TELUGU,4234302,1973884,2260418
33,TAMIL NADU,021046,Telugu,4234216,1973842,2260374
33,TAMIL NADU,021048,Vadari,16,15,1
33,TAMIL NADU,021999,21 Others,70,27,43
33,TAMIL NADU,022000,22 URDU,1264537,243487,1021050
33,TAMIL NADU,022015,Urdu,1264412,243462,1020950
33,TAMIL NADU,022016,Bhansari,53,15,38
33,TAMIL NADU,022999,22 Others,72,10,62
33,TAMIL NADU,023000,23 ADI,30,7,23
33,TAMIL NADU,023003,Adi,9,2,7
33,TAMIL NADU,023010,Adi Miniyong/Miniyong,2,0,2
33,TAMIL NADU,023040,Talgalo,2,2,0
33,TAMIL NADU,023999,23 Others,17,3,14
33,TAMIL NADU,024000,24 AFGHANI/KABULI/PASHTO,14,0,14
33,TAMIL NADU,024001,Afghani/Kabuli/Pashto,13,0,13
33,TAMIL NADU,024999,24 Others,1,0,1
33,TAMIL NADU,025000,25 ANAL,1,0,1
33,TAMIL NADU,025001,Anal,1,0,1
33,TAMIL NADU,026000,26 ANGAMI,27,3,24
33,TAMIL NADU,026002,Angami,15,0,15
33,TAMIL NADU,026999,26 Others,12,3,9
33,TAMIL NADU,027000,27 AO,6,1,5
33,TAMIL NADU,027001,Ao,5,1,4
33,TAMIL NADU,027999,27 Others,1,0,1
33,TAMIL NADU,028000,28 ARABIC/ARBI,1119,309,810
33,TAMIL NADU,028001,Arabic/Arbi,1119,309,810
33,TAMIL NADU,030000,30 BHILI/BHILODI,1405,575,830
33,TAMIL NADU,030007,Bhili/Bhilodi,2,0,2
33,TAMIL NADU,030011,Chodhari,4,0,4
33,TAMIL NADU,030015,Dhodia,15,0,15
33,TAMIL NADU,030035,Kokna/Kokni/Kukna,51,1,50
33,TAMIL NADU,030049,Mawchi,1,0,1
33,TAMIL NADU,030066,Paradhi,1,0,1
33,TAMIL NADU,030999,30 Others,1331,574,757
33,TAMIL NADU,031000,31 BHOTIA,10,6,4
33,TAMIL NADU,031001,Bhotia,6,6,0
33,TAMIL NADU,031999,31 Others,4,0,4
33,TAMIL NADU,032000,32 BHUMIJ,2,1,1
33,TAMIL NADU,032999,32 Others,2,1,1
33,TAMIL NADU,035000,35 CHAKRU/CHOKRI,5,0,5
33,TAMIL NADU,035001,Chakru/Chokri,5,0,5
33,TAMIL NADU,037000,37 COORGI/KODAGU,179,32,147
33,TAMIL NADU,037001,Coorgi/Kodagu,177,32,145
33,TAMIL NADU,037003,Kodava,2,0,2
33,TAMIL NADU,039000,39 DIMASA,51,2,49
33,TAMIL NADU,039002,Dimasa,1,0,1
33,TAMIL NADU,039999,39 Others,50,2,48
33,TAMIL NADU,040000,40 ENGLISH,24495,2279,22216
33,TAMIL NADU,040001,English,24495,2279,22216
33,TAMIL NADU,041000,41 GADABA,4,4,0
33,TAMIL NADU,041001,Gadaba,4,4,0
33,TAMIL NADU,042000,42 GANGTE,3,0,3
33,TAMIL NADU,042001,Gangte,3,0,3
33,TAMIL NADU,043000,43 GARO,12,6,6
33,TAMIL NADU,043005,Garo,12,6,6
33,TAMIL NADU,044000,44 GONDI,290,41,249
33,TAMIL NADU,044007,Gondi,232,0,232
33,TAMIL NADU,044017,Maria/ Muria,5,5,0
33,TAMIL NADU,044999,44 Others,53,36,17
33,TAMIL NADU,046000,46 HALAM,5,0,5
33,TAMIL NADU,046003,Halam,2,0,2
33,TAMIL NADU,046999,46 Others,3,0,3
33,TAMIL NADU,047000,47 HMAR,5,0,5
33,TAMIL NADU,047001,Hmar,5,0,5
33,TAMIL NADU,048000,48 HO,12,1,11
33,TAMIL NADU,048004,Ho,12,1,11
33,TAMIL NADU,051000,51 KABUI,4,2,2
33,TAMIL NADU,051005,Rongmei,4,2,2
33,TAMIL NADU,052000,52 KARBI/MIKIR,2,1,1
33,TAMIL NADU,052002,Karbi/Mikir,2,1,1
33,TAMIL NADU,053000,53 KHANDESHI,12,1,11
33,TAMIL NADU,053002,Ahirani,9,1,8
33,TAMIL NADU,053005,Gujari,3,0,3
33,TAMIL NADU,054000,54 KHARIA,18,3,15
33,TAMIL NADU,054005,Kharia,14,2,12
33,TAMIL NADU,054999,54 Others,4,1,3
33,TAMIL NADU,055000,55 KHASI,114,90,24
33,TAMIL NADU,055007,Khasi,73,52,21
33,TAMIL NADU,055012,Pnar/Synteng,37,35,2
33,TAMIL NADU,055015,War,1,1,0
33,TAMIL NADU,055999,55 Others,3,2,1
33,TAMIL NADU,056000,56 KHEZHA,5,2,3
33,TAMIL NADU,056999,56 Others,5,2,3
33,TAMIL NADU,058000,58 KHOND/KONDH,2,2,0
33,TAMIL NADU,058006,Kuvi,2,2,0
33,TAMIL NADU,060000,60 KISAN,3,0,3
33,TAMIL NADU,060002,Kisan,3,0,3
33,TAMIL NADU,061000,61 KOCH,3,0,3
33,TAMIL NADU,061002,Koch,3,0,3
33,TAMIL NADU,062000,62 KODA/KORA,8,3,5
33,TAMIL NADU,062003,Koda/Kora,8,3,5
33,TAMIL NADU,064000,64 KOM,6,0,6
33,TAMIL NADU,064001,Kom,6,0,6
33,TAMIL NADU,065000,65 KONDA,10,0,10
33,TAMIL NADU,065002,Kodu,1,0,1
33,TAMIL NADU,065003,Konda,1,0,1
33,TAMIL NADU,065999,65 Others,8,0,8
33,TAMIL NADU,067000,67 KORKU,12,0,12
33,TAMIL NADU,067001,Korku,9,0,9
33,TAMIL NADU,067999,67 Others,3,0,3
33,TAMIL NADU,068000,68 KORWA,11,5,6
33,TAMIL NADU,068999,68 Others,11,5,6
33,TAMIL NADU,070000,70 KUI,4,0,4
33,TAMIL NADU,070999,70 Others,4,0,4
33,TAMIL NADU,071000,71 KUKI,32,0,32
33,TAMIL NADU,071008,Kuki,32,0,32
33,TAMIL NADU,072000,72 KURUKH/ORAON,817,362,455
33,TAMIL NADU,072024,Kurukh/Oraon,816,362,454
33,TAMIL NADU,072999,72 Others,1,0,1
33,TAMIL NADU,073000,73 LADAKHI,15,6,9
33,TAMIL NADU,073003,Ladakhi,15,6,9
33,TAMIL NADU,074000,74 LAHAULI,44,15,29
33,TAMIL NADU,074002,Lahauli,1,0,1
33,TAMIL NADU,074999,74 Others,43,15,28
33,TAMIL NADU,075000,75 LAHNDA,18,1,17
33,TAMIL NADU,075006,Hindi Multani,7,0,7
33,TAMIL NADU,075999,75 Others,11,1,10
33,TAMIL NADU,076000,76 LAKHER,22,6,16
33,TAMIL NADU,076002,Mara,22,6,16
33,TAMIL NADU,078000,78 LEPCHA,16,9,7
33,TAMIL NADU,078001,Lepcha,16,9,7
33,TAMIL NADU,080000,80 LIMBU,1,0,1
33,TAMIL NADU,080999,80 Others,1,0,1
33,TAMIL NADU,081000,81 LOTHA,10,1,9
33,TAMIL NADU,081001,Lotha,10,1,9
33,TAMIL NADU,082000,82 LUSHAI/MIZO,120,10,110
33,TAMIL NADU,082005,Lushai/Mizo,120,10,110
33,TAMIL NADU,083000,83 MALTO,3,3,0
33,TAMIL NADU,083999,83 Others,3,3,0
33,TAMIL NADU,084000,84 MAO,9,0,9
33,TAMIL NADU,084001,Mao,9,0,9
33,TAMIL NADU,085000,85 MARAM,1,1,0
33,TAMIL NADU,085001,Maram,1,1,0
33,TAMIL NADU,086000,86 MARING,2,0,2
33,TAMIL NADU,086001,Maring,2,0,2
33,TAMIL NADU,088000,88 MISHMI,3,2,1
33,TAMIL NADU,088007,Mishmi,1,0,1
33,TAMIL NADU,088999,88 Others,2,2,0
33,TAMIL NADU,089000,89 MOGH,7,0,7
33,TAMIL NADU,089004,Mogh,3,0,3
33,TAMIL NADU,089999,89 Others,4,0,4
33,TAMIL NADU,090000,90 MONPA,24,1,23
33,TAMIL NADU,090003,Monpa,24,1,23
33,TAMIL NADU,091000,91 MUNDA,130,9,121
33,TAMIL NADU,091009,Munda,125,9,116
33,TAMIL NADU,091999,91 Others,5,0,5
33,TAMIL NADU,092000,92 MUNDARI,39,2,37
33,TAMIL NADU,092005,Mundari,39,2,37
33,TAMIL NADU,093000,93 NICOBARESE,124,48,76
33,TAMIL NADU,093001,Nicobarese,124,48,76
33,TAMIL NADU,094000,94 NISSI/DAFLA,46,17,29
33,TAMIL NADU,094001,Apatani,6,0,6
33,TAMIL NADU,094007,Nissi/Dafla,39,16,23
33,TAMIL NADU,094999,94 Others,1,1,0
33,TAMIL NADU,096000,96 PAITE,12,0,12
33,TAMIL NADU,096002,Paite,12,0,12
33,TAMIL NADU,097000,97 PARJI,5,0,5
33,TAMIL NADU,097001,Dhurwa,5,0,5
33,TAMIL NADU,101000,101 POCHURY,15,0,15
33,TAMIL NADU,101006,Pochury,15,0,15
33,TAMIL NADU,102000,102 RABHA,1,0,1
33,TAMIL NADU,102002,Rabha,1,0,1
33,TAMIL NADU,104000,104 RENGMA,2,0,2
33,TAMIL NADU,104001,Rengma,2,0,2
33,TAMIL NADU,105000,105 SANGTAM,4,0,4
33,TAMIL NADU,105004,Sangtam,4,0,4
33,TAMIL NADU,106000,106 SAVARA,57,6,51
33,TAMIL NADU,106004,Savara,57,6,51
33,TAMIL NADU,107000,107 SEMA,34,1,33
33,TAMIL NADU,107002,Sema,34,1,33
33,TAMIL NADU,112000,112 TANGKHUL,17,3,14
33,TAMIL NADU,112008,Tangkhul,17,3,14
33,TAMIL NADU,113000,113 TANGSA,1,1,0
33,TAMIL NADU,113999,113 Others,1,1,0
33,TAMIL NADU,114000,114 THADO,69,43,26
33,TAMIL NADU,114015,Thado,59,38,21
33,TAMIL NADU,114999,114 Others,10,5,5
33,TAMIL NADU,115000,115 TIBETAN,249,15,234
33,TAMIL NADU,115008,Tibetan,238,6,232
33,TAMIL NADU,115011,Purkhi,6,5,1
33,TAMIL NADU,115999,115 Others,5,4,1
33,TAMIL NADU,116000,116 TRIPURI,23,3,20
33,TAMIL NADU,116007,Kokbarak,8,3,5
33,TAMIL NADU,116014,Tripuri,15,0,15
33,TAMIL NADU,117000,117 TULU,2636,331,2305
33,TAMIL NADU,117009,Tulu,2500,235,2265
33,TAMIL NADU,117999,117 Others,136,96,40
33,TAMIL NADU,118000,118 VAIPHEI,7,1,6
33,TAMIL NADU,118002,Vaiphei,7,1,6
33,TAMIL NADU,120000,120 YIMCHUNGRE,1,1,0
33,TAMIL NADU,120005,Yimchungre,1,1,0
33,TAMIL NADU,121000,121 ZELIANG,4,0,4
33,TAMIL NADU,121001,Zeliang,4,0,4
33,TAMIL NADU,122000,122 ZEMI,11,0,11
33,TAMIL NADU,122003,Zemi,11,0,11
33,TAMIL NADU,124000,124 OTHERS,16195,8261,7934
34,PUDUCHERRY,001000,1 ASSAMESE,90,16,74
34,PUDUCHERRY,001002,Assamese,90,16,74
34,PUDUCHERRY,002000,2 BENGALI,1509,77,1432
34,PUDUCHERRY,002007,Bengali,1509,77,1432
34,PUDUCHERRY,003000,3 BODO,4,0,4
34,PUDUCHERRY,003001,Bodo/Boro,4,0,4
34,PUDUCHERRY,004000,4 DOGRI,8,0,8
34,PUDUCHERRY,004001,Dogri,8,0,8
34,PUDUCHERRY,005000,5 GUJARATI,1428,20,1408
34,PUDUCHERRY,005018,Gujarati,808,3,805
34,PUDUCHERRY,005057,Saurashtra/Saurashtri,554,14,540
34,PUDUCHERRY,005999,5 Others,66,3,63
34,PUDUCHERRY,006000,6 HINDI,6403,908,5495
34,PUDUCHERRY,006030,Awadhi,1,1,0
34,PUDUCHERRY,006040,Baghati/Baghati Pahari,1,0,1
34,PUDUCHERRY,006042,Bagheli/Baghel Khandi,5,5,0
34,PUDUCHERRY,006066,Banjari,8,0,8
34,PUDUCHERRY,006102,Bhojpuri,24,3,21
34,PUDUCHERRY,006207,Gojri/Gujjari/Gujar,1,0,1
34,PUDUCHERRY,006235,Haryanvi,5,0,5
34,PUDUCHERRY,006240,Hindi,5848,835,5013
34,PUDUCHERRY,006353,Lamani/Lambadi,3,0,3
34,PUDUCHERRY,006400,Marwari,187,4,183
34,PUDUCHERRY,006489,Rajasthani,254,16,238
34,PUDUCHERRY,006503,Sadan/Sadri,6,4,2
34,PUDUCHERRY,006999,6 Others,60,40,20
34,PUDUCHERRY,007000,7 KANNADA,1870,160,1710
34,PUDUCHERRY,007002,Badaga,18,0,18
34,PUDUCHERRY,007016,Kannada,1768,159,1609
34,PUDUCHERRY,007041,Prakritha/Prakritha Bhasha,74,0,74
34,PUDUCHERRY,007999,7 Others,10,1,9
34,PUDUCHERRY,008000,8 KASHMIRI,30,0,30
34,PUDUCHERRY,008005,Kashmiri,30,0,30
34,PUDUCHERRY,009000,9 KONKANI,101,4,97
34,PUDUCHERRY,009011,Konkani,101,4,97
34,PUDUCHERRY,010000,10 MAITHILI,14,0,14
34,PUDUCHERRY,010008,Maithili,14,0,14
34,PUDUCHERRY,011000,11 MALAYALAM,47973,346,47627
34,PUDUCHERRY,011016,Malayalam,47973,346,47627
34,PUDUCHERRY,012000,12 MANIPURI,21,0,21
34,PUDUCHERRY,012003,Manipuri,21,0,21
34,PUDUCHERRY,013000,13 MARATHI,890,48,842
34,PUDUCHERRY,013071,Marathi,882,48,834
34,PUDUCHERRY,013999,13 Others,8,0,8
34,PUDUCHERRY,014000,14 NEPALI,431,102,329
34,PUDUCHERRY,014011,Nepali,431,102,329
34,PUDUCHERRY,015000,15 ODIA,1910,470,1440
34,PUDUCHERRY,015043,Odia,1910,470,1440
34,PUDUCHERRY,016000,16 PUNJABI,121,6,115
34,PUDUCHERRY,016038,Punjabi,121,6,115
34,PUDUCHERRY,017000,17 SANSKRIT,7,0,7
34,PUDUCHERRY,017002,Sanskrit,7,0,7
34,PUDUCHERRY,019000,19 SINDHI,94,0,94
34,PUDUCHERRY,019008,Kachchhi,9,0,9
34,PUDUCHERRY,019014,Sindhi,85,0,85
34,PUDUCHERRY,020000,20 TAMIL,1100976,389837,711139
34,PUDUCHERRY,020027,Tamil,1100976,389837,711139
34,PUDUCHERRY,021000,21 TELUGU,74347,2520,71827
34,PUDUCHERRY,021046,Telugu,74347,2520,71827
34,PUDUCHERRY,022000,22 URDU,8627,600,8027
34,PUDUCHERRY,022015,Urdu,8626,599,8027
34,PUDUCHERRY,022999,22 Others,1,1,0
34,PUDUCHERRY,023000,23 ADI,5,0,5
34,PUDUCHERRY,023003,Adi,5,0,5
34,PUDUCHERRY,028000,28 ARABIC/ARBI,49,8,41
34,PUDUCHERRY,028001,Arabic/Arbi,49,8,41
34,PUDUCHERRY,031000,31 BHOTIA,4,0,4
34,PUDUCHERRY,031999,31 Others,4,0,4
34,PUDUCHERRY,037000,37 COORGI/KODAGU,4,1,3
34,PUDUCHERRY,037001,Coorgi/Kodagu,4,1,3
34,PUDUCHERRY,040000,40 ENGLISH,518,15,503
34,PUDUCHERRY,040001,English,518,15,503
34,PUDUCHERRY,055000,55 KHASI,6,1,5
34,PUDUCHERRY,055007,Khasi,6,1,5
34,PUDUCHERRY,066000,66 KONYAK,1,1,0
34,PUDUCHERRY,066001,Konyak,1,1,0
34,PUDUCHERRY,071000,71 KUKI,5,0,5
34,PUDUCHERRY,071008,Kuki,5,0,5
34,PUDUCHERRY,072000,72 KURUKH/ORAON,12,3,9
34,PUDUCHERRY,072024,Kurukh/Oraon,12,3,9
34,PUDUCHERRY,075000,75 LAHNDA,1,0,1
34,PUDUCHERRY,075999,75 Others,1,0,1
34,PUDUCHERRY,082000,82 LUSHAI/MIZO,2,0,2
34,PUDUCHERRY,082005,Lushai/Mizo,2,0,2
34,PUDUCHERRY,085000,85 MARAM,2,0,2
34,PUDUCHERRY,085001,Maram,2,0,2
34,PUDUCHERRY,091000,91 MUNDA,16,3,13
34,PUDUCHERRY,091009,Munda,16,3,13
34,PUDUCHERRY,092000,92 MUNDARI,3,0,3
34,PUDUCHERRY,092005,Mundari,3,0,3
34,PUDUCHERRY,094000,94 NISSI/DAFLA,4,0,4
34,PUDUCHERRY,094001,Apatani,4,0,4
34,PUDUCHERRY,106000,106 SAVARA,8,0,8
34,PUDUCHERRY,106004,Savara,8,0,8
34,PUDUCHERRY,115000,115 TIBETAN,10,0,10
34,PUDUCHERRY,115008,Tibetan,10,0,10
34,PUDUCHERRY,117000,117 TULU,33,2,31
34,PUDUCHERRY,117009,Tulu,33,2,31
34,PUDUCHERRY,124000,124 OTHERS,416,52,364
35,ANDAMAN & NICOBAR ISLANDS,001000,1 ASSAMESE,115,34,81
35,ANDAMAN & NICOBAR ISLANDS,001002,Assamese,114,34,80
35,ANDAMAN & NICOBAR ISLANDS,001999,1 Others,1,0,1
35,ANDAMAN & NICOBAR ISLANDS,002000,2 BENGALI,108432,89825,18607
35,ANDAMAN & NICOBAR ISLANDS,002007,Bengali,108431,89824,18607
35,ANDAMAN & NICOBAR ISLANDS,002999,2 Others,1,1,0
35,ANDAMAN & NICOBAR ISLANDS,003000,3 BODO,5,2,3
35,ANDAMAN & NICOBAR ISLANDS,003001,Bodo/Boro,5,2,3
35,ANDAMAN & NICOBAR ISLANDS,004000,4 DOGRI,67,28,39
35,ANDAMAN & NICOBAR ISLANDS,004001,Dogri,67,28,39
35,ANDAMAN & NICOBAR ISLANDS,005000,5 GUJARATI,241,75,166
35,ANDAMAN & NICOBAR ISLANDS,005018,Gujarati,204,57,147
35,ANDAMAN & NICOBAR ISLANDS,005057,Saurashtra/Saurashtri,11,4,7
35,ANDAMAN & NICOBAR ISLANDS,005999,5 Others,26,14,12
35,ANDAMAN & NICOBAR ISLANDS,006000,6 HINDI,73424,42080,31344
35,ANDAMAN & NICOBAR ISLANDS,006030,Awadhi,12,6,6
35,ANDAMAN & NICOBAR ISLANDS,006102,Bhojpuri,1791,638,1153
35,ANDAMAN & NICOBAR ISLANDS,006123,Brajbhasha,18,9,9
35,ANDAMAN & NICOBAR ISLANDS,006125,Bundeli/Bundel khandi,4,3,1
35,ANDAMAN & NICOBAR ISLANDS,006142,Chhattisgarhi,4,4,0
35,ANDAMAN & NICOBAR ISLANDS,006195,Garhwali,65,28,37
35,ANDAMAN & NICOBAR ISLANDS,006232,Hara/Harauti,3,1,2
35,ANDAMAN & NICOBAR ISLANDS,006235,Haryanvi,258,115,143
35,ANDAMAN & NICOBAR ISLANDS,006240,Hindi,49134,22660,26474
35,ANDAMAN & NICOBAR ISLANDS,006311,Khari Boli,1,0,1
35,ANDAMAN & NICOBAR ISLANDS,006320,Khortha/Khotta,9,4,5
35,ANDAMAN & NICOBAR ISLANDS,006340,Kumauni,325,313,12
35,ANDAMAN & NICOBAR ISLANDS,006345,Kurmali Thar,2,0,2
35,ANDAMAN & NICOBAR ISLANDS,006376,Magadhi/Magahi,47,13,34
35,ANDAMAN & NICOBAR ISLANDS,006391,Malvi,1,1,0
35,ANDAMAN & NICOBAR ISLANDS,006400,Marwari,85,12,73
35,ANDAMAN & NICOBAR ISLANDS,006408,Mewari,2,2,0
35,ANDAMAN & NICOBAR ISLANDS,006409,Mewati,1,0,1
35,ANDAMAN & NICOBAR ISLANDS,006420,Nagpuria,1,1,0
35,ANDAMAN & NICOBAR ISLANDS,006439,Pahari,65,5,60
35,ANDAMAN & NICOBAR ISLANDS,006489,Rajasthani,181,111,70
35,ANDAMAN & NICOBAR ISLANDS,006503,Sadan/Sadri,21048,18046,3002
35,ANDAMAN & NICOBAR ISLANDS,006999,6 Others,367,108,259
35,ANDAMAN & NICOBAR ISLANDS,007000,7 KANNADA,239,61,178
35,ANDAMAN & NICOBAR ISLANDS,007002,Badaga,4,0,4
35,ANDAMAN & NICOBAR ISLANDS,007016,Kannada,235,61,174
35,ANDAMAN & NICOBAR ISLANDS,008000,8 KASHMIRI,34,13,21
35,ANDAMAN & NICOBAR ISLANDS,008005,Kashmiri,34,13,21
35,ANDAMAN & NICOBAR ISLANDS,009000,9 KONKANI,99,45,54
35,ANDAMAN & NICOBAR ISLANDS,009011,Konkani,59,17,42
35,ANDAMAN & NICOBAR ISLANDS,009013,Kudubi/Kudumbi,40,28,12
35,ANDAMAN & NICOBAR ISLANDS,010000,10 MAITHILI,134,14,120
35,ANDAMAN & NICOBAR ISLANDS,010008,Maithili,134,14,120
35,ANDAMAN & NICOBAR ISLANDS,011000,11 MALAYALAM,27475,14441,13034
35,ANDAMAN & NICOBAR ISLANDS,011016,Malayalam,27470,14440,13030
35,ANDAMAN & NICOBAR ISLANDS,011999,11 Others,5,1,4
35,ANDAMAN & NICOBAR ISLANDS,012000,12 MANIPURI,43,8,35
35,ANDAMAN & NICOBAR ISLANDS,012003,Manipuri,43,8,35
35,ANDAMAN & NICOBAR ISLANDS,013000,13 MARATHI,639,309,330
35,ANDAMAN & NICOBAR ISLANDS,013071,Marathi,606,281,325
35,ANDAMAN & NICOBAR ISLANDS,013999,13 Others,33,28,5
35,ANDAMAN & NICOBAR ISLANDS,014000,14 NEPALI,949,316,633
35,ANDAMAN & NICOBAR ISLANDS,014011,Nepali,949,316,633
35,ANDAMAN & NICOBAR ISLANDS,015000,15 ODIA,1106,468,638
35,ANDAMAN & NICOBAR ISLANDS,015043,Odia,1099,466,633
35,ANDAMAN & NICOBAR ISLANDS,015058,Sambalpuri,5,0,5
35,ANDAMAN & NICOBAR ISLANDS,015999,15 Others,2,2,0
35,ANDAMAN & NICOBAR ISLANDS,016000,16 PUNJABI,1565,728,837
35,ANDAMAN & NICOBAR ISLANDS,016002,Bagri,3,3,0
35,ANDAMAN & NICOBAR ISLANDS,016038,Punjabi,1511,678,833
35,ANDAMAN & NICOBAR ISLANDS,016999,16 Others,51,47,4
35,ANDAMAN & NICOBAR ISLANDS,017000,17 SANSKRIT,1,1,0
35,ANDAMAN & NICOBAR ISLANDS,017002,Sanskrit,1,1,0
35,ANDAMAN & NICOBAR ISLANDS,018000,18 SANTALI,307,261,46
35,ANDAMAN & NICOBAR ISLANDS,018011,Mahili,3,3,0
35,ANDAMAN & NICOBAR ISLANDS,018040,Santali,304,258,46
35,ANDAMAN & NICOBAR ISLANDS,019000,19 SINDHI,14,2,12
35,ANDAMAN & NICOBAR ISLANDS,019002,Bhatia,1,1,0
35,ANDAMAN & NICOBAR ISLANDS,019014,Sindhi,10,1,9
35,ANDAMAN & NICOBAR ISLANDS,019999,19 Others,3,0,3
35,ANDAMAN & NICOBAR ISLANDS,020000,20 TAMIL,57830,22653,35177
35,ANDAMAN & NICOBAR ISLANDS,020027,Tamil,57830,22653,35177
35,ANDAMAN & NICOBAR ISLANDS,021000,21 TELUGU,50404,17433,32971
35,ANDAMAN & NICOBAR ISLANDS,021046,Telugu,50394,17431,32963
35,ANDAMAN & NICOBAR ISLANDS,021999,21 Others,10,2,8
35,ANDAMAN & NICOBAR ISLANDS,022000,22 URDU,1277,181,1096
35,ANDAMAN & NICOBAR ISLANDS,022015,Urdu,1266,175,1091
35,ANDAMAN & NICOBAR ISLANDS,022016,Bhansari,3,2,1
35,ANDAMAN & NICOBAR ISLANDS,022999,22 Others,8,4,4
35,ANDAMAN & NICOBAR ISLANDS,026000,26 ANGAMI,1,0,1
35,ANDAMAN & NICOBAR ISLANDS,026002,Angami,1,0,1
35,ANDAMAN & NICOBAR ISLANDS,028000,28 ARABIC/ARBI,4,1,3
35,ANDAMAN & NICOBAR ISLANDS,028001,Arabic/Arbi,4,1,3
35,ANDAMAN & NICOBAR ISLANDS,030000,30 BHILI/BHILODI,3,2,1
35,ANDAMAN & NICOBAR ISLANDS,030066,Paradhi,1,0,1
35,ANDAMAN & NICOBAR ISLANDS,030999,30 Others,2,2,0
35,ANDAMAN & NICOBAR ISLANDS,031000,31 BHOTIA,1,0,1
35,ANDAMAN & NICOBAR ISLANDS,031001,Bhotia,1,0,1
35,ANDAMAN & NICOBAR ISLANDS,032000,32 BHUMIJ,378,378,0
35,ANDAMAN & NICOBAR ISLANDS,032999,32 Others,378,378,0
35,ANDAMAN & NICOBAR ISLANDS,035000,35 CHAKRU/CHOKRI,5,0,5
35,ANDAMAN & NICOBAR ISLANDS,035001,Chakru/Chokri,5,0,5
35,ANDAMAN & NICOBAR ISLANDS,037000,37 COORGI/KODAGU,26,14,12
35,ANDAMAN & NICOBAR ISLANDS,037001,Coorgi/Kodagu,26,14,12
35,ANDAMAN & NICOBAR ISLANDS,039000,39 DIMASA,2,0,2
35,ANDAMAN & NICOBAR ISLANDS,039999,39 Others,2,0,2
35,ANDAMAN & NICOBAR ISLANDS,040000,40 ENGLISH,69,36,33
35,ANDAMAN & NICOBAR ISLANDS,040001,English,69,36,33
35,ANDAMAN & NICOBAR ISLANDS,043000,43 GARO,1,1,0
35,ANDAMAN & NICOBAR ISLANDS,043005,Garo,1,1,0
35,ANDAMAN & NICOBAR ISLANDS,044000,44 GONDI,4,1,3
35,ANDAMAN & NICOBAR ISLANDS,044007,Gondi,1,0,1
35,ANDAMAN & NICOBAR ISLANDS,044999,44 Others,3,1,2
35,ANDAMAN & NICOBAR ISLANDS,048000,48 HO,3,3,0
35,ANDAMAN & NICOBAR ISLANDS,048007,Lohara,3,3,0
35,ANDAMAN & NICOBAR ISLANDS,052000,52 KARBI/MIKIR,1,0,1
35,ANDAMAN & NICOBAR ISLANDS,052002,Karbi/Mikir,1,0,1
35,ANDAMAN & NICOBAR ISLANDS,054000,54 KHARIA,4069,3150,919
35,ANDAMAN & NICOBAR ISLANDS,054005,Kharia,4069,3150,919
35,ANDAMAN & NICOBAR ISLANDS,055000,55 KHASI,10,3,7
35,ANDAMAN & NICOBAR ISLANDS,055007,Khasi,8,3,5
35,ANDAMAN & NICOBAR ISLANDS,055012,Pnar/Synteng,2,0,2
35,ANDAMAN & NICOBAR ISLANDS,058000,58 KHOND/KONDH,1,0,1
35,ANDAMAN & NICOBAR ISLANDS,058001,Khond/Kondh,1,0,1
35,ANDAMAN & NICOBAR ISLANDS,060000,60 KISAN,1,0,1
35,ANDAMAN & NICOBAR ISLANDS,060002,Kisan,1,0,1
35,ANDAMAN & NICOBAR ISLANDS,067000,67 KORKU,1,1,0
35,ANDAMAN & NICOBAR ISLANDS,067001,Korku,1,1,0
35,ANDAMAN & NICOBAR ISLANDS,071000,71 KUKI,5,1,4
35,ANDAMAN & NICOBAR ISLANDS,071008,Kuki,5,1,4
35,ANDAMAN & NICOBAR ISLANDS,072000,72 KURUKH/ORAON,15064,11656,3408
35,ANDAMAN & NICOBAR ISLANDS,072024,Kurukh/Oraon,15063,11655,3408
35,ANDAMAN & NICOBAR ISLANDS,072999,72 Others,1,1,0
35,ANDAMAN & NICOBAR ISLANDS,076000,76 LAKHER,1,0,1
35,ANDAMAN & NICOBAR ISLANDS,076002,Mara,1,0,1
35,ANDAMAN & NICOBAR ISLANDS,078000,78 LEPCHA,1,0,1
35,ANDAMAN & NICOBAR ISLANDS,078001,Lepcha,1,0,1
35,ANDAMAN & NICOBAR ISLANDS,081000,81 LOTHA,6,5,1
35,ANDAMAN & NICOBAR ISLANDS,081001,Lotha,6,5,1
35,ANDAMAN & NICOBAR ISLANDS,082000,82 LUSHAI/MIZO,11,8,3
35,ANDAMAN & NICOBAR ISLANDS,082005,Lushai/Mizo,11,8,3
35,ANDAMAN & NICOBAR ISLANDS,084000,84 MAO,2,1,1
35,ANDAMAN & NICOBAR ISLANDS,084001,Mao,1,0,1
35,ANDAMAN & NICOBAR ISLANDS,084003,Paola,1,1,0
35,ANDAMAN & NICOBAR ISLANDS,086000,86 MARING,1,0,1
35,ANDAMAN & NICOBAR ISLANDS,086001,Maring,1,0,1
35,ANDAMAN & NICOBAR ISLANDS,091000,91 MUNDA,3797,2580,1217
35,ANDAMAN & NICOBAR ISLANDS,091009,Munda,3792,2580,1212
35,ANDAMAN & NICOBAR ISLANDS,091999,91 Others,5,0,5
35,ANDAMAN & NICOBAR ISLANDS,092000,92 MUNDARI,833,583,250
35,ANDAMAN & NICOBAR ISLANDS,092005,Mundari,833,583,250
35,ANDAMAN & NICOBAR ISLANDS,093000,93 NICOBARESE,28912,26918,1994
35,ANDAMAN & NICOBAR ISLANDS,093001,Nicobarese,28912,26918,1994
35,ANDAMAN & NICOBAR ISLANDS,096000,96 PAITE,1,1,0
35,ANDAMAN & NICOBAR ISLANDS,096002,Paite,1,1,0
35,ANDAMAN & NICOBAR ISLANDS,100000,100 PHOM,2,0,2
35,ANDAMAN & NICOBAR ISLANDS,100001,Phom,2,0,2
35,ANDAMAN & NICOBAR ISLANDS,103000,103 RAI,1,1,0
35,ANDAMAN & NICOBAR ISLANDS,103999,103 Others,1,1,0
35,ANDAMAN & NICOBAR ISLANDS,106000,106 SAVARA,9,0,9
35,ANDAMAN & NICOBAR ISLANDS,106004,Savara,9,0,9
35,ANDAMAN & NICOBAR ISLANDS,114000,114 THADO,4,1,3
35,ANDAMAN & NICOBAR ISLANDS,114015,Thado,4,1,3
35,ANDAMAN & NICOBAR ISLANDS,115000,115 TIBETAN,1,0,1
35,ANDAMAN & NICOBAR ISLANDS,115008,Tibetan,1,0,1
35,ANDAMAN & NICOBAR ISLANDS,116000,116 TRIPURI,26,20,6
35,ANDAMAN & NICOBAR ISLANDS,116007,Kokbarak,26,20,6
35,ANDAMAN & NICOBAR ISLANDS,118000,118 VAIPHEI,5,2,3
35,ANDAMAN & NICOBAR ISLANDS,118002,Vaiphei,5,2,3
35,ANDAMAN & NICOBAR ISLANDS,122000,122 ZEMI,2,1,1
35,ANDAMAN & NICOBAR ISLANDS,122003,Zemi,2,1,1
35,ANDAMAN & NICOBAR ISLANDS,123000,123 ZOU,2,0,2
35,ANDAMAN & NICOBAR ISLANDS,123001,Zou,2,0,2
35,ANDAMAN & NICOBAR ISLANDS,124000,124 OTHERS,2915,2747,168
